Número_caso,Estado,Sexo,Edad,Fecha_síntomas,Situación,País_fuente,Fecha_regreso
1,CIUDAD DE MÉXICO,M,35,2020-02-22,confirmado,Italia,2020-02-22
2,SINALOA,M,41,2020-02-22,confirmado,Italia,2020-02-21
3,CIUDAD DE MÉXICO,M,59,2020-02-23,confirmado,Italia,2020-02-22
4,COAHUILA,F,20,2020-02-27,confirmado,Italia,2020-02-25
5,CHIAPAS,F,18,2020-02-25,confirmado,Italia,2020-02-25
6,MÉXICO,M,71,2020-02-21,confirmado,Italia,2020-02-21
7,CIUDAD DE MÉXICO,M,46,2020-02-29,confirmado,Estados Unidos,2020-02-29
8,QUERÉTARO,M,43,2020-03-09,confirmado,España,2020-03-06
9,CIUDAD DE MÉXICO,M,41,2020-03-07,confirmado,Estados Unidos,2020-03-06
10,CIUDAD DE MÉXICO,F,30,2020-03-07,confirmado,España,2020-03-06
11,MÉXICO,F,64,2020-03-02,confirmado,Estados Unidos,2020-02-29
12,NUEVO LEÓN,M,57,2020-03-04,confirmado,Alemania,2020-03-03
13,MÉXICO,F,55,2020-03-09,confirmado,España,2020-03-09
14,DURANGO,M,58,2020-03-06,confirmado,España,2020-02-28
15,QUERÉTARO,F,65,2020-03-10,confirmado,Contacto,NA
16,QUERÉTARO,M,42,2020-03-05,confirmado,Italia,2020-03-05
17,CIUDAD DE MÉXICO,M,48,2020-03-10,confirmado,España,2020-03-09
18,CIUDAD DE MÉXICO,M,38,2020-03-10,confirmado,España,2020-03-09
19,QUERÉTARO,F,43,2020-03-11,confirmado,Contacto,NA
20,PUEBLA,M,31,2020-03-05,confirmado,España,2020-03-09
21,CIUDAD DE MÉXICO,M,37,2020-03-11,confirmado,Italia,2020-03-11
22,YUCATÁN,F,57,2020-03-07,confirmado,España,2020-03-06
23,CIUDAD DE MÉXICO,M,52,2020-03-08,confirmado,España,2020-03-08
24,CIUDAD DE MÉXICO,M,64,2020-03-10,confirmado,Contacto,2020-03-10
25,CIUDAD DE MÉXICO,M,68,2020-03-04,confirmado,España,2020-03-10
26,QUINTANA ROO,F,71,2020-03-01,confirmado,Italia,2020-03-01
27,SAN LUIS POTOSÍ,F,53,2020-03-11,confirmado,España,2020-03-10
28,NUEVO LEÓN,M,73,2020-03-09,confirmado,Estados Unidos,2020-03-10
29,NUEVO LEÓN,M,30,2020-03-09,confirmado,España,2020-03-07
30,PUEBLA,M,31,2020-03-09,confirmado,España,2020-03-08
31,CIUDAD DE MÉXICO,F,33,2020-03-10,confirmado,Francia,2020-03-08
32,JALISCO,F,54,2020-03-10,confirmado,España,2020-03-04
33,JALISCO,F,64,2020-03-01,confirmado,Alemania,2020-03-09
34,MÉXICO,M,61,2020-03-09,confirmado,Estados Unidos,2020-03-03
35,CIUDAD DE MÉXICO,M,45,2020-03-07,confirmado,España,2020-03-09
36,CIUDAD DE MÉXICO,F,62,2020-03-11,confirmado,Estados Unidos,2020-03-08
37,CIUDAD DE MÉXICO,M,72,2020-03-09,confirmado,Estados Unidos,2020-03-07
38,CIUDAD DE MÉXICO,M,41,2020-03-10,confirmado,España,2020-03-08
39,PUEBLA,M,30,2020-03-09,confirmado,España,2020-03-09
40,CIUDAD DE MÉXICO,M,38,2020-03-11,confirmado,Contacto,NA
41,OAXACA,F,30,2020-03-09,confirmado,España,2020-03-09
42,SINALOA,M,25,2020-03-09,confirmado,Estados Unidos,2020-03-13
43,SAN LUIS POTOSÍ,F,23,2020-03-07,confirmado,España,2020-03-10
44,QUERÉTARO,F,54,2020-03-10,confirmado,España,2020-03-10
45,OAXACA,M,61,2020-03-10,confirmado,Estados Unidos,2020-03-10
46,QUERÉTARO,F,55,2020-03-10,confirmado,España,2020-03-10
47,NUEVO LEÓN,M,27,2020-03-11,confirmado,España,2020-03-13
48,NUEVO LEÓN,M,46,2020-03-06,confirmado,Estados Unidos,2020-03-03
49,CIUDAD DE MÉXICO,F,49,2020-03-09,confirmado,España,2020-03-09
50,CIUDAD DE MÉXICO,M,50,2020-03-10,confirmado,Estados Unidos,2020-03-10
51,CIUDAD DE MÉXICO,M,41,2020-03-10,confirmado,España,2020-03-11
52,CIUDAD DE MÉXICO,M,66,2020-03-08,confirmado,Estados Unidos,2020-03-06
53,CIUDAD DE MÉXICO,F,63,2020-03-09,confirmado,Estados Unidos,2020-03-06
54,CIUDAD DE MÉXICO,M,53,2020-03-09,confirmado,Francia,2020-02-28
55,CIUDAD DE MÉXICO,F,30,2020-03-11,confirmado,España,2020-03-11
56,CIUDAD DE MÉXICO,F,49,2020-03-13,confirmado,España,2020-03-13
57,GUERRERO,M,32,2020-03-12,confirmado,Contacto,NA
58,DURANGO,M,32,2020-03-11,confirmado,Alemania,2020-03-11
59,GUERRERO,F,22,2020-03-09,confirmado,España,2020-03-12
60,PUEBLA,F,27,2020-03-05,confirmado,España,2020-03-09
61,CIUDAD DE MÉXICO,F,70,2020-03-07,confirmado,Estados Unidos,2020-03-08
62,CIUDAD DE MÉXICO,M,32,2020-03-10,confirmado,Contacto,NA
63,CIUDAD DE MÉXICO,M,59,2020-03-07,confirmado,España,2020-03-04
64,CIUDAD DE MÉXICO,M,70,2020-03-09,confirmado,Estados Unidos,2020-03-08
65,DURANGO,F,38,2020-03-09,confirmado,España,2020-03-12
66,AGUASCALIENTES,M,25,2020-03-14,confirmado,España,2020-03-12
67,PUEBLA,F,31,2020-03-10,confirmado,Contacto,NA
68,QUERÉTARO,F,45,2020-03-13,confirmado,España,2020-03-10
69,MÉXICO,M,27,2020-03-13,confirmado,Contacto,NA
70,MÉXICO,F,47,2020-03-05,confirmado,Estados Unidos,2020-02-29
71,MÉXICO,F,59,2020-03-07,confirmado,Francia,2020-03-08
72,CIUDAD DE MÉXICO,M,41,2020-03-09,confirmado,Contacto,NA
73,GUANAJUATO,M,39,2020-03-12,confirmado,Alemania,2020-03-10
74,NUEVO LEÓN,M,72,2020-03-11,confirmado,Estados Unidos,2020-03-10
75,CHIHUAHUA,M,29,2020-03-12,confirmado,Alemania,2020-03-12
76,QUINTANA ROO,F,50,2020-03-08,confirmado,España,2020-03-11
77,QUINTANA ROO,F,19,2020-03-13,confirmado,España,2020-03-11
78,QUINTANA ROO,M,44,2020-03-11,confirmado,Contacto,NA
79,MÉXICO,F,49,2020-03-13,confirmado,España,2020-03-13
80,PUEBLA,M,32,2020-03-11,confirmado,Estados Unidos,2020-03-07
81,NUEVO LEÓN,F,74,2020-03-09,confirmado,España,2020-03-12
82,NUEVO LEÓN,F,80,2020-03-09,confirmado,España,2020-03-12
83,NUEVO LEÓN,M,71,2020-03-07,confirmado,Estados Unidos,2020-03-10
84,NUEVO LEÓN,M,53,2020-03-09,confirmado,España,2020-03-10
85,NUEVO LEÓN,M,42,2020-03-02,confirmado,Estados Unidos,2020-03-02
86,MÉXICO,M,45,2020-03-11,confirmado,Estados Unidos,2020-03-01
87,NUEVO LEÓN,M,33,2020-03-09,confirmado,Estados Unidos,2020-03-12
88,NUEVO LEÓN,F,27,2020-03-12,confirmado,Estados Unidos,2020-03-12
89,YUCATÁN,F,31,2020-03-08,confirmado,Francia,2020-03-10
90,YUCATÁN,M,21,2020-03-13,confirmado,España,2020-03-13
91,TAMAULIPAS,M,55,2020-03-13,confirmado,Singapur,2020-03-11
92,PUEBLA,F,27,2020-03-09,confirmado,España,2020-03-09
93,PUEBLA,M,31,2020-03-09,confirmado,España,2020-03-09
94,YUCATÁN,F,54,2020-03-11,confirmado,España,2020-03-08
95,SONORA,M,72,2020-03-11,confirmado,Estados Unidos,2020-03-11
96,JALISCO,M,49,2020-03-06,confirmado,España,2020-03-04
97,JALISCO,M,41,2020-03-10,confirmado,Estados Unidos,2020-02-29
98,JALISCO,F,56,2020-03-11,confirmado,Contacto,NA
99,YUCATÁN,M,37,2020-03-09,confirmado,Estados Unidos,2020-03-06
100,NUEVO LEÓN,M,19,2020-03-07,confirmado,Contacto,2020-03-10
101,NUEVO LEÓN,M,34,2020-03-12,confirmado,Estados Unidos,2020-03-07
102,NUEVO LEÓN,M,41,2020-03-10,confirmado,Estados Unidos,2020-03-07
103,NUEVO LEÓN,M,46,2020-03-11,confirmado,Estados Unidos,2020-03-09
104,NUEVO LEÓN,M,21,2020-03-14,confirmado,España,2020-03-15
105,NUEVO LEÓN,M,21,2020-03-15,confirmado,España,2020-03-13
106,YUCATÁN,F,21,2020-03-13,confirmado,España,2020-03-13
107,YUCATÁN,M,25,2020-03-11,confirmado,España,2020-03-15
108,JALISCO,F,36,2020-03-10,confirmado,Contacto,NA
109,MÉXICO,M,39,2020-03-14,confirmado,Contacto,NA
110,MÉXICO,M,45,2020-03-13,confirmado,Contacto,NA
111,MÉXICO,F,22,2020-03-16,confirmado,España,2020-03-15
112,MÉXICO,F,24,2020-03-09,confirmado,Contacto,2020-03-08
113,MÉXICO,M,75,2020-03-06,confirmado,Contacto,NA
114,CIUDAD DE MÉXICO,M,53,2020-03-09,confirmado,España,2020-03-09
115,CIUDAD DE MÉXICO,F,53,2020-03-06,confirmado,España,2020-03-09
116,MÉXICO,M,56,2020-03-07,confirmado,Estados Unidos,2020-03-05
117,VERACRUZ,F,21,2020-03-03,confirmado,España,2020-03-12
118,MÉXICO,M,61,2020-03-08,confirmado,España,2020-03-08
119,MÉXICO,M,21,2020-03-07,confirmado,España,2020-03-13
120,MÉXICO,F,23,2020-03-07,confirmado,España,2020-03-13
121,VERACRUZ,M,24,2020-03-14,confirmado,España,2020-03-14
122,MÉXICO,M,55,2020-03-09,confirmado,Estados Unidos,2020-03-09
123,MÉXICO,M,31,2020-03-13,confirmado,España,2020-03-13
124,SAN LUIS POTOSÍ,M,32,2020-03-14,confirmado,España,2020-03-14
125,PUEBLA,M,25,2020-03-10,confirmado,España,2020-03-09
126,YUCATÁN,F,26,2020-03-08,confirmado,España,2020-03-14
127,COLIMA,M,46,2020-03-15,confirmado,Alemania,2020-03-13
128,BAJA CALIFORNIA,F,54,2020-03-11,confirmado,Estados Unidos,2020-03-02
129,BAJA CALIFORNIA,F,57,2020-03-13,confirmado,Contacto,2020-03-16
130,CIUDAD DE MÉXICO,M,47,2020-03-12,confirmado,Estados Unidos,2020-03-12
131,CIUDAD DE MÉXICO,M,43,2020-03-14,confirmado,Estados Unidos,2020-03-12
132,HIDALGO,M,39,2020-03-07,confirmado,Francia,2020-03-06
133,SONORA,M,44,2020-03-12,confirmado,Italia,2020-03-10
134,TABASCO,F,61,2020-03-14,confirmado,Francia,2020-03-16
135,PUEBLA,M,64,2020-03-08,confirmado,Estados Unidos,2020-03-08
136,SINALOA,F,25,2020-03-15,confirmado,Estados Unidos,2020-03-17
137,HIDALGO,M,43,2020-03-08,confirmado,Estados Unidos,2020-02-10
138,SAN LUIS POTOSÍ,M,39,2020-03-16,confirmado,España,2020-03-14
139,SAN LUIS POTOSÍ,M,31,2020-03-15,confirmado,Francia,2020-03-14
140,SAN LUIS POTOSÍ,M,44,2020-03-16,confirmado,España,2020-03-16
141,SAN LUIS POTOSÍ,F,63,2020-03-15,confirmado,España,2020-03-17
142,CIUDAD DE MÉXICO,M,28,2020-03-16,confirmado,Contacto,NA
143,PUEBLA,F,24,2020-03-16,confirmado,Contacto,NA
144,CHIAPAS,M,63,2020-03-23,confirmado,Estados Unidos,2020-03-11
145,CIUDAD DE MÉXICO,M,35,2020-03-10,confirmado,Estados Unidos,2020-03-10
146,CIUDAD DE MÉXICO,M,29,2020-03-10,confirmado,España,2020-03-15
147,GUANAJUATO,F,18,2020-03-10,confirmado,Estados Unidos,2020-03-13
148,TAMAULIPAS,F,23,2020-03-16,confirmado,España,2020-03-12
149,QUINTANA ROO,M,17,2020-03-09,confirmado,Estados Unidos,2020-03-09
150,QUINTANA ROO,M,39,2020-03-16,confirmado,Italia,2020-03-01
151,GUERRERO,M,79,2020-03-15,confirmado,España,2020-03-13
152,GUANAJUATO,F,27,2020-03-14,confirmado,España,2020-03-14
153,GUANAJUATO,F,52,2020-03-12,confirmado,España,2020-03-14
154,QUINTANA ROO,M,42,2020-03-14,confirmado,España,2020-03-13
155,QUERÉTARO,M,25,2020-03-08,confirmado,España,2020-03-16
156,MÉXICO,F,52,2020-03-10,confirmado,España,2020-03-12
157,YUCATÁN,F,27,2020-03-13,confirmado,Contacto,NA
158,YUCATÁN,M,51,2020-03-14,confirmado,Contacto,NA
159,BAJA CALIFORNIA,M,72,2020-03-09,confirmado,Estados Unidos,2020-03-10
160,YUCATÁN,M,32,2020-03-11,confirmado,Estados Unidos,NA
161,YUCATÁN,M,30,2020-03-16,confirmado,España,2020-03-11
162,YUCATÁN,M,45,2020-03-13,confirmado,Estados Unidos,2020-03-13
163,QUINTANA ROO,M,45,2020-03-15,confirmado,Estados Unidos,2020-03-15
164,JALISCO,M,54,2020-03-13,confirmado,Contacto,NA
165,JALISCO,M,27,2020-03-13,confirmado,España,2020-03-15
166,QUINTANA ROO,F,22,2020-03-16,confirmado,España,2020-03-16
167,JALISCO,F,49,2020-03-12,confirmado,España,2020-03-09
168,JALISCO,M,19,2020-03-16,confirmado,España,2020-03-13
169,GUERRERO,F,38,2020-03-13,confirmado,Estados Unidos,2020-03-01
170,CIUDAD DE MÉXICO,M,46,2020-03-12,confirmado,Estados Unidos,2020-03-10
171,CIUDAD DE MÉXICO,M,35,2020-03-11,confirmado,Estados Unidos,2020-03-05
172,AGUASCALIENTES,M,70,2020-03-15,confirmado,Estados Unidos,2020-03-13
173,CIUDAD DE MÉXICO,M,59,2020-03-13,confirmado,Contacto,NA
174,AGUASCALIENTES,M,50,2020-03-16,confirmado,España,2020-03-17
175,VERACRUZ,F,64,2020-03-18,confirmado,España,2020-03-15
176,NUEVO LEÓN,M,35,2020-03-09,confirmado,Estados Unidos,2020-03-09
177,NUEVO LEÓN,M,42,2020-03-16,confirmado,Contacto,NA
178,DURANGO,M,74,2020-03-15,confirmado,Estados Unidos,2020-03-03
179,MORELOS,M,37,2020-03-14,confirmado,Estados Unidos,2020-03-07
180,QUERÉTARO,M,34,2020-03-15,confirmado,Francia,2020-03-15
181,VERACRUZ,F,63,2020-03-14,confirmado,España,2020-03-13
182,NUEVO LEÓN,F,29,2020-03-13,confirmado,España,2020-03-14
183,MORELOS,F,54,2020-03-17,confirmado,Estados Unidos,2020-03-17
184,JALISCO,F,73,2020-03-14,confirmado,Contacto,NA
185,JALISCO,M,52,2020-03-14,confirmado,Estados Unidos,2020-03-14
186,JALISCO,M,50,2020-03-04,confirmado,Estados Unidos,2020-03-07
187,QUINTANA ROO,M,35,2020-03-15,confirmado,Alemania,2020-03-14
188,QUINTANA ROO,F,30,2020-03-14,confirmado,Estados Unidos,2020-03-14
189,NUEVO LEÓN,M,28,2020-03-14,confirmado,Estados Unidos,2020-03-12
190,AGUASCALIENTES,M,42,2020-03-10,confirmado,España,2020-03-11
191,NUEVO LEÓN,F,48,2020-03-11,confirmado,España,2020-03-13
192,JALISCO,F,19,2020-03-11,confirmado,Estados Unidos,2020-03-07
193,JALISCO,F,29,2020-03-14,confirmado,Estados Unidos,2020-03-07
194,JALISCO,M,41,2020-03-08,confirmado,Estados Unidos,2020-03-09
195,JALISCO,M,54,2020-03-07,confirmado,Estados Unidos,2020-03-07
196,JALISCO,F,62,2020-03-09,confirmado,Estados Unidos,2020-02-23
197,JALISCO,M,42,2020-03-12,confirmado,Estados Unidos,2020-03-11
198,JALISCO,M,49,2020-03-13,confirmado,Estados Unidos,2020-03-08
199,JALISCO,M,29,2020-03-08,confirmado,Estados Unidos,2020-03-07
200,JALISCO,M,19,2020-03-14,confirmado,España,2020-03-13
201,JALISCO,M,63,2020-03-14,confirmado,Estados Unidos,2020-03-14
202,JALISCO,F,35,2020-03-11,confirmado,Italia,2020-03-14
203,JALISCO,M,44,2020-03-11,confirmado,Italia,2020-03-11
204,PUEBLA,F,32,2020-03-15,confirmado,España,2020-03-15
205,CHIAPAS,M,47,2020-03-14,confirmado,Alemania,2020-03-13
206,QUERÉTARO,M,51,2020-03-16,confirmado,Estados Unidos,2020-03-15
207,MÉXICO,F,33,2020-03-15,confirmado,España,2020-03-05
208,MÉXICO,M,31,2020-03-03,confirmado,España,2020-03-01
209,BAJA CALIFORNIA,M,62,2020-03-17,confirmado,Contacto,NA
210,QUERÉTARO,M,34,2020-03-18,confirmado,Francia,2020-03-16
211,CIUDAD DE MÉXICO,F,38,2020-03-14,confirmado,Contacto,NA
212,MÉXICO,M,55,2020-03-11,confirmado,Contacto,NA
213,NUEVO LEÓN,M,53,2020-03-17,confirmado,Contacto,NA
214,NUEVO LEÓN,M,58,2020-03-15,confirmado,España,2020-03-14
215,NUEVO LEÓN,M,61,2020-03-15,confirmado,España,2020-03-14
216,NUEVO LEÓN,F,59,2020-03-17,confirmado,Contacto,NA
217,TABASCO,M,46,2020-03-09,confirmado,Estados Unidos,2020-03-11
218,JALISCO,F,75,2020-03-08,confirmado,Estados Unidos,2020-03-14
219,JALISCO,M,80,2020-03-14,confirmado,Estados Unidos,2020-03-14
220,NUEVO LEÓN,F,31,2020-03-10,confirmado,Contacto,2020-03-10
221,CIUDAD DE MÉXICO,M,38,2020-03-10,confirmado,Estados Unidos,2020-03-07
222,CIUDAD DE MÉXICO,F,35,2020-03-09,confirmado,Contacto,NA
223,CIUDAD DE MÉXICO,M,61,2020-03-16,confirmado,España,2020-03-11
224,CIUDAD DE MÉXICO,F,37,2020-03-14,confirmado,Contacto,NA
225,CIUDAD DE MÉXICO,M,43,2020-03-13,confirmado,Contacto,NA
226,BAJA CALIFORNIA,M,26,2020-03-15,confirmado,Francia,2020-03-13
227,HIDALGO,F,57,2020-03-14,confirmado,España,2020-03-16
228,PUEBLA,M,21,2020-03-17,confirmado,España,2020-03-15
229,BAJA CALIFORNIA,F,34,2020-03-11,confirmado,Estados Unidos,2020-03-08
230,CIUDAD DE MÉXICO,M,0,2020-03-16,confirmado,Contacto,NA
231,PUEBLA,M,56,2020-03-14,confirmado,Estados Unidos,2020-03-07
232,NAYARIT,F,48,2020-03-17,confirmado,España,2020-03-17
233,PUEBLA,M,24,2020-03-14,confirmado,Estados Unidos,2020-03-07
234,CHIHUAHUA,F,18,2020-03-15,confirmado,Estados Unidos,2020-03-14
235,BAJA CALIFORNIA,M,39,2020-03-17,confirmado,Contacto,NA
236,QUERÉTARO,F,29,2020-03-10,confirmado,Estados Unidos,2020-03-01
237,JALISCO,M,77,2020-03-13,confirmado,Contacto,NA
238,TABASCO,M,33,2020-03-14,confirmado,España,2020-03-18
239,AGUASCALIENTES,M,44,2020-03-17,confirmado,España,2020-03-17
240,JALISCO,M,20,2020-03-17,confirmado,Contacto,NA
241,ZACATECAS,M,38,2020-03-08,confirmado,Contacto,NA
242,QUERÉTARO,M,29,2020-03-18,confirmado,España,2020-03-16
243,CIUDAD DE MÉXICO,M,33,2020-03-11,confirmado,Contacto,NA
244,NUEVO LEÓN,M,32,2020-03-15,confirmado,Estados Unidos,2020-03-16
245,NUEVO LEÓN,F,27,2020-03-18,confirmado,Estados Unidos,2020-03-14
246,NUEVO LEÓN,M,35,2020-03-17,confirmado,Estados Unidos,2020-03-15
247,PUEBLA,F,30,2020-03-16,confirmado,Estados Unidos,2020-03-15
248,CIUDAD DE MÉXICO,M,27,2020-03-15,confirmado,Francia,2020-03-15
249,MÉXICO,M,43,2020-03-09,confirmado,España,2020-03-13
250,CIUDAD DE MÉXICO,M,47,2020-03-06,confirmado,Estados Unidos,2020-03-02
251,CIUDAD DE MÉXICO,M,43,2020-03-14,confirmado,Contacto,NA
252,CIUDAD DE MÉXICO,M,71,2020-03-04,confirmado,España,2020-03-14
253,CIUDAD DE MÉXICO,F,25,2020-03-09,confirmado,España,2020-03-13
254,CIUDAD DE MÉXICO,M,43,2020-03-08,confirmado,España,2020-03-04
255,CIUDAD DE MÉXICO,F,31,2020-03-03,confirmado,Alemania,2020-03-09
256,VERACRUZ,M,31,2020-03-16,confirmado,España,2020-03-13
257,QUERÉTARO,M,29,2020-03-16,confirmado,Contacto,NA
258,DURANGO,F,68,2020-03-18,confirmado,Contacto,NA
259,BAJA CALIFORNIA,F,26,2020-03-13,confirmado,Estados Unidos,2020-03-16
260,SAN LUIS POTOSÍ,F,20,2020-03-09,confirmado,España,2020-03-17
261,CIUDAD DE MÉXICO,F,54,2020-03-15,confirmado,Contacto,NA
262,JALISCO,M,58,2020-03-17,confirmado,Estados Unidos,2020-03-04
263,BAJA CALIFORNIA,M,35,2020-03-18,confirmado,Estados Unidos,2020-03-16
264,VERACRUZ,F,35,2020-03-14,confirmado,Estados Unidos,2020-03-13
265,JALISCO,M,53,2020-03-17,confirmado,Contacto,NA
266,VERACRUZ,M,27,2020-03-17,confirmado,Contacto,2020-03-16
267,QUINTANA ROO,M,51,2020-03-11,confirmado,España,2020-03-16
268,TAMAULIPAS,F,33,2020-03-16,confirmado,Francia,2020-03-07
269,SAN LUIS POTOSÍ,M,46,2020-03-12,confirmado,Estados Unidos,2020-03-12
270,CIUDAD DE MÉXICO,M,42,2020-03-06,confirmado,Contacto,NA
271,CIUDAD DE MÉXICO,F,35,2020-03-16,confirmado,Estados Unidos,2020-03-09
272,JALISCO,M,29,2020-03-17,confirmado,Singapur,2020-03-09
273,TABASCO,F,37,2020-03-10,confirmado,Estados Unidos,2020-03-11
274,CIUDAD DE MÉXICO,M,47,2020-03-14,confirmado,España,2020-03-16
275,CIUDAD DE MÉXICO,M,34,2020-03-14,confirmado,Francia,2020-03-12
276,JALISCO,M,55,2020-03-09,confirmado,España,2020-03-12
277,CIUDAD DE MÉXICO,F,40,2020-03-18,confirmado,Contacto,NA
278,JALISCO,M,58,2020-03-17,confirmado,Contacto,NA
279,BAJA CALIFORNIA SUR,M,48,2020-03-16,confirmado,Estados Unidos,2020-03-14
280,COAHUILA,F,41,2020-03-18,confirmado,España,2020-03-14
281,CHIHUAHUA,M,47,2020-03-18,confirmado,Estados Unidos,2020-03-13
282,CIUDAD DE MÉXICO,F,48,2020-03-13,confirmado,Contacto,NA
283,CIUDAD DE MÉXICO,M,35,2020-03-08,confirmado,España,2020-03-08
284,COAHUILA,M,29,2020-03-17,confirmado,Estados Unidos,2020-03-15
285,CIUDAD DE MÉXICO,M,52,2020-03-11,confirmado,Contacto,NA
286,CIUDAD DE MÉXICO,M,25,2020-03-13,confirmado,Contacto,NA
287,MICHOACÁN,M,36,2020-03-09,confirmado,España,2020-03-15
288,SINALOA,M,55,2020-03-17,confirmado,Contacto,NA
289,BAJA CALIFORNIA,M,27,2020-03-13,confirmado,Francia,2020-03-13
290,CHIHUAHUA,F,19,2020-03-13,confirmado,España,2020-03-14
291,CIUDAD DE MÉXICO,M,37,2020-03-16,confirmado,España,2020-03-16
292,CHIHUAHUA,F,21,2020-03-16,confirmado,España,2020-03-14
293,CIUDAD DE MÉXICO,M,51,2020-03-17,confirmado,Contacto,2020-03-08
294,YUCATÁN,F,40,2020-03-15,confirmado,Contacto,NA
295,CIUDAD DE MÉXICO,M,36,2020-03-14,confirmado,Contacto,NA
296,HIDALGO,F,55,2020-03-12,confirmado,Contacto,NA
297,SAN LUIS POTOSÍ,F,27,2020-03-17,confirmado,Estados Unidos,2020-03-18
298,JALISCO,F,38,2020-03-15,confirmado,Estados Unidos,2020-03-16
299,SAN LUIS POTOSÍ,M,21,2020-03-19,confirmado,Contacto,2020-03-18
300,SAN LUIS POTOSÍ,M,34,2020-03-18,confirmado,Francia,2020-03-05
301,CAMPECHE,M,52,2020-03-12,confirmado,España,2020-03-18
302,HIDALGO,F,26,2020-03-18,confirmado,Francia,2020-03-17
303,TABASCO,F,71,2020-03-17,confirmado,España,2020-03-17
304,YUCATÁN,F,17,2020-03-10,confirmado,Estados Unidos,2020-03-08
305,YUCATÁN,F,19,2020-03-10,confirmado,Estados Unidos,2020-03-08
306,YUCATÁN,M,39,2020-03-14,confirmado,Estados Unidos,2020-03-14
307,SONORA,M,30,2020-03-18,confirmado,Francia,2020-03-13
308,MICHOACÁN,F,57,2020-03-15,confirmado,Contacto,2020-03-15
309,MICHOACÁN,M,57,2020-03-18,confirmado,Contacto,2020-03-15
310,YUCATÁN,M,31,2020-03-17,confirmado,Contacto,NA
311,BAJA CALIFORNIA,F,49,2020-03-12,confirmado,Contacto,NA
312,ZACATECAS,M,39,2020-03-19,confirmado,Contacto,2020-03-19
313,COLIMA,F,34,2020-03-12,confirmado,Estados Unidos,2020-03-11
314,MÉXICO,M,44,2020-02-19,confirmado,Italia,2020-02-22
315,MÉXICO,F,52,2020-03-10,confirmado,España,2020-03-12
316,COAHUILA,M,43,2020-03-16,confirmado,Estados Unidos,2020-03-13
317,MÉXICO,M,31,2020-03-13,confirmado,Estados Unidos,2020-03-07
318,GUANAJUATO,M,34,2020-03-16,confirmado,Estados Unidos,2020-03-17
319,GUANAJUATO,F,58,2020-03-16,confirmado,Francia,2020-03-17
320,GUANAJUATO,M,43,2020-03-18,confirmado,Estados Unidos,2020-03-18
321,TAMAULIPAS,F,21,2020-03-16,confirmado,España,2020-03-12
322,JALISCO,M,25,2020-03-13,confirmado,Estados Unidos,2020-03-06
323,JALISCO,M,40,2020-03-10,confirmado,Estados Unidos,2020-03-07
324,JALISCO,F,38,2020-03-11,confirmado,Estados Unidos,2020-03-07
325,JALISCO,M,32,2020-03-13,confirmado,Estados Unidos,2020-03-02
326,JALISCO,M,30,2020-03-18,confirmado,Estados Unidos,2020-03-09
327,COAHUILA,M,42,2020-03-18,confirmado,Estados Unidos,2020-03-11
328,COAHUILA,M,11,2020-03-18,confirmado,Estados Unidos,2020-03-11
329,COAHUILA,M,53,2020-03-17,confirmado,Estados Unidos,2020-03-11
330,COAHUILA,M,42,2020-03-18,confirmado,Estados Unidos,NA
331,MÉXICO,M,46,2020-03-18,confirmado,Contacto,NA
332,MÉXICO,M,62,2020-03-16,confirmado,España,2020-03-19
333,JALISCO,M,24,2020-03-17,confirmado,Estados Unidos,2020-03-15
334,YUCATÁN,F,42,2020-03-18,confirmado,Francia,2020-03-18
335,COAHUILA,F,30,2020-03-13,confirmado,Estados Unidos,2020-03-18
336,HIDALGO,F,40,2020-03-19,confirmado,Contacto,2020-03-13
337,NUEVO LEÓN,M,60,2020-03-14,confirmado,España,2020-03-13
338,OAXACA,M,22,2020-03-16,confirmado,Contacto,NA
339,NUEVO LEÓN,M,57,2020-03-13,confirmado,Estados Unidos,2020-03-12
340,NUEVO LEÓN,M,22,2020-03-14,confirmado,Estados Unidos,2020-03-13
341,COAHUILA,M,76,2020-03-20,confirmado,España,2020-03-14
342,COAHUILA,M,42,2020-03-20,confirmado,España,2020-03-14
343,COAHUILA,F,42,2020-03-20,confirmado,España,2020-03-14
344,HIDALGO,F,19,2020-03-20,confirmado,Contacto,NA
345,SONORA,M,22,2020-03-11,confirmado,España,2020-03-17
346,BAJA CALIFORNIA SUR,F,33,2020-03-16,confirmado,Contacto,2020-03-07
347,QUERÉTARO,M,37,2020-03-16,confirmado,Contacto,NA
348,JALISCO,M,55,2020-03-13,confirmado,Contacto,NA
349,MÉXICO,M,24,2020-03-20,confirmado,Italia,2020-03-14
350,MÉXICO,F,29,2020-03-20,confirmado,España,2020-03-15
351,MÉXICO,F,29,2020-03-12,confirmado,Estados Unidos,2020-02-27
352,QUERÉTARO,F,30,2020-03-21,confirmado,España,2020-03-15
353,CIUDAD DE MÉXICO,M,20,2020-03-14,confirmado,Contacto,NA
354,CAMPECHE,F,59,2020-03-06,confirmado,España,2020-03-15
355,QUINTANA ROO,M,65,2020-03-18,confirmado,España,2020-03-15
356,PUEBLA,M,29,2020-03-13,confirmado,Contacto,NA
357,PUEBLA,M,33,2020-03-13,confirmado,Estados Unidos,2020-03-12
358,MÉXICO,M,63,2020-03-12,confirmado,España,2020-03-04
359,JALISCO,M,28,2020-03-16,confirmado,Estados Unidos,2020-03-06
360,PUEBLA,F,49,2020-03-14,confirmado,España,2020-03-04
361,BAJA CALIFORNIA,M,30,2020-03-19,confirmado,Estados Unidos,2020-03-09
362,ZACATECAS,M,28,2020-03-18,confirmado,España,2020-03-15
363,MÉXICO,M,51,2020-03-05,confirmado,Contacto,NA
364,CIUDAD DE MÉXICO,M,38,2020-03-13,confirmado,Contacto,NA
365,CIUDAD DE MÉXICO,M,37,2020-03-15,confirmado,Contacto,2020-03-16
366,PUEBLA,F,28,2020-03-15,confirmado,Estados Unidos,2020-03-17
367,TABASCO,M,30,2020-03-13,confirmado,Estados Unidos,2020-03-11
368,QUINTANA ROO,M,60,2020-03-17,confirmado,España,2020-03-15
369,QUINTANA ROO,M,46,2020-03-15,confirmado,Contacto,NA
370,AGUASCALIENTES,M,18,2020-03-19,confirmado,España,2020-03-16
371,QUINTANA ROO,F,12,2020-03-15,confirmado,Contacto,NA
372,QUINTANA ROO,F,52,2020-03-17,confirmado,España,2020-03-15
373,QUINTANA ROO,M,16,2020-03-13,confirmado,Contacto,NA
374,JALISCO,F,24,2020-03-14,confirmado,Contacto,NA
375,JALISCO,M,19,2020-03-16,confirmado,España,2020-03-16
376,MICHOACÁN,F,48,2020-03-15,confirmado,Contacto,2020-03-15
377,MICHOACÁN,M,58,2020-03-15,confirmado,Contacto,2020-03-15
378,QUINTANA ROO,M,44,2020-03-14,confirmado,Contacto,NA
379,SAN LUIS POTOSÍ,M,37,2020-03-19,confirmado,Estados Unidos,2020-03-17
380,SAN LUIS POTOSÍ,F,32,2020-03-18,confirmado,Estados Unidos,2020-03-17
381,SAN LUIS POTOSÍ,M,38,2020-03-18,confirmado,Estados Unidos,2020-03-17
382,MICHOACÁN,F,50,2020-03-15,confirmado,Contacto,2020-03-15
383,MICHOACÁN,M,56,2020-03-15,confirmado,Contacto,2020-03-15
384,CIUDAD DE MÉXICO,M,44,2020-03-11,confirmado,España,2020-03-15
385,SAN LUIS POTOSÍ,M,70,2020-03-15,confirmado,Contacto,NA
386,MÉXICO,M,60,2020-03-14,confirmado,España,2020-03-12
387,GUANAJUATO,F,20,2020-03-15,confirmado,España,2020-03-16
388,GUANAJUATO,F,32,2020-03-16,confirmado,España,2020-03-16
389,PUEBLA,F,39,2020-03-18,confirmado,Estados Unidos,2020-03-13
390,NUEVO LEÓN,F,63,2020-03-13,confirmado,Francia,2020-03-14
391,BAJA CALIFORNIA,M,51,2020-03-21,confirmado,Contacto,NA
392,GUERRERO,F,36,2020-03-17,confirmado,Contacto,NA
393,QUINTANA ROO,F,21,2020-03-18,confirmado,Estados Unidos,2020-03-18
394,QUINTANA ROO,F,19,2020-03-11,confirmado,Estados Unidos,2020-03-09
395,QUINTANA ROO,M,48,2020-03-19,confirmado,Contacto,2020-03-13
396,TAMAULIPAS,M,29,2020-03-20,confirmado,Contacto,NA
397,OAXACA,F,34,2020-03-20,confirmado,Francia,2020-03-17
398,NUEVO LEÓN,F,30,2020-03-17,confirmado,Contacto,NA
399,NUEVO LEÓN,M,55,2020-03-18,confirmado,Contacto,NA
400,NUEVO LEÓN,M,32,2020-03-15,confirmado,Contacto,NA
401,NUEVO LEÓN,M,35,2020-03-17,confirmado,Estados Unidos,2020-03-15
402,NUEVO LEÓN,M,39,2020-03-14,confirmado,Contacto,2020-03-13
403,CIUDAD DE MÉXICO,M,77,2020-03-16,confirmado,Contacto,NA
404,CIUDAD DE MÉXICO,F,45,2020-03-20,confirmado,Contacto,NA
405,NUEVO LEÓN,M,37,2020-03-17,confirmado,España,2020-03-18
406,CIUDAD DE MÉXICO,M,52,2020-03-19,confirmado,Contacto,NA
407,NUEVO LEÓN,M,40,2020-03-11,confirmado,Estados Unidos,2020-03-09
408,NUEVO LEÓN,F,66,2020-03-19,confirmado,Contacto,NA
409,NUEVO LEÓN,M,20,2020-03-15,confirmado,Estados Unidos,2020-03-14
410,NUEVO LEÓN,M,21,2020-03-14,confirmado,España,2020-03-15
411,NUEVO LEÓN,F,24,2020-03-17,confirmado,Estados Unidos,2020-03-16
412,NUEVO LEÓN,M,42,2020-03-13,confirmado,Estados Unidos,2020-03-10
413,YUCATÁN,M,63,2020-03-08,confirmado,Contacto,NA
414,NUEVO LEÓN,F,27,2020-03-20,confirmado,Estados Unidos,2020-03-18
415,NUEVO LEÓN,M,28,2020-03-14,confirmado,Estados Unidos,2020-03-15
416,NUEVO LEÓN,M,30,2020-03-15,confirmado,Estados Unidos,2020-03-09
417,PUEBLA,F,76,2020-03-17,confirmado,Estados Unidos,2020-03-20
418,CIUDAD DE MÉXICO,F,61,2020-03-16,confirmado,Italia,2020-03-12
419,NUEVO LEÓN,F,27,2020-03-09,confirmado,Italia,2020-03-07
420,YUCATÁN,M,38,2020-03-08,confirmado,España,2020-03-04
421,GUERRERO,F,74,2020-03-08,confirmado,España,2020-03-04
422,PUEBLA,M,51,2020-03-13,confirmado,Contacto,NA
423,PUEBLA,F,66,2020-03-15,confirmado,España,2020-03-09
424,PUEBLA,M,28,2020-03-16,confirmado,Estados Unidos,2020-03-15
425,CIUDAD DE MÉXICO,F,47,2020-03-18,confirmado,Contacto,NA
426,PUEBLA,M,73,2020-03-16,confirmado,España,2020-03-15
427,AGUASCALIENTES,F,40,2020-03-18,confirmado,Contacto,2020-03-15
428,CIUDAD DE MÉXICO,M,76,2020-03-10,confirmado,Francia,2020-03-11
429,GUANAJUATO,F,56,2020-03-16,confirmado,Francia,2020-03-17
430,GUANAJUATO,F,53,2020-03-16,confirmado,Francia,2020-03-17
431,GUANAJUATO,F,48,2020-03-21,confirmado,Francia,2020-03-17
432,AGUASCALIENTES,F,47,2020-03-12,confirmado,Contacto,2020-03-08
433,CIUDAD DE MÉXICO,M,46,2020-03-17,confirmado,Estados Unidos,2020-03-02
434,MICHOACÁN,M,49,2020-03-15,confirmado,España,2020-03-15
435,CIUDAD DE MÉXICO,M,10,2020-03-13,confirmado,Contacto,NA
436,CIUDAD DE MÉXICO,F,88,2020-03-20,confirmado,Contacto,NA
437,YUCATÁN,M,28,2020-03-19,confirmado,Francia,2020-03-15
438,YUCATÁN,F,30,2020-03-19,confirmado,Francia,2020-03-18
439,YUCATÁN,F,40,2020-03-14,confirmado,Contacto,NA
440,CIUDAD DE MÉXICO,F,79,2020-03-18,confirmado,Contacto,NA
441,AGUASCALIENTES,M,47,2020-03-18,confirmado,Contacto,NA
442,CIUDAD DE MÉXICO,M,38,2020-03-10,confirmado,Contacto,NA
443,PUEBLA,F,23,2020-03-11,confirmado,España,2020-03-15
444,CIUDAD DE MÉXICO,M,64,2020-03-15,confirmado,Francia,2020-03-11
445,CIUDAD DE MÉXICO,M,76,2020-03-21,confirmado,Contacto,2020-03-21
446,CHIHUAHUA,F,18,2020-03-21,confirmado,España,2020-03-18
447,NAYARIT,F,66,2020-03-19,confirmado,Estados Unidos,2020-03-12
448,MÉXICO,M,67,2020-03-13,confirmado,Contacto,NA
449,PUEBLA,F,69,2020-03-17,confirmado,Contacto,NA
450,MÉXICO,F,62,2020-03-13,confirmado,Contacto,NA
451,PUEBLA,M,72,2020-03-16,confirmado,Contacto,NA
452,PUEBLA,F,38,2020-03-18,confirmado,Estados Unidos,2020-03-18
453,OAXACA,F,62,2020-03-20,confirmado,Contacto,2020-03-21
454,OAXACA,M,56,2020-03-20,confirmado,Contacto,NA
455,OAXACA,F,21,2020-03-19,confirmado,Contacto,NA
456,GUERRERO,F,82,2020-03-23,confirmado,España,2020-03-13
457,PUEBLA,F,48,2020-03-19,confirmado,Contacto,NA
458,PUEBLA,M,31,2020-03-13,confirmado,España,2020-03-15
459,PUEBLA,M,26,2020-03-12,confirmado,Contacto,NA
460,YUCATÁN,M,51,2020-03-18,confirmado,España,2020-03-16
461,YUCATÁN,F,60,2020-03-10,confirmado,Francia,2020-03-19
462,PUEBLA,M,24,2020-03-20,confirmado,Contacto,NA
463,GUERRERO,M,29,2020-03-15,confirmado,Contacto,NA
464,GUANAJUATO,F,56,2020-03-16,confirmado,Francia,2020-03-17
465,GUANAJUATO,F,22,2020-03-17,confirmado,España,2020-03-16
466,GUANAJUATO,M,65,2020-03-20,confirmado,España,2020-03-14
467,GUANAJUATO,F,47,2020-03-16,confirmado,Francia,2020-03-17
468,GUANAJUATO,M,29,2020-03-16,confirmado,España,2020-03-16
469,GUANAJUATO,F,41,2020-03-18,confirmado,España,2020-03-16
470,TABASCO,F,57,2020-03-18,confirmado,España,2020-03-18
471,HIDALGO,F,16,2020-03-20,confirmado,Contacto,NA
472,HIDALGO,M,17,2020-03-13,confirmado,Contacto,NA
473,GUANAJUATO,M,24,2020-03-15,confirmado,Estados Unidos,2020-03-19
474,JALISCO,M,36,2020-03-15,confirmado,Estados Unidos,2020-03-08
475,JALISCO,F,25,2020-03-13,confirmado,Estados Unidos,2020-03-06
476,CIUDAD DE MÉXICO,F,60,2020-03-14,confirmado,Contacto,NA
477,CIUDAD DE MÉXICO,M,28,2020-03-02,confirmado,Estados Unidos,2020-03-15
478,QUINTANA ROO,M,42,2020-03-21,confirmado,Estados Unidos,2020-03-19
479,CIUDAD DE MÉXICO,F,53,2020-03-10,confirmado,Francia,2020-03-18
480,JALISCO,F,50,2020-03-12,confirmado,España,2020-03-09
481,JALISCO,F,38,2020-03-20,confirmado,Contacto,2020-03-23
482,CIUDAD DE MÉXICO,M,47,2020-03-17,confirmado,España,2020-03-14
483,CIUDAD DE MÉXICO,M,20,2020-03-16,confirmado,Contacto,2020-03-16
484,MICHOACÁN,F,49,2020-03-16,confirmado,España,2020-03-15
485,CIUDAD DE MÉXICO,F,29,2020-03-16,confirmado,Estados Unidos,2020-03-09
486,TAMAULIPAS,M,75,2020-03-22,confirmado,Contacto,NA
487,BAJA CALIFORNIA SUR,M,40,2020-03-21,confirmado,Contacto,NA
488,BAJA CALIFORNIA SUR,F,31,2020-03-21,confirmado,Contacto,NA
489,JALISCO,M,49,2020-03-12,confirmado,Estados Unidos,2020-03-08
490,MÉXICO,M,45,2020-03-16,confirmado,Estados Unidos,2020-03-03
491,CHIAPAS,M,45,2020-03-13,confirmado,Contacto,NA
492,TLAXCALA,F,19,2020-03-16,confirmado,Estados Unidos,2020-03-21
493,CIUDAD DE MÉXICO,F,65,2020-03-16,confirmado,España,2020-03-14
494,CIUDAD DE MÉXICO,F,34,2020-03-19,confirmado,Contacto,NA
495,MORELOS,F,35,2020-03-16,confirmado,Estados Unidos,2020-03-16
496,AGUASCALIENTES,M,53,2020-03-23,confirmado,España,2020-03-23
497,CIUDAD DE MÉXICO,M,45,2020-03-13,confirmado,España,2020-03-19
498,BAJA CALIFORNIA,F,50,2020-03-18,confirmado,Contacto,NA
499,JALISCO,F,33,2020-03-21,confirmado,Contacto,NA
500,JALISCO,F,20,2020-03-22,confirmado,Contacto,NA
501,BAJA CALIFORNIA SUR,M,46,2020-03-21,confirmado,Estados Unidos,2020-03-20
502,AGUASCALIENTES,F,59,2020-03-23,confirmado,Contacto,NA
503,HIDALGO,F,24,2020-03-13,confirmado,Contacto,NA
504,QUINTANA ROO,M,20,2020-03-13,confirmado,Estados Unidos,2020-03-21
505,CIUDAD DE MÉXICO,M,58,2020-03-12,confirmado,Contacto,NA
506,PUEBLA,F,31,2020-03-16,confirmado,España,2020-03-15
507,JALISCO,M,58,2020-03-20,confirmado,España,2020-03-17
508,MICHOACÁN,F,69,2020-03-15,confirmado,Contacto,2020-03-23
509,AGUASCALIENTES,M,60,2020-03-20,confirmado,Francia,2020-03-12
510,QUINTANA ROO,F,30,2020-03-21,confirmado,Francia,2020-03-21
511,SINALOA,F,47,2020-03-16,confirmado,España,2020-03-15
512,JALISCO,F,20,2020-03-20,confirmado,Estados Unidos,2020-03-07
513,JALISCO,M,72,2020-03-18,confirmado,Francia,2020-03-17
514,YUCATÁN,M,30,2020-03-18,confirmado,Estados Unidos,2020-03-14
515,OAXACA,F,16,2020-03-23,confirmado,Contacto,2020-03-23
516,YUCATÁN,F,42,2020-03-22,confirmado,Estados Unidos,2020-03-14
517,JALISCO,M,54,2020-03-12,confirmado,Estados Unidos,2020-03-08
518,QUERÉTARO,M,21,2020-03-22,confirmado,España,2020-03-13
519,MÉXICO,M,69,2020-03-18,confirmado,España,2020-03-15
520,JALISCO,M,21,2020-03-12,confirmado,Estados Unidos,2020-03-07
521,HIDALGO,M,71,2020-03-16,confirmado,Estados Unidos,2020-03-13
522,JALISCO,F,49,2020-03-17,confirmado,Contacto,NA
523,QUINTANA ROO,M,74,2020-03-15,confirmado,Contacto,NA
524,QUINTANA ROO,M,51,2020-03-12,confirmado,Estados Unidos,2020-03-09
525,JALISCO,F,48,2020-03-06,confirmado,Estados Unidos,2020-02-05
526,JALISCO,F,20,2020-03-16,confirmado,Contacto,NA
527,QUERÉTARO,F,46,2020-03-20,confirmado,Francia,2020-03-06
528,JALISCO,M,72,2020-03-12,confirmado,Estados Unidos,2020-03-06
529,MÉXICO,F,26,2020-03-18,confirmado,España,2020-03-21
530,PUEBLA,F,22,2020-03-22,confirmado,Contacto,NA
531,NUEVO LEÓN,F,30,2020-03-18,confirmado,España,2019-03-16
532,PUEBLA,F,47,2020-03-16,confirmado,Estados Unidos,2020-03-15
533,PUEBLA,M,42,2020-03-18,confirmado,Contacto,NA
534,JALISCO,M,50,2020-03-14,confirmado,Contacto,NA
535,SAN LUIS POTOSÍ,F,33,2020-03-22,confirmado,España,2020-03-14
536,PUEBLA,M,48,2020-03-16,confirmado,Estados Unidos,2020-03-15
537,SINALOA,F,30,2020-03-17,confirmado,Estados Unidos,2020-03-15
538,SINALOA,M,72,2020-03-14,confirmado,Contacto,NA
539,COAHUILA,M,42,2020-03-19,confirmado,Contacto,NA
540,NUEVO LEÓN,F,26,2020-03-21,confirmado,Contacto,NA
541,BAJA CALIFORNIA,F,50,2020-03-15,confirmado,Estados Unidos,2020-03-13
542,MORELOS,F,61,2020-03-23,confirmado,Contacto,NA
543,SONORA,M,44,2020-03-17,confirmado,España,2020-03-10
544,TABASCO,M,46,2020-03-20,confirmado,Contacto,NA
545,NUEVO LEÓN,M,26,2020-03-18,confirmado,España,2020-03-16
546,NUEVO LEÓN,M,41,2020-03-09,confirmado,Estados Unidos,2020-03-09
547,SONORA,M,24,2020-03-17,confirmado,Estados Unidos,2020-03-19
548,NAYARIT,M,53,2020-03-21,confirmado,Contacto,2020-03-24
549,PUEBLA,M,27,2020-03-23,confirmado,Contacto,NA
550,PUEBLA,F,35,2020-03-21,confirmado,Contacto,NA
551,NAYARIT,M,53,2020-03-24,confirmado,Contacto,2020-03-24
552,MICHOACÁN,F,62,2020-03-15,confirmado,Contacto,2020-03-15
553,SONORA,F,50,2020-03-20,confirmado,España,2020-03-16
554,YUCATÁN,M,53,2020-03-19,confirmado,Contacto,2020-03-12
555,QUERÉTARO,M,38,2020-03-14,confirmado,Contacto,NA
556,AGUASCALIENTES,F,74,2020-03-22,confirmado,Contacto,NA
557,YUCATÁN,M,23,2020-03-17,confirmado,Francia,2020-03-21
558,YUCATÁN,M,58,2020-03-20,confirmado,Contacto,NA
559,YUCATÁN,M,67,2020-03-22,confirmado,Contacto,2020-03-21
560,SINALOA,M,26,2020-03-20,confirmado,Contacto,NA
561,QUERÉTARO,M,23,2020-03-20,confirmado,Estados Unidos,2020-03-17
562,QUINTANA ROO,M,75,2020-03-25,confirmado,Contacto,2020-03-20
563,TABASCO,F,28,2020-03-19,confirmado,Contacto,NA
564,QUINTANA ROO,F,49,2020-03-20,confirmado,Estados Unidos,2020-03-20
565,QUERÉTARO,F,62,2020-03-17,confirmado,Contacto,NA
566,SONORA,F,45,2020-03-15,confirmado,España,2020-03-16
567,NAYARIT,F,32,2020-03-10,confirmado,Francia,2020-03-18
568,VERACRUZ,F,26,2020-03-15,confirmado,España,2020-03-16
569,NUEVO LEÓN,F,57,2020-03-19,confirmado,Estados Unidos,2020-03-08
570,VERACRUZ,F,33,2020-03-16,confirmado,Estados Unidos,2020-02-27
571,MÉXICO,M,42,2020-03-15,confirmado,Estados Unidos,2020-03-11
572,CIUDAD DE MÉXICO,M,37,2020-03-17,confirmado,Contacto,NA
573,VERACRUZ,F,40,2020-03-12,confirmado,España,2020-03-15
574,VERACRUZ,M,46,2020-03-15,confirmado,España,2020-03-14
575,VERACRUZ,M,40,2020-03-12,confirmado,España,2020-03-15
576,VERACRUZ,F,39,2020-03-12,confirmado,Estados Unidos,2020-03-08
577,VERACRUZ,M,51,2020-03-19,confirmado,España,2020-03-15
578,NUEVO LEÓN,M,40,2020-03-05,confirmado,Estados Unidos,2020-03-10
579,GUANAJUATO,M,67,2020-03-16,confirmado,Contacto,2020-03-16
580,GUANAJUATO,M,51,2020-03-20,confirmado,España,2020-03-15
581,MÉXICO,F,34,2020-03-13,confirmado,España,2020-03-14
582,GUANAJUATO,F,28,2020-03-20,confirmado,Contacto,2020-03-16
583,ZACATECAS,F,57,2020-03-12,confirmado,Contacto,2020-02-29
584,GUANAJUATO,F,59,2020-03-20,confirmado,Contacto,NA
585,GUANAJUATO,M,26,2020-03-15,confirmado,España,2020-03-14
586,BAJA CALIFORNIA,M,25,2020-03-20,confirmado,Contacto,2020-03-21
587,JALISCO,F,19,2020-03-17,confirmado,Francia,2020-03-11
588,JALISCO,F,19,2020-03-16,confirmado,Estados Unidos,2020-03-15
589,BAJA CALIFORNIA,F,41,2020-03-20,confirmado,Estados Unidos,2020-03-19
590,BAJA CALIFORNIA SUR,M,44,2020-03-20,confirmado,Estados Unidos,2020-03-14
591,BAJA CALIFORNIA,M,30,2020-03-16,confirmado,España,2020-03-18
592,PUEBLA,M,50,2020-03-22,confirmado,Contacto,NA
593,BAJA CALIFORNIA,F,64,2020-03-13,confirmado,Contacto,NA
594,BAJA CALIFORNIA SUR,M,66,2020-03-22,confirmado,Estados Unidos,2020-03-15
595,TLAXCALA,M,38,2020-03-16,confirmado,Contacto,NA
596,PUEBLA,F,60,2020-03-16,confirmado,Estados Unidos,2020-03-11
597,CIUDAD DE MÉXICO,F,55,2020-03-15,confirmado,Contacto,NA
598,COAHUILA,F,41,2020-03-21,confirmado,Contacto,NA
599,TABASCO,F,26,2020-03-16,confirmado,Contacto,NA
600,OAXACA,F,41,2020-03-23,confirmado,Contacto,NA
601,MÉXICO,M,60,2020-03-13,confirmado,Contacto,2020-03-15
602,TABASCO,F,53,2020-03-21,confirmado,Contacto,NA
603,TABASCO,M,31,2020-03-21,confirmado,Contacto,NA
604,DURANGO,M,25,2020-03-23,confirmado,Estados Unidos,2020-03-18
605,TABASCO,F,23,2020-03-15,confirmado,Contacto,NA
606,TABASCO,F,29,2020-03-13,confirmado,Contacto,NA
607,CIUDAD DE MÉXICO,M,49,2020-03-19,confirmado,Contacto,NA
608,TABASCO,M,67,2020-03-19,confirmado,Contacto,NA
609,CIUDAD DE MÉXICO,F,49,2020-03-19,confirmado,Contacto,NA
610,PUEBLA,M,44,2020-03-18,confirmado,Contacto,NA
611,OAXACA,F,20,2020-03-22,confirmado,Contacto,2020-03-19
612,OAXACA,M,36,2020-03-21,confirmado,Contacto,NA
613,PUEBLA,M,27,2020-03-23,confirmado,Estados Unidos,2020-03-18
614,TABASCO,F,29,2020-03-24,confirmado,España,2020-03-18
615,MICHOACÁN,F,60,2020-03-18,confirmado,Contacto,2020-03-23
616,TLAXCALA,M,45,2020-03-17,confirmado,Contacto,NA
617,MICHOACÁN,F,25,2020-03-18,confirmado,Contacto,NA
618,CIUDAD DE MÉXICO,M,25,2020-03-19,confirmado,España,2020-03-14
619,NUEVO LEÓN,M,42,2020-03-19,confirmado,Francia,2020-03-20
620,CHIAPAS,F,32,2020-03-22,confirmado,Estados Unidos,2020-03-18
621,CIUDAD DE MÉXICO,M,36,2020-03-17,confirmado,Contacto,NA
622,SINALOA,M,42,2020-03-22,confirmado,Contacto,NA
623,DURANGO,M,80,2020-03-18,confirmado,Contacto,NA
624,TABASCO,M,31,2020-03-17,confirmado,Contacto,NA
625,TABASCO,F,58,2020-03-18,confirmado,Contacto,NA
626,TLAXCALA,M,56,2020-03-22,confirmado,Estados Unidos,2020-03-21
627,MÉXICO,F,68,2020-03-17,confirmado,Contacto,NA
628,MÉXICO,F,49,2020-03-02,confirmado,Contacto,NA
629,MÉXICO,F,56,2020-03-19,confirmado,Contacto,NA
630,MÉXICO,F,22,2020-03-24,confirmado,Contacto,NA
631,MÉXICO,F,22,2020-03-16,confirmado,Contacto,2020-03-15
632,NUEVO LEÓN,M,23,2020-03-14,confirmado,España,2020-03-16
633,MÉXICO,M,36,2020-03-16,confirmado,España,2020-03-03
634,MÉXICO,F,33,2020-03-12,confirmado,Contacto,NA
635,MÉXICO,M,37,2020-03-21,confirmado,Contacto,NA
636,HIDALGO,F,49,2020-03-23,confirmado,Contacto,2020-03-23
637,TABASCO,M,51,2020-03-10,confirmado,Contacto,NA
638,MÉXICO,F,36,2020-03-16,confirmado,Contacto,NA
639,MÉXICO,F,31,2020-03-21,confirmado,Contacto,NA
640,TABASCO,F,68,2020-03-18,confirmado,Contacto,NA
641,MÉXICO,F,48,2020-03-16,confirmado,Contacto,NA
642,MÉXICO,M,60,2020-03-20,confirmado,Contacto,NA
643,CHIAPAS,M,42,2020-03-21,confirmado,Contacto,2020-03-18
644,MÉXICO,F,33,2020-03-22,confirmado,Contacto,NA
645,SAN LUIS POTOSÍ,M,56,2020-03-13,confirmado,Contacto,NA
646,MÉXICO,F,33,2020-03-10,confirmado,Contacto,NA
647,TABASCO,M,26,2020-03-09,confirmado,Contacto,NA
648,MÉXICO,F,28,2020-03-21,confirmado,Contacto,NA
649,MÉXICO,F,43,2020-03-23,confirmado,Contacto,NA
650,MÉXICO,F,46,2020-03-23,confirmado,Contacto,NA
651,MÉXICO,F,28,2020-03-16,confirmado,Contacto,NA
652,MÉXICO,F,31,2020-03-19,confirmado,Contacto,NA
653,MÉXICO,M,41,2020-03-24,confirmado,Contacto,NA
654,MÉXICO,F,44,2020-03-05,confirmado,Contacto,NA
655,GUANAJUATO,F,52,2020-03-17,confirmado,Contacto,NA
656,YUCATÁN,F,66,2020-03-21,confirmado,Contacto,NA
657,MÉXICO,M,37,2020-03-19,confirmado,Contacto,NA
658,YUCATÁN,M,72,2020-03-19,confirmado,Contacto,2020-03-21
659,YUCATÁN,M,36,2020-03-19,confirmado,Contacto,NA
660,MÉXICO,F,51,2020-03-18,confirmado,Contacto,NA
661,MÉXICO,M,40,2020-03-17,confirmado,Contacto,NA
662,YUCATÁN,F,67,2020-03-17,confirmado,Contacto,2020-03-21
663,CIUDAD DE MÉXICO,M,31,2020-03-16,confirmado,Contacto,NA
664,JALISCO,M,33,2020-03-17,confirmado,Contacto,NA
665,JALISCO,M,23,2020-03-17,confirmado,Estados Unidos,2020-03-18
666,VERACRUZ,M,33,2020-03-12,confirmado,Estados Unidos,2020-03-19
667,YUCATÁN,M,46,2020-03-13,confirmado,Contacto,NA
668,VERACRUZ,M,38,2020-03-17,confirmado,Contacto,NA
669,VERACRUZ,F,37,2020-03-18,confirmado,Contacto,NA
670,CIUDAD DE MÉXICO,M,41,2020-03-16,confirmado,Estados Unidos,2020-03-15
671,JALISCO,F,56,2020-03-16,confirmado,Estados Unidos,2020-03-09
672,JALISCO,M,48,2020-03-12,confirmado,Estados Unidos,2020-03-09
673,CIUDAD DE MÉXICO,F,35,2020-03-20,confirmado,Contacto,NA
674,CIUDAD DE MÉXICO,F,50,2020-03-01,confirmado,Estados Unidos,2020-03-08
675,BAJA CALIFORNIA,M,28,2020-03-18,confirmado,Estados Unidos,2020-03-10
676,VERACRUZ,M,21,2020-03-20,confirmado,España,2020-03-19
677,CIUDAD DE MÉXICO,F,35,2020-03-15,confirmado,Contacto,NA
678,QUERÉTARO,F,34,2020-03-16,confirmado,Contacto,NA
679,QUERÉTARO,M,58,2020-03-17,confirmado,Contacto,NA
680,MÉXICO,M,37,2020-03-19,confirmado,Contacto,NA
681,MÉXICO,M,42,2020-03-16,confirmado,Contacto,NA
682,CIUDAD DE MÉXICO,M,47,2020-03-20,confirmado,Contacto,2020-03-06
683,CIUDAD DE MÉXICO,F,45,2020-03-22,confirmado,Contacto,NA
684,AGUASCALIENTES,F,32,2020-03-23,confirmado,Contacto,NA
685,NUEVO LEÓN,M,64,2020-03-18,confirmado,Estados Unidos,2020-03-11
686,VERACRUZ,F,74,2020-03-18,confirmado,Contacto,2020-03-17
687,JALISCO,F,50,2020-03-01,confirmado,Estados Unidos,NA
688,JALISCO,F,49,2020-03-15,confirmado,Contacto,NA
689,MÉXICO,F,36,2020-03-21,confirmado,Contacto,NA
690,MÉXICO,F,47,2020-03-20,confirmado,Contacto,NA
691,JALISCO,F,34,2020-03-16,confirmado,Estados Unidos,2020-03-07
692,VERACRUZ,F,46,2020-03-19,confirmado,Contacto,NA
693,PUEBLA,M,77,2020-03-21,confirmado,España,2020-03-19
694,PUEBLA,M,40,2020-03-18,confirmado,Contacto,NA
695,JALISCO,F,29,2020-03-21,confirmado,Contacto,2020-03-21
696,GUANAJUATO,F,60,2020-03-20,confirmado,Estados Unidos,2020-03-17
697,JALISCO,F,25,2020-03-17,confirmado,Estados Unidos,2020-03-17
698,GUANAJUATO,M,19,2020-03-20,confirmado,Estados Unidos,2020-03-19
699,GUANAJUATO,F,63,2020-03-22,confirmado,Contacto,2020-03-22
700,GUANAJUATO,F,43,2020-03-22,confirmado,Estados Unidos,2020-03-24
701,MICHOACÁN,M,64,2020-03-18,confirmado,Contacto,NA
702,MICHOACÁN,M,71,2020-03-17,confirmado,Contacto,NA
703,VERACRUZ,M,51,2020-03-18,confirmado,Contacto,NA
704,JALISCO,F,65,2020-03-12,confirmado,Estados Unidos,2020-03-17
705,AGUASCALIENTES,F,43,2020-03-23,confirmado,Contacto,NA
706,AGUASCALIENTES,F,65,2020-03-23,confirmado,Contacto,NA
707,SONORA,F,56,2020-03-19,confirmado,Contacto,NA
708,CIUDAD DE MÉXICO,M,35,2020-03-20,confirmado,Contacto,NA
709,NUEVO LEÓN,F,23,2020-03-22,confirmado,España,2020-03-16
710,AGUASCALIENTES,M,24,2020-03-20,confirmado,Contacto,NA
711,GUANAJUATO,M,21,2020-03-21,confirmado,Contacto,2020-03-21
712,JALISCO,M,64,2020-03-24,confirmado,Contacto,NA
713,JALISCO,F,18,2020-03-22,confirmado,Estados Unidos,2020-03-12
714,JALISCO,F,13,2020-03-22,confirmado,Contacto,NA
715,NUEVO LEÓN,M,28,2020-03-20,confirmado,Contacto,2020-03-18
716,MICHOACÁN,F,66,2020-03-22,confirmado,Contacto,2020-03-23
717,AGUASCALIENTES,F,5,2020-03-25,confirmado,Contacto,2020-03-25
718,QUERÉTARO,F,47,2020-03-17,confirmado,Francia,2020-03-17
719,AGUASCALIENTES,F,37,2020-03-25,confirmado,Contacto,NA
720,BAJA CALIFORNIA SUR,M,59,2020-03-22,confirmado,Contacto,NA
721,GUANAJUATO,F,37,2020-03-20,confirmado,Contacto,NA
722,PUEBLA,F,39,2020-03-21,confirmado,Contacto,NA
723,PUEBLA,F,22,2020-03-20,confirmado,Contacto,NA
724,SAN LUIS POTOSÍ,F,47,2020-03-18,confirmado,Estados Unidos,2020-03-18
725,VERACRUZ,M,23,2020-03-20,confirmado,Contacto,NA
726,CIUDAD DE MÉXICO,M,52,2020-03-21,confirmado,Contacto,NA
727,CIUDAD DE MÉXICO,M,56,2020-03-20,confirmado,Estados Unidos,2020-03-13
728,VERACRUZ,M,35,2020-03-21,confirmado,Contacto,2020-03-17
729,JALISCO,M,77,2020-03-20,confirmado,Contacto,NA
730,SINALOA,F,39,2020-03-22,confirmado,Contacto,NA
731,JALISCO,M,21,2020-03-21,confirmado,Contacto,NA
732,SINALOA,F,78,2020-03-23,confirmado,Contacto,NA
733,OAXACA,F,56,2020-03-24,confirmado,Estados Unidos,2020-03-17
734,JALISCO,F,52,2020-03-18,confirmado,Contacto,NA
735,JALISCO,M,50,2020-03-21,confirmado,Contacto,NA
736,PUEBLA,F,24,2020-03-18,confirmado,Contacto,NA
737,PUEBLA,M,47,2020-03-21,confirmado,Alemania,2020-03-16
738,SINALOA,F,53,2020-03-20,confirmado,Contacto,NA
739,BAJA CALIFORNIA SUR,M,73,2020-03-24,confirmado,Contacto,2020-03-26
740,SONORA,F,25,2020-03-17,confirmado,Estados Unidos,2020-03-19
741,CIUDAD DE MÉXICO,F,44,2020-03-20,confirmado,Contacto,NA
742,SINALOA,M,43,2020-03-25,confirmado,Contacto,NA
743,NUEVO LEÓN,M,27,2020-03-19,confirmado,Contacto,2020-03-15
744,QUERÉTARO,F,66,2020-03-22,confirmado,Contacto,NA
745,CIUDAD DE MÉXICO,M,40,2020-03-17,confirmado,Contacto,NA
746,CIUDAD DE MÉXICO,M,64,2020-03-09,confirmado,Estados Unidos,2020-03-17
747,CIUDAD DE MÉXICO,M,37,2020-03-18,confirmado,Contacto,NA
748,SINALOA,F,81,2020-03-22,confirmado,Contacto,NA
749,CIUDAD DE MÉXICO,M,65,2020-03-12,confirmado,España,2020-03-09
750,CIUDAD DE MÉXICO,M,58,2020-03-19,confirmado,España,2020-03-15
751,CIUDAD DE MÉXICO,M,76,2020-03-15,confirmado,Contacto,2020-03-17
752,PUEBLA,F,24,2020-03-23,confirmado,Contacto,NA
753,CIUDAD DE MÉXICO,F,59,2020-03-09,confirmado,Contacto,NA
754,CIUDAD DE MÉXICO,M,59,2020-03-09,confirmado,Contacto,NA
755,CIUDAD DE MÉXICO,F,37,2020-03-09,confirmado,España,2020-03-13
756,CIUDAD DE MÉXICO,F,31,2020-03-07,confirmado,España,2020-03-10
757,JALISCO,F,40,2020-03-22,confirmado,Contacto,NA
758,CIUDAD DE MÉXICO,M,35,2020-03-08,confirmado,Estados Unidos,2020-03-07
759,CIUDAD DE MÉXICO,M,29,2020-03-13,confirmado,Estados Unidos,2020-03-06
760,CIUDAD DE MÉXICO,M,23,2020-03-16,confirmado,España,2020-03-16
761,CIUDAD DE MÉXICO,M,43,2020-03-14,confirmado,España,2020-03-05
762,CIUDAD DE MÉXICO,F,20,2020-03-14,confirmado,España,2020-03-12
763,CIUDAD DE MÉXICO,F,50,2020-03-09,confirmado,España,2020-03-11
764,CIUDAD DE MÉXICO,F,52,2020-03-17,confirmado,España,2020-03-16
765,CIUDAD DE MÉXICO,M,27,2020-03-18,confirmado,España,2020-03-14
766,CIUDAD DE MÉXICO,M,55,2020-03-10,confirmado,Estados Unidos,2020-03-12
767,CIUDAD DE MÉXICO,M,26,2020-03-11,confirmado,España,2020-03-13
768,CIUDAD DE MÉXICO,F,33,2020-03-18,confirmado,Contacto,2020-03-12
769,BAJA CALIFORNIA,F,28,2020-03-18,confirmado,España,2020-03-19
770,CIUDAD DE MÉXICO,F,33,2020-03-19,confirmado,Estados Unidos,2020-03-18
771,QUINTANA ROO,F,32,2020-03-20,confirmado,Francia,2020-03-19
772,PUEBLA,M,22,2020-03-14,confirmado,España,2020-03-20
773,CIUDAD DE MÉXICO,M,60,2020-03-18,confirmado,Contacto,2020-03-13
774,CIUDAD DE MÉXICO,M,48,2020-03-20,confirmado,España,2020-03-13
775,CIUDAD DE MÉXICO,M,33,2020-03-13,confirmado,España,2020-03-12
776,CIUDAD DE MÉXICO,F,31,2020-03-18,confirmado,España,2020-03-18
777,CIUDAD DE MÉXICO,F,36,2020-03-18,confirmado,España,2020-03-18
778,PUEBLA,F,45,2020-03-21,confirmado,Estados Unidos,2020-03-18
779,CIUDAD DE MÉXICO,F,30,2020-03-17,confirmado,España,2020-03-18
780,CIUDAD DE MÉXICO,M,34,2020-03-17,confirmado,España,2020-03-09
781,QUINTANA ROO,M,44,2020-03-20,confirmado,Contacto,NA
782,QUINTANA ROO,F,53,2020-03-17,confirmado,Francia,2020-03-15
783,QUINTANA ROO,M,35,2020-03-02,confirmado,Italia,2020-03-15
784,CIUDAD DE MÉXICO,M,38,2020-03-13,confirmado,España,2020-03-08
785,QUINTANA ROO,M,56,2020-03-17,confirmado,Contacto,NA
786,CIUDAD DE MÉXICO,M,26,2020-03-20,confirmado,Contacto,2020-03-18
787,CIUDAD DE MÉXICO,M,29,2020-03-16,confirmado,Contacto,2020-03-21
788,CIUDAD DE MÉXICO,M,26,2020-03-22,confirmado,Contacto,NA
789,CIUDAD DE MÉXICO,M,72,2020-03-19,confirmado,Contacto,NA
790,CIUDAD DE MÉXICO,M,39,2020-03-14,confirmado,Contacto,NA
791,CIUDAD DE MÉXICO,F,47,2020-03-21,confirmado,Contacto,NA
792,YUCATÁN,F,37,2020-02-19,confirmado,Contacto,2020-01-21
793,CIUDAD DE MÉXICO,M,51,2020-03-22,confirmado,España,2020-03-19
794,CIUDAD DE MÉXICO,M,45,2020-03-25,confirmado,Contacto,NA
795,MÉXICO,M,43,2020-03-14,confirmado,Contacto,NA
796,MÉXICO,M,56,2020-03-23,confirmado,España,2020-03-23
797,CIUDAD DE MÉXICO,M,60,2020-03-21,confirmado,Contacto,NA
798,MÉXICO,M,36,2020-03-25,confirmado,Contacto,NA
799,CIUDAD DE MÉXICO,F,30,2020-03-17,confirmado,Contacto,NA
800,MÉXICO,M,58,2020-03-19,confirmado,Contacto,NA
801,MÉXICO,M,71,2020-03-25,confirmado,Contacto,NA
802,MÉXICO,F,2,2020-03-17,confirmado,Contacto,NA
803,MÉXICO,M,35,2020-03-24,confirmado,Estados Unidos,2020-03-08
804,CIUDAD DE MÉXICO,M,49,2020-03-22,confirmado,Contacto,NA
805,MÉXICO,F,57,2020-03-24,confirmado,Contacto,2020-03-18
806,MÉXICO,F,33,2020-03-21,confirmado,Estados Unidos,2020-03-12
807,CIUDAD DE MÉXICO,F,30,2020-03-12,confirmado,Contacto,NA
808,HIDALGO,M,29,2020-03-23,confirmado,España,2020-03-23
809,GUANAJUATO,M,29,2020-03-16,confirmado,Contacto,NA
810,CIUDAD DE MÉXICO,M,33,2020-03-19,confirmado,Francia,2020-03-17
811,HIDALGO,M,41,2020-03-18,confirmado,Estados Unidos,2020-03-16
812,CIUDAD DE MÉXICO,M,41,2020-03-17,confirmado,Contacto,2020-03-17
813,MÉXICO,F,34,2020-03-25,confirmado,Contacto,NA
814,MÉXICO,M,52,2020-03-24,confirmado,Contacto,2020-03-18
815,CIUDAD DE MÉXICO,M,24,2020-03-15,confirmado,Francia,2020-03-11
816,CIUDAD DE MÉXICO,F,31,2020-03-19,confirmado,Francia,2020-03-04
817,COAHUILA,F,61,2020-03-21,confirmado,Contacto,NA
818,CIUDAD DE MÉXICO,M,40,2020-03-19,confirmado,Contacto,NA
819,CIUDAD DE MÉXICO,M,36,2020-03-15,confirmado,Contacto,NA
820,CIUDAD DE MÉXICO,F,54,2020-03-15,confirmado,España,2020-03-18
821,MÉXICO,M,58,2020-03-24,confirmado,Contacto,NA
822,MÉXICO,M,21,2020-03-20,confirmado,Contacto,NA
823,BAJA CALIFORNIA,M,43,2020-03-18,confirmado,Contacto,NA
824,HIDALGO,M,61,2020-03-16,confirmado,España,2020-03-16
825,TABASCO,F,60,2020-03-24,confirmado,Contacto,NA
826,MÉXICO,F,46,2020-03-25,confirmado,Contacto,NA
827,MÉXICO,F,70,2020-03-26,confirmado,Contacto,NA
828,HIDALGO,M,46,2020-03-21,confirmado,Contacto,NA
829,CIUDAD DE MÉXICO,M,34,2020-03-14,confirmado,Estados Unidos,2020-03-13
830,GUERRERO,M,36,2020-03-21,confirmado,Contacto,NA
831,MÉXICO,F,3,2020-03-23,confirmado,Estados Unidos,2020-03-16
832,GUERRERO,M,53,2020-03-20,confirmado,Estados Unidos,2020-03-11
833,CIUDAD DE MÉXICO,M,53,2020-03-15,confirmado,Contacto,NA
834,GUANAJUATO,M,54,2020-03-19,confirmado,Contacto,NA
835,CIUDAD DE MÉXICO,M,48,2020-03-20,confirmado,Contacto,NA
836,GUANAJUATO,M,33,2020-03-21,confirmado,Italia,2020-03-16
837,AGUASCALIENTES,M,40,2020-03-23,confirmado,Contacto,NA
838,GUANAJUATO,M,30,2020-03-25,confirmado,Contacto,NA
839,CAMPECHE,M,18,2020-03-18,confirmado,Estados Unidos,2020-02-25
840,GUERRERO,M,63,2020-03-20,confirmado,Contacto,NA
841,TABASCO,F,49,2020-03-19,confirmado,Contacto,NA
842,SAN LUIS POTOSÍ,F,24,2020-03-21,confirmado,Contacto,NA
843,TABASCO,M,36,2020-03-20,confirmado,Contacto,NA
844,TABASCO,F,65,2020-03-20,confirmado,Contacto,NA
845,PUEBLA,F,23,2020-03-20,confirmado,Contacto,NA
846,TAMAULIPAS,M,50,2020-03-21,confirmado,Estados Unidos,2020-03-16
847,MÉXICO,M,18,2020-03-07,confirmado,Contacto,NA
848,MICHOACÁN,F,63,2020-03-22,confirmado,Contacto,NA
849,GUANAJUATO,M,30,2020-03-22,confirmado,España,2020-03-22
850,COAHUILA,F,41,2020-03-22,confirmado,Contacto,NA
851,GUANAJUATO,F,35,2020-03-14,confirmado,Contacto,NA
852,PUEBLA,M,55,2020-03-26,confirmado,Contacto,NA
853,YUCATÁN,F,59,2020-03-17,confirmado,Contacto,2020-03-24
854,YUCATÁN,F,31,2020-03-17,confirmado,Contacto,NA
855,CIUDAD DE MÉXICO,F,28,2020-03-16,confirmado,Contacto,NA
856,MÉXICO,F,54,2020-03-14,confirmado,Contacto,2020-03-09
857,CIUDAD DE MÉXICO,M,40,2020-03-16,confirmado,Contacto,2020-02-29
858,CIUDAD DE MÉXICO,F,43,2020-03-23,confirmado,Contacto,NA
859,CIUDAD DE MÉXICO,F,33,2020-03-24,confirmado,Contacto,NA
860,CIUDAD DE MÉXICO,M,29,2020-03-18,confirmado,Contacto,NA
861,PUEBLA,M,26,2020-03-22,confirmado,Contacto,NA
862,CIUDAD DE MÉXICO,M,65,2020-03-19,confirmado,España,2020-03-09
863,CIUDAD DE MÉXICO,M,40,2020-03-19,confirmado,Contacto,NA
864,CIUDAD DE MÉXICO,M,43,2020-03-20,confirmado,Contacto,NA
865,CIUDAD DE MÉXICO,F,53,2020-03-23,confirmado,Contacto,NA
866,CIUDAD DE MÉXICO,F,35,2020-03-25,confirmado,Contacto,NA
867,CIUDAD DE MÉXICO,F,60,2020-03-20,confirmado,Estados Unidos,2020-03-20
868,CIUDAD DE MÉXICO,M,36,2020-03-24,confirmado,Contacto,NA
869,CIUDAD DE MÉXICO,M,41,2020-03-23,confirmado,Contacto,NA
870,MÉXICO,F,41,2020-03-18,confirmado,Contacto,NA
871,CIUDAD DE MÉXICO,M,49,2020-03-26,confirmado,Contacto,NA
872,PUEBLA,M,67,2020-03-20,confirmado,Contacto,NA
873,SAN LUIS POTOSÍ,F,33,2020-03-27,confirmado,Contacto,2020-03-23
874,TABASCO,F,42,2020-03-23,confirmado,Contacto,NA
875,TABASCO,F,57,2020-03-19,confirmado,Contacto,NA
876,CIUDAD DE MÉXICO,M,65,2020-03-12,confirmado,Contacto,2020-03-14
877,SINALOA,F,44,2020-03-26,confirmado,Contacto,NA
878,SONORA,F,30,2020-03-16,confirmado,Estados Unidos,2020-03-26
879,GUERRERO,F,43,2020-03-21,confirmado,Contacto,NA
880,PUEBLA,F,51,2020-03-24,confirmado,Estados Unidos,2020-03-21
881,SINALOA,M,32,2020-03-23,confirmado,Contacto,NA
882,MÉXICO,M,35,2020-03-18,confirmado,Contacto,NA
883,MÉXICO,M,39,2020-03-23,confirmado,Contacto,NA
884,MÉXICO,F,51,2020-03-19,confirmado,Contacto,NA
885,COAHUILA,M,24,2020-03-20,confirmado,Contacto,NA
886,MÉXICO,M,25,2020-03-16,confirmado,Contacto,2020-03-16
887,TABASCO,M,27,2020-03-20,confirmado,Contacto,NA
888,NUEVO LEÓN,F,26,2020-03-17,confirmado,Contacto,NA
889,SINALOA,F,75,2020-03-23,confirmado,Contacto,NA
890,SAN LUIS POTOSÍ,M,43,2020-03-22,confirmado,Contacto,NA
891,SONORA,F,27,2020-03-24,confirmado,Contacto,NA
892,SINALOA,M,55,2020-03-22,confirmado,Contacto,NA
893,COAHUILA,M,53,2020-03-21,confirmado,Contacto,NA
894,SINALOA,M,43,2020-03-22,confirmado,Contacto,NA
895,MÉXICO,F,42,2020-03-22,confirmado,Contacto,2020-03-14
896,NUEVO LEÓN,M,56,2020-03-23,confirmado,Estados Unidos,2020-03-15
897,QUERÉTARO,F,67,2020-03-20,confirmado,Contacto,2020-03-23
898,VERACRUZ,M,53,2020-03-20,confirmado,Contacto,NA
899,MÉXICO,M,29,2020-03-24,confirmado,Contacto,2020-03-16
900,COAHUILA,M,42,2020-03-25,confirmado,Contacto,NA
901,COAHUILA,M,42,2020-03-24,confirmado,Contacto,NA
902,MORELOS,M,44,2020-03-23,confirmado,Contacto,NA
903,MÉXICO,M,43,2020-03-24,confirmado,Contacto,2020-03-10
904,COAHUILA,F,28,2020-03-19,confirmado,Contacto,NA
905,MÉXICO,F,73,2020-03-26,confirmado,Contacto,NA
906,PUEBLA,M,45,2020-03-21,confirmado,Contacto,NA
907,CHIAPAS,M,22,2020-03-24,confirmado,España,2020-03-19
908,MÉXICO,M,46,2020-03-20,confirmado,Contacto,NA
909,SONORA,F,21,2020-03-16,confirmado,España,2020-03-19
910,SAN LUIS POTOSÍ,F,26,2020-03-25,confirmado,Contacto,NA
911,MÉXICO,M,56,2020-03-23,confirmado,Contacto,NA
912,CHIAPAS,F,38,2020-03-20,confirmado,Contacto,NA
913,SONORA,F,82,2020-03-26,confirmado,Contacto,NA
914,TABASCO,M,58,2020-03-26,confirmado,Contacto,NA
915,SAN LUIS POTOSÍ,M,21,2020-03-24,confirmado,España,2020-03-14
916,COAHUILA,M,41,2020-03-20,confirmado,Contacto,NA
917,COAHUILA,M,39,2020-03-21,confirmado,Contacto,NA
918,CHIAPAS,M,81,2020-03-25,confirmado,España,2020-03-13
919,COAHUILA,F,34,2020-03-20,confirmado,Contacto,NA
920,QUINTANA ROO,F,26,2020-03-22,confirmado,Contacto,2020-03-18
921,COAHUILA,F,26,2020-03-24,confirmado,Contacto,NA
922,CIUDAD DE MÉXICO,M,42,2020-03-11,confirmado,Estados Unidos,2020-03-10
923,QUINTANA ROO,M,38,2020-03-22,confirmado,Contacto,2020-03-18
924,COAHUILA,F,44,2020-03-22,confirmado,Contacto,NA
925,CIUDAD DE MÉXICO,M,33,2020-03-12,confirmado,Estados Unidos,2020-03-06
926,COAHUILA,M,30,2020-03-26,confirmado,Contacto,NA
927,COAHUILA,M,30,2020-03-26,confirmado,Contacto,NA
928,COAHUILA,F,44,2020-03-23,confirmado,Contacto,NA
929,GUERRERO,M,52,2020-03-21,confirmado,Contacto,NA
930,COAHUILA,M,39,2020-03-24,confirmado,Contacto,NA
931,QUINTANA ROO,M,35,2020-03-23,confirmado,Contacto,NA
932,CHIAPAS,F,45,2020-03-22,confirmado,Contacto,NA
933,CIUDAD DE MÉXICO,M,41,2020-03-12,confirmado,España,2020-03-13
934,CIUDAD DE MÉXICO,F,43,2020-03-15,confirmado,Contacto,NA
935,CIUDAD DE MÉXICO,M,27,2020-03-14,confirmado,Estados Unidos,2020-03-15
936,MÉXICO,M,35,2020-03-26,confirmado,Estados Unidos,2020-03-15
937,CIUDAD DE MÉXICO,M,43,2020-03-11,confirmado,Estados Unidos,2020-03-08
938,MÉXICO,F,61,2020-03-26,confirmado,Estados Unidos,2020-03-15
939,QUINTANA ROO,F,52,2020-03-24,confirmado,Contacto,2020-03-12
940,JALISCO,F,32,2020-03-24,confirmado,Contacto,NA
941,MÉXICO,M,46,2020-03-22,confirmado,Contacto,NA
942,MÉXICO,F,69,2020-03-26,confirmado,Contacto,NA
943,HIDALGO,M,57,2020-03-24,confirmado,Contacto,NA
944,YUCATÁN,F,78,2020-03-22,confirmado,Contacto,2020-03-21
945,NUEVO LEÓN,M,54,2020-03-20,confirmado,Contacto,NA
946,PUEBLA,M,63,2020-03-21,confirmado,Contacto,NA
947,PUEBLA,F,67,2020-03-22,confirmado,Francia,2020-02-22
948,PUEBLA,F,69,2020-03-22,confirmado,Contacto,NA
949,COAHUILA,F,48,2020-03-23,confirmado,Contacto,NA
950,CIUDAD DE MÉXICO,M,34,2020-03-11,confirmado,Contacto,NA
951,CIUDAD DE MÉXICO,F,52,2020-03-18,confirmado,Contacto,NA
952,CIUDAD DE MÉXICO,M,32,2020-03-18,confirmado,Contacto,NA
953,CIUDAD DE MÉXICO,M,31,2020-03-14,confirmado,España,2020-03-13
954,CIUDAD DE MÉXICO,M,50,2020-03-14,confirmado,Contacto,NA
955,MÉXICO,M,27,2020-03-15,confirmado,Contacto,2020-02-25
956,MÉXICO,M,40,2020-03-14,confirmado,Estados Unidos,2020-02-26
957,MÉXICO,M,24,2020-03-16,confirmado,Estados Unidos,2020-03-12
958,MÉXICO,F,21,2020-03-17,confirmado,España,2020-03-16
959,MÉXICO,M,61,2020-03-20,confirmado,Estados Unidos,2020-03-21
960,MÉXICO,M,40,2020-03-09,confirmado,Contacto,NA
961,CIUDAD DE MÉXICO,M,43,2020-03-16,confirmado,España,2020-03-08
962,MÉXICO,M,25,2020-03-22,confirmado,España,2020-03-20
963,ZACATECAS,F,52,2020-03-13,confirmado,Contacto,NA
964,BAJA CALIFORNIA,M,50,2020-03-19,confirmado,Contacto,NA
965,AGUASCALIENTES,F,58,2020-03-25,confirmado,España,2020-03-23
966,AGUASCALIENTES,F,41,2020-03-17,confirmado,Contacto,2020-03-16
967,AGUASCALIENTES,F,24,2020-03-19,confirmado,España,2020-03-23
968,AGUASCALIENTES,F,37,2020-03-18,confirmado,España,2020-03-17
969,PUEBLA,M,42,2020-03-22,confirmado,Contacto,NA
970,MORELOS,F,57,2020-03-20,confirmado,Contacto,2020-03-22
971,PUEBLA,M,24,2020-03-16,confirmado,Contacto,NA
972,CIUDAD DE MÉXICO,F,67,2020-03-21,confirmado,Contacto,NA
973,MÉXICO,M,21,2020-03-18,confirmado,Contacto,NA
974,CIUDAD DE MÉXICO,M,31,2020-03-17,confirmado,Contacto,NA
975,PUEBLA,M,46,2020-03-20,confirmado,Contacto,NA
976,TABASCO,M,23,2020-03-19,confirmado,Contacto,NA
977,CIUDAD DE MÉXICO,M,33,2020-03-21,confirmado,Contacto,NA
978,CIUDAD DE MÉXICO,F,68,2020-03-10,confirmado,Contacto,NA
979,CIUDAD DE MÉXICO,M,60,2020-03-21,confirmado,Contacto,NA
980,TABASCO,M,50,2020-03-25,confirmado,Contacto,NA
981,TABASCO,F,59,2020-03-19,confirmado,Contacto,NA
982,BAJA CALIFORNIA SUR,M,40,2020-03-26,confirmado,Contacto,NA
983,TABASCO,M,59,2020-03-25,confirmado,Contacto,NA
984,MÉXICO,M,49,2020-03-18,confirmado,Contacto,NA
985,MÉXICO,M,56,2020-03-25,confirmado,Contacto,NA
986,MÉXICO,M,40,2020-03-27,confirmado,Contacto,NA
987,MÉXICO,F,33,2020-03-26,confirmado,Contacto,NA
988,MÉXICO,F,59,2020-03-25,confirmado,Contacto,NA
989,MÉXICO,F,31,2020-03-20,confirmado,Contacto,NA
990,OAXACA,F,52,2020-03-27,confirmado,Contacto,2020-03-21
991,OAXACA,M,44,2020-03-26,confirmado,Estados Unidos,2020-03-15
992,BAJA CALIFORNIA SUR,M,50,2020-03-21,confirmado,España,2020-03-16
993,COAHUILA,M,47,2020-03-16,confirmado,Contacto,NA
