Número_caso,Estado,Sexo,Edad,Fecha_síntomas,Situación,País_fuente,Fecha_regreso
1,CIUDAD DE MÉXICO,M,35,2020-02-22,confirmado,Italia,2020-02-22
2,SINALOA,M,41,2020-02-22,recuperado,Italia,2020-02-21
3,CIUDAD DE MÉXICO,M,59,2020-02-23,confirmado,Italia,2020-02-22
4,COAHUILA,F,20,2020-02-27,recuperado,Italia,2020-02-25
5,CHIAPAS,F,18,2020-02-25,confirmado,Italia,2020-02-25
6,MÉXICO,M,71,2020-02-21,recuperado,Italia,2020-02-21
7,CIUDAD DE MÉXICO,M,46,2020-02-29,confirmado,Estados Unidos,2020-02-29
8,QUERÉTARO,M,43,2020-03-09,confirmado,España,2020-03-06
9,CIUDAD DE MÉXICO,M,41,2020-03-07,confirmado,Estados Unidos,2020-03-06
10,CIUDAD DE MÉXICO,F,30,2020-03-07,confirmado,España,2020-03-06
11,MÉXICO,F,64,2020-03-02,confirmado,Estados Unidos,2020-02-29
12,NUEVO LEÓN,M,57,2020-03-04,confirmado,Alemania,2020-03-03
13,MÉXICO,F,55,2020-03-09,confirmado,España,2020-03-09
14,DURANGO,M,58,2020-03-06,confirmado,España,2020-02-28
15,QUERÉTARO,F,65,2020-03-10,confirmado,Contacto,NA
16,QUERÉTARO,M,42,2020-03-05,confirmado,Italia,2020-03-05
17,CIUDAD DE MÉXICO,M,48,2020-03-10,confirmado,España,2020-03-09
18,CIUDAD DE MÉXICO,M,38,2020-03-10,confirmado,España,2020-03-09
19,QUERÉTARO,F,43,2020-03-11,confirmado,Contacto,NA
20,PUEBLA,M,31,2020-03-05,confirmado,España,2020-03-09
21,CIUDAD DE MÉXICO,M,37,2020-03-11,confirmado,Italia,2020-03-11
22,YUCATÁN,F,57,2020-03-07,confirmado,España,2020-03-06
23,CIUDAD DE MÉXICO,M,52,2020-03-08,confirmado,España,2020-03-08
24,CIUDAD DE MÉXICO,M,64,2020-03-10,confirmado,Contacto,2020-03-10
25,CIUDAD DE MÉXICO,M,68,2020-03-04,confirmado,España,2020-03-10
26,QUINTANA ROO,F,71,2020-03-01,confirmado,Italia,2020-03-01
27,SAN LUIS POTOSÍ,F,53,2020-03-11,confirmado,España,2020-03-10
28,NUEVO LEÓN,M,73,2020-03-09,confirmado,Estados Unidos,2020-03-10
29,NUEVO LEÓN,M,30,2020-03-09,confirmado,España,2020-03-07
30,PUEBLA,M,31,2020-03-09,confirmado,España,2020-03-08
31,CIUDAD DE MÉXICO,F,33,2020-03-10,confirmado,Francia,2020-03-08
32,JALISCO,F,54,2020-03-10,confirmado,España,2020-03-04
33,JALISCO,F,64,2020-03-01,confirmado,Alemania,2020-03-09
34,MÉXICO,M,61,2020-03-09,confirmado,Estados Unidos,2020-03-03
35,CIUDAD DE MÉXICO,M,45,2020-03-07,confirmado,España,2020-03-09
36,CIUDAD DE MÉXICO,F,62,2020-03-11,confirmado,Estados Unidos,2020-03-08
37,CIUDAD DE MÉXICO,M,72,2020-03-09,confirmado,Estados Unidos,2020-03-07
38,CIUDAD DE MÉXICO,M,41,2020-03-10,confirmado,España,2020-03-08
39,PUEBLA,M,30,2020-03-09,confirmado,España,2020-03-09
40,CIUDAD DE MÉXICO,M,38,2020-03-11,confirmado,Contacto,NA
41,OAXACA,F,30,2020-03-09,confirmado,España,2020-03-09
42,SINALOA,M,25,2020-03-09,confirmado,Estados Unidos,2020-03-13
43,SAN LUIS POTOSÍ,F,23,2020-03-07,confirmado,España,2020-03-10
44,QUERÉTARO,F,54,2020-03-10,confirmado,España,2020-03-10
45,OAXACA,M,61,2020-03-10,confirmado,Estados Unidos,2020-03-10
46,QUERÉTARO,F,55,2020-03-10,confirmado,España,2020-03-10
47,NUEVO LEÓN,M,27,2020-03-11,confirmado,España,2020-03-13
48,NUEVO LEÓN,M,46,2020-03-06,confirmado,Estados Unidos,2020-03-03
49,GUERRERO,M,32,2020-03-12,confirmado,Contacto,NA
50,DURANGO,M,32,2020-03-11,confirmado,Alemania,2020-03-11
51,GUERRERO,F,22,2020-03-09,confirmado,España,2020-03-12
52,PUEBLA,F,27,2020-03-05,confirmado,España,2020-03-09
53,CIUDAD DE MÉXICO,F,70,2020-03-07,confirmado,Estados Unidos,2020-03-08
54,CIUDAD DE MÉXICO,M,32,2020-03-10,confirmado,Contacto,NA
55,CIUDAD DE MÉXICO,M,59,2020-03-07,confirmado,España,2020-03-04
56,CIUDAD DE MÉXICO,M,70,2020-03-09,confirmado,Estados Unidos,2020-03-08
57,DURANGO,F,38,2020-03-09,confirmado,España,2020-03-12
58,AGUASCALIENTES,M,25,2020-03-14,confirmado,España,2020-03-12
59,PUEBLA,F,31,2020-03-10,confirmado,Contacto,NA
60,QUERÉTARO,F,45,2020-03-13,confirmado,España,2020-03-10
61,MÉXICO,M,27,2020-03-13,confirmado,Contacto,NA
62,MÉXICO,F,47,2020-03-05,confirmado,Estados Unidos,2020-02-29
63,MÉXICO,F,59,2020-03-07,confirmado,Francia,2020-03-08
64,GUANAJUATO,M,39,2020-03-12,confirmado,Alemania,2020-03-10
65,NUEVO LEÓN,M,72,2020-03-11,confirmado,Estados Unidos,2020-03-10
66,CHIHUAHUA,M,30,2020-03-12,confirmado,Alemania,2020-03-12
67,QUINTANA ROO,F,50,2020-03-08,confirmado,España,2020-03-11
68,QUINTANA ROO,F,19,2020-03-13,confirmado,España,2020-03-11
69,QUINTANA ROO,M,44,2020-03-11,confirmado,Contacto,NA
70,MÉXICO,F,49,2020-03-13,confirmado,España,2020-03-13
71,PUEBLA,M,32,2020-03-11,confirmado,Estados Unidos,2020-03-07
72,NUEVO LEÓN,F,74,2020-03-09,confirmado,España,2020-03-12
73,NUEVO LEÓN,F,80,2020-03-09,confirmado,España,2020-03-12
74,NUEVO LEÓN,M,71,2020-03-07,confirmado,Estados Unidos,2020-03-10
75,NUEVO LEÓN,M,53,2020-03-09,confirmado,España,2020-03-10
76,NUEVO LEÓN,M,42,2020-03-02,confirmado,Estados Unidos,2020-03-02
77,MÉXICO,M,45,2020-03-11,confirmado,Estados Unidos,2020-03-01
78,NUEVO LEÓN,M,33,2020-03-09,confirmado,Estados Unidos,2020-03-12
79,NUEVO LEÓN,F,27,2020-03-12,confirmado,Estados Unidos,2020-03-12
80,YUCATÁN,F,31,2020-03-08,confirmado,Francia,2020-03-10
81,YUCATÁN,M,21,2020-03-13,confirmado,España,2020-03-13
82,TAMAULIPAS,M,55,2020-03-13,confirmado,Singapur,2020-03-11
83,PUEBLA,F,27,2020-03-09,confirmado,España,2020-03-09
84,PUEBLA,M,31,2020-03-09,confirmado,España,2020-03-09
85,YUCATÁN,F,54,2020-03-11,confirmado,España,2020-03-08
86,SONORA,M,72,2020-03-11,confirmado,Estados Unidos,2020-03-11
87,JALISCO,M,49,2020-03-06,confirmado,España,2020-03-04
88,JALISCO,M,41,2020-03-10,confirmado,Estados Unidos,2020-02-29
89,JALISCO,F,56,2020-03-11,confirmado,Contacto,NA
90,YUCATÁN,M,37,2020-03-09,confirmado,Estados Unidos,2020-03-06
91,NUEVO LEÓN,M,19,2020-03-07,confirmado,Contacto,2020-03-10
92,CIUDAD DE MÉXICO,M,41,2020-03-09,fallecido,En investigación,NA
93,NUEVO LEÓN,M,34,2020-03-12,confirmado,Estados Unidos,2020-03-07
94,NUEVO LEÓN,M,41,2020-03-10,confirmado,Estados Unidos,2020-03-07
95,NUEVO LEÓN,M,46,2020-03-11,confirmado,Estados Unidos,2020-03-09
96,NUEVO LEÓN,M,21,2020-03-14,confirmado,España,2020-03-15
97,NUEVO LEÓN,M,21,2020-03-15,confirmado,España,2020-03-13
98,YUCATÁN,F,21,2020-03-13,confirmado,España,2020-03-13
99,YUCATÁN,M,25,2020-03-11,confirmado,España,2020-03-15
100,JALISCO,F,36,2020-03-10,confirmado,Contacto,NA
101,CIUDAD DE MÉXICO,M,53,2020-03-09,confirmado,España,2020-03-09
102,CIUDAD DE MÉXICO,F,53,2020-03-06,confirmado,España,2020-03-09
103,MÉXICO,M,56,2020-03-07,confirmado,Estados Unidos,2020-03-05
104,VERACRUZ,F,21,2020-03-03,confirmado,España,2020-03-12
105,VERACRUZ,M,24,2020-03-14,confirmado,España,2020-03-14
106,SAN LUIS POTOSÍ,M,32,2020-03-14,confirmado,España,2020-03-14
107,PUEBLA,M,25,2020-03-10,confirmado,España,2020-03-09
108,YUCATÁN,F,26,2020-03-08,confirmado,España,2020-03-14
109,COLIMA,M,46,2020-03-15,confirmado,Alemania,2020-03-13
110,BAJA CALIFORNIA,F,54,2020-03-11,confirmado,Estados Unidos,2020-03-02
111,BAJA CALIFORNIA,F,57,2020-03-13,confirmado,Contacto,2020-03-16
112,CIUDAD DE MÉXICO,M,47,2020-03-12,confirmado,Estados Unidos,2020-03-12
113,CIUDAD DE MÉXICO,M,43,2020-03-14,confirmado,Estados Unidos,2020-03-12
114,HIDALGO,M,39,2020-03-07,confirmado,Francia,2020-03-06
115,SONORA,M,44,2020-03-12,confirmado,Italia,2020-03-10
116,TABASCO,F,61,2020-03-14,confirmado,Francia,2020-03-16
117,PUEBLA,M,64,2020-03-08,confirmado,Estados Unidos,2020-03-08
118,SINALOA,F,25,2020-03-15,confirmado,Estados Unidos,2020-03-17
119,HIDALGO,M,43,2020-03-08,confirmado,Estados Unidos,2020-02-10
120,SAN LUIS POTOSÍ,M,39,2020-03-16,confirmado,España,2020-03-14
121,SAN LUIS POTOSÍ,M,31,2020-03-15,confirmado,Francia,2020-03-14
122,SAN LUIS POTOSÍ,M,44,2020-03-16,confirmado,España,2020-03-16
123,SAN LUIS POTOSÍ,F,63,2020-03-15,confirmado,España,2020-03-17
124,CIUDAD DE MÉXICO,M,28,2020-03-16,confirmado,Contacto,NA
125,PUEBLA,F,24,2020-03-16,confirmado,Contacto,NA
126,GUANAJUATO,F,18,2020-03-10,confirmado,Estados Unidos,2020-03-13
127,TAMAULIPAS,F,23,2020-03-16,confirmado,España,2020-03-12
128,QUINTANA ROO,M,17,2020-03-09,confirmado,Estados Unidos,2020-03-09
129,QUINTANA ROO,M,39,2020-03-16,confirmado,Italia,2020-03-01
130,GUERRERO,M,79,2020-03-15,confirmado,España,2020-03-13
131,GUANAJUATO,F,27,2020-03-14,confirmado,España,2020-03-14
132,GUANAJUATO,F,52,2020-03-12,confirmado,España,2020-03-14
133,QUERÉTARO,M,25,2020-03-08,confirmado,España,2020-03-16
134,YUCATÁN,F,27,2020-03-13,confirmado,Contacto,NA
135,YUCATÁN,M,51,2020-03-14,confirmado,Contacto,NA
136,YUCATÁN,M,32,2020-03-11,confirmado,Estados Unidos,NA
137,YUCATÁN,M,30,2020-03-16,confirmado,España,2020-03-11
138,YUCATÁN,M,45,2020-03-13,confirmado,Estados Unidos,2020-03-13
139,JALISCO,M,27,2020-03-13,confirmado,España,2020-03-15
140,JALISCO,F,49,2020-03-12,confirmado,España,2020-03-09
141,JALISCO,M,19,2020-03-16,confirmado,España,2020-03-13
142,GUERRERO,F,38,2020-03-13,confirmado,Estados Unidos,2020-03-01
143,CIUDAD DE MÉXICO,M,46,2020-03-12,confirmado,Estados Unidos,2020-03-10
144,CIUDAD DE MÉXICO,M,35,2020-03-11,confirmado,Estados Unidos,2020-03-05
145,AGUASCALIENTES,M,70,2020-03-15,confirmado,Estados Unidos,2020-03-13
146,CIUDAD DE MÉXICO,M,59,2020-03-13,confirmado,Contacto,NA
147,AGUASCALIENTES,M,50,2020-03-16,confirmado,España,2020-03-17
148,QUERÉTARO,M,34,2020-03-15,confirmado,Francia,2020-03-15
149,JALISCO,F,73,2020-03-14,confirmado,Contacto,NA
150,JALISCO,M,52,2020-03-14,confirmado,Estados Unidos,2020-03-14
151,JALISCO,M,50,2020-03-04,confirmado,Estados Unidos,2020-03-07
152,AGUASCALIENTES,M,42,2020-03-10,confirmado,España,2020-03-11
153,JALISCO,F,19,2020-03-11,confirmado,Estados Unidos,2020-03-07
154,JALISCO,F,29,2020-03-14,confirmado,Estados Unidos,2020-03-07
155,JALISCO,M,41,2020-03-08,confirmado,Estados Unidos,2020-03-09
156,JALISCO,M,54,2020-03-07,confirmado,Estados Unidos,2020-03-07
157,JALISCO,F,62,2020-03-09,confirmado,Estados Unidos,2020-02-23
158,JALISCO,M,42,2020-03-12,confirmado,Estados Unidos,2020-03-11
159,JALISCO,M,49,2020-03-13,confirmado,Estados Unidos,2020-03-08
160,JALISCO,M,29,2020-03-08,confirmado,Estados Unidos,2020-03-07
161,JALISCO,M,19,2020-03-14,confirmado,España,2020-03-13
162,JALISCO,M,63,2020-03-14,confirmado,Estados Unidos,2020-03-14
163,CHIAPAS,M,47,2020-03-14,confirmado,Alemania,2020-03-13
164,CIUDAD DE MÉXICO,F,38,2020-03-14,confirmado,Contacto,NA
