Número_caso,Estado,Sexo,Edad,Fecha_síntomas,Situación,País_fuente,Fecha_regreso
1,CIUDAD DE MÉXICO,M,35,2020-02-22,confirmado,Italia,2020-02-22
2,SINALOA,M,41,2020-02-22,recuperado,Italia,2020-02-21
3,CIUDAD DE MÉXICO,M,59,2020-02-23,confirmado,Italia,2020-02-22
4,COAHUILA,F,20,2020-02-27,confirmado,Italia,2020-02-25
5,CHIAPAS,F,18,2020-02-25,confirmado,Italia,2020-02-25
6,MÉXICO,M,71,2020-02-21,recuperado,Italia,2020-02-21
7,CIUDAD DE MÉXICO,M,46,2020-02-29,confirmado,Estados Unidos,2020-02-29
8,QUERÉTARO,M,43,2020-03-09,confirmado,España,2020-03-06
9,CIUDAD DE MÉXICO,M,41,2020-03-07,confirmado,Estados Unidos,2020-03-06
10,CIUDAD DE MÉXICO,F,30,2020-03-07,confirmado,España,2020-03-06
11,MÉXICO,F,64,2020-03-02,confirmado,Estados Unidos,2020-02-29
12,NUEVO LEÓN,M,57,2020-03-04,confirmado,Alemania,2020-03-03
13,MÉXICO,F,55,2020-03-09,confirmado,España,2020-03-09
14,DURANGO,M,58,2020-03-06,confirmado,España,2020-02-28
15,QUERÉTARO,F,65,2020-03-10,confirmado,Contacto,NA
16,QUERÉTARO,M,42,2020-03-05,confirmado,Italia,2020-03-05
17,CIUDAD DE MÉXICO,M,48,2020-03-10,confirmado,España,2020-03-09
18,CIUDAD DE MÉXICO,M,38,2020-03-10,confirmado,España,2020-03-09
19,QUERÉTARO,F,43,2020-03-11,confirmado,Contacto,NA
20,PUEBLA,M,31,2020-03-05,confirmado,España,2020-03-09
21,CIUDAD DE MÉXICO,M,37,2020-03-11,confirmado,Italia,2020-03-11
22,YUCATÁN,F,57,2020-03-07,confirmado,España,2020-03-06
23,CIUDAD DE MÉXICO,M,52,2020-03-08,confirmado,España,2020-03-08
24,CIUDAD DE MÉXICO,M,64,2020-03-10,confirmado,Contacto,2020-03-10
25,CIUDAD DE MÉXICO,M,68,2020-03-04,confirmado,España,2020-03-10
26,QUINTANA ROO,F,71,2020-03-01,confirmado,Italia,2020-03-01
27,SAN LUIS POTOSÍ,F,53,2020-03-11,confirmado,España,2020-03-10
28,NUEVO LEÓN,M,73,2020-03-09,confirmado,Estados Unidos,2020-03-10
29,NUEVO LEÓN,M,30,2020-03-09,confirmado,España,2020-03-07
30,PUEBLA,M,31,2020-03-09,confirmado,España,2020-03-08
31,CIUDAD DE MÉXICO,F,33,2020-03-10,confirmado,Francia,2020-03-08
32,JALISCO,F,54,2020-03-10,confirmado,España,2020-03-04
33,JALISCO,F,64,2020-03-01,confirmado,Alemania,2020-03-09
34,CIUDAD DE MÉXICO,M,45,2020-03-07,confirmado,España,2020-03-09
35,CIUDAD DE MÉXICO,F,62,2020-03-11,confirmado,Estados Unidos,2020-03-08
36,CIUDAD DE MÉXICO,M,72,2020-03-09,confirmado,Estados Unidos,2020-03-07
37,CIUDAD DE MÉXICO,M,41,2020-03-10,confirmado,España,2020-03-08
38,PUEBLA,M,30,2020-03-09,confirmado,España,2020-03-09
39,CIUDAD DE MÉXICO,M,38,2020-03-11,confirmado,Contacto,NA
40,OAXACA,F,30,2020-03-09,confirmado,España,2020-03-09
41,OAXACA,M,61,2020-03-10,confirmado,Estados Unidos,2020-03-10
