Número_caso,Estado,Sexo,Edad,Fecha_síntomas,Situación,País_fuente,Fecha_regreso
1,CHIAPAS,F,18,2020-02-25,confirmado,Italia,2020-02-25
2,CIUDAD DE MÉXICO,M,35,2020-02-22,confirmado,Italia,2020-02-22
3,CIUDAD DE MÉXICO,M,59,2020-02-23,confirmado,Italia,2020-02-22
4,CIUDAD DE MÉXICO,M,46,2020-02-29,confirmado,Estados Unidos,2020-02-29
5,CIUDAD DE MÉXICO,M,68,2020-03-04,confirmado,España,2020-03-10
6,CIUDAD DE MÉXICO,M,41,2020-03-07,confirmado,Estados Unidos,2020-03-06
7,CIUDAD DE MÉXICO,F,30,2020-03-07,confirmado,España,2020-03-06
8,CIUDAD DE MÉXICO,M,52,2020-03-08,confirmado,España,2020-03-08
9,CIUDAD DE MÉXICO,M,48,2020-03-10,confirmado,España,2020-03-09
10,CIUDAD DE MÉXICO,M,38,2020-03-10,confirmado,España,2020-03-09
11,CIUDAD DE MÉXICO,M,64,2020-03-10,confirmado,Contacto,2020-03-10
12,CIUDAD DE MÉXICO,M,37,2020-03-11,confirmado,Italia,2020-03-11
13,COAHUILA,F,20,2020-02-27,confirmado,Italia,2020-02-25
14,DURANGO,M,58,2020-03-06,confirmado,España,2020-02-28
15,MÉXICO,M,71,2020-02-21,confirmado,Italia,2020-02-21
16,MÉXICO,F,64,2020-03-02,confirmado,Estados Unidos,2020-02-29
17,MÉXICO,F,55,2020-03-09,confirmado,España,2020-03-09
18,NUEVO LEÓN,M,57,2020-03-04,confirmado,Alemania,2020-03-03
19,PUEBLA,M,31,2020-03-05,confirmado,España,2020-03-09
20,PUEBLA,M,missing,2020-03-09,confirmado,España,missing
21,QUERÉTARO,M,42,2020-03-05,confirmado,Italia,2020-03-05
22,QUERÉTARO,M,43,2020-03-09,confirmado,España,2020-03-06
23,QUERÉTARO,F,65,2020-03-10,confirmado,Contacto,NA
24,QUERÉTARO,F,43,2020-03-11,confirmado,Contacto,NA
25,QUINTANA ROO,F,71,2020-03-01,confirmado,Italia,2020-03-01
26,YUCATÁN,F,57,2020-03-07,confirmado,España,2020-03-06
27,SINALOA,M,41,2020-02-22,recuperado,Italia,2020-02-21
