Número_caso,Estado,Sexo,Edad,Fecha_síntomas,Situación,País_fuente,Fecha_regreso
1,SAN LUIS POTOSÍ,F,22,2020-03-11,Sospechoso,España,2020-03-06
2,CIUDAD DE MÉXICO,F,26,2020-03-13,Sospechoso,España,2020-03-13
3,MÉXICO,M,23,2020-03-03,Sospechoso,España,2020-03-02
4,MÉXICO,M,34,2020-02-16,Sospechoso,Italia,2020-02-29
5,CIUDAD DE MÉXICO,F,30,2020-03-07,Sospechoso,España,2020-02-28
6,MÉXICO,M,26,2020-03-04,Sospechoso,España,2020-03-10
7,VERACRUZ,F,64,2020-03-15,Sospechoso,España,2020-03-13
8,MÉXICO,M,40,2020-03-13,Sospechoso,Estados Unidos,2020-03-06
9,VERACRUZ,M,24,2020-03-09,Sospechoso,Estados Unidos,2020-03-15
10,CIUDAD DE MÉXICO,F,26,2020-03-07,Sospechoso,Contacto,NA
11,CIUDAD DE MÉXICO,F,31,2020-03-10,Sospechoso,Contacto,NA
12,MÉXICO,F,39,2020-03-13,Sospechoso,Estados Unidos,2020-03-06
13,CIUDAD DE MÉXICO,M,32,2020-03-08,Sospechoso,España,2020-03-03
14,MÉXICO,F,24,2020-03-10,Sospechoso,Estados Unidos,2020-03-15
15,MÉXICO,M,44,2020-02-19,Sospechoso,Italia,2020-02-22
16,CIUDAD DE MÉXICO,M,30,2020-03-07,Sospechoso,España,2020-02-28
17,VERACRUZ,M,61,2020-03-16,Sospechoso,Contacto,2020-03-15
18,QUINTANA ROO,M,42,2020-03-14,Sospechoso,España,2020-03-13
19,MÉXICO,M,9,2020-02-24,Sospechoso,Contacto,NA
20,TAMAULIPAS,M,48,2020-03-15,Sospechoso,Contacto,NA
21,CIUDAD DE MÉXICO,M,38,2020-03-10,Sospechoso,Estados Unidos,2020-03-07
22,CIUDAD DE MÉXICO,M,43,2020-03-14,Sospechoso,Contacto,NA
23,CIUDAD DE MÉXICO,F,35,2020-03-09,Sospechoso,Contacto,NA
24,PUEBLA,M,49,2020-03-15,Sospechoso,Contacto,NA
25,MÉXICO,F,34,2020-03-09,Sospechoso,Contacto,NA
26,SAN LUIS POTOSÍ,M,25,2020-03-13,Sospechoso,Contacto,NA
27,CIUDAD DE MÉXICO,M,79,2020-03-12,Sospechoso,Contacto,NA
28,CIUDAD DE MÉXICO,M,37,2020-03-14,Sospechoso,España,2020-03-14
29,QUINTANA ROO,F,25,2020-03-14,Sospechoso,Contacto,NA
30,MÉXICO,F,37,2020-03-04,Sospechoso,Estados Unidos,2020-03-07
31,CIUDAD DE MÉXICO,F,76,2020-03-15,Sospechoso,Contacto,NA
32,GUERRERO,M,29,2020-03-15,Sospechoso,Contacto,NA
33,HIDALGO,F,72,2020-03-14,Sospechoso,Estados Unidos,2020-03-14
34,MÉXICO,F,4,2020-03-04,Sospechoso,Estados Unidos,2020-03-07
35,CIUDAD DE MÉXICO,M,61,2020-03-16,Sospechoso,España,2020-03-11
36,MÉXICO,F,52,2020-03-10,Sospechoso,España,2020-03-12
37,VERACRUZ,F,23,2020-03-12,Sospechoso,España,2020-02-29
38,MÉXICO,F,3,2020-03-04,Sospechoso,Estados Unidos,2020-03-07
39,CIUDAD DE MÉXICO,M,33,2020-03-09,Sospechoso,Contacto,NA
40,CIUDAD DE MÉXICO,F,37,2020-03-14,Sospechoso,Contacto,NA
41,MÉXICO,M,56,2020-03-17,Sospechoso,España,2020-03-12
42,VERACRUZ,M,29,2020-03-15,Sospechoso,España,2020-03-14
43,BAJA CALIFORNIA,M,72,2020-03-09,Sospechoso,Estados Unidos,2020-03-10
44,SONORA,F,49,2020-03-03,Sospechoso,Estados Unidos,2020-02-24
45,QUINTANA ROO,F,53,2020-03-16,Sospechoso,Contacto,2020-03-06
46,CIUDAD DE MÉXICO,F,44,2020-03-15,Sospechoso,Francia,2020-03-15
47,QUINTANA ROO,M,45,2020-03-15,Sospechoso,Contacto,2020-03-15
48,JALISCO,M,54,2020-03-13,Sospechoso,Contacto,NA
49,VERACRUZ,F,34,2020-03-12,Sospechoso,Italia,2020-03-14
50,CIUDAD DE MÉXICO,F,22,2020-03-11,Sospechoso,España,2020-03-08
51,HIDALGO,F,23,2020-03-14,Sospechoso,Alemania,2020-03-15
52,CIUDAD DE MÉXICO,M,67,2020-03-06,Sospechoso,España,2020-02-29
53,QUINTANA ROO,F,29,2020-03-14,Sospechoso,Contacto,NA
54,QUINTANA ROO,M,69,2020-03-14,Sospechoso,España,2020-03-04
55,JALISCO,M,26,2020-03-15,Sospechoso,Estados Unidos,2020-03-08
56,VERACRUZ,F,63,2020-03-12,Sospechoso,Estados Unidos,2020-03-14
57,QUINTANA ROO,F,22,2020-03-16,Sospechoso,España,2020-03-16
58,QUINTANA ROO,M,9,2020-03-05,Sospechoso,Estados Unidos,2020-03-03
59,JALISCO,M,16,2020-03-17,Sospechoso,Estados Unidos,2020-03-07
60,QUINTANA ROO,M,38,2020-03-13,Sospechoso,Contacto,NA
61,QUINTANA ROO,M,5,2020-03-05,Sospechoso,Estados Unidos,2020-03-03
62,MÉXICO,M,32,2020-03-10,Sospechoso,Contacto,NA
63,JALISCO,M,30,2020-03-12,Sospechoso,Alemania,2020-03-13
64,MÉXICO,F,32,2020-03-15,Sospechoso,Contacto,NA
65,JALISCO,F,42,2020-03-12,Sospechoso,Estados Unidos,2020-03-11
66,MÉXICO,M,32,2020-03-10,Sospechoso,Contacto,NA
67,MÉXICO,M,35,2020-03-10,Sospechoso,Contacto,NA
68,MÉXICO,M,27,2020-03-15,Sospechoso,Contacto,NA
69,VERACRUZ,M,20,2020-03-15,Sospechoso,Contacto,NA
70,VERACRUZ,M,19,2020-03-15,Sospechoso,Contacto,NA
71,MICHOACÁN,M,22,2020-03-15,Sospechoso,Estados Unidos,2020-03-17
72,GUERRERO,M,41,2020-03-16,Sospechoso,Estados Unidos,2020-03-02
73,VERACRUZ,F,57,2020-03-12,Sospechoso,Contacto,NA
74,BAJA CALIFORNIA,F,34,2020-03-14,Sospechoso,Estados Unidos,2020-03-08
75,GUERRERO,F,3,2020-03-15,Sospechoso,Contacto,NA
76,VERACRUZ,M,43,2020-03-15,Sospechoso,España,2020-03-16
77,BAJA CALIFORNIA,F,23,2020-03-16,Sospechoso,Estados Unidos,2020-03-16
78,MORELOS,M,42,2020-03-15,Sospechoso,Japón,2020-03-15
79,GUERRERO,F,62,2020-03-14,Sospechoso,Francia,2020-03-02
80,BAJA CALIFORNIA,M,35,2020-03-13,Sospechoso,Estados Unidos,2020-03-08
81,CIUDAD DE MÉXICO,M,28,2020-03-12,Sospechoso,España,2020-03-12
82,MÉXICO,F,29,2020-03-15,Sospechoso,Contacto,NA
83,BAJA CALIFORNIA,F,29,2020-03-13,Sospechoso,Estados Unidos,2020-03-13
84,CIUDAD DE MÉXICO,M,61,2020-03-05,Sospechoso,Estados Unidos,2020-02-29
85,CIUDAD DE MÉXICO,M,43,2020-03-13,Sospechoso,Contacto,NA
86,CIUDAD DE MÉXICO,F,29,2020-03-12,Sospechoso,España,2020-03-12
87,GUERRERO,F,3,2020-03-12,Sospechoso,Contacto,NA
88,SAN LUIS POTOSÍ,F,33,2020-03-09,Sospechoso,Contacto,NA
89,CIUDAD DE MÉXICO,F,42,2020-03-12,Sospechoso,Estados Unidos,2020-02-13
90,CIUDAD DE MÉXICO,M,24,2020-03-10,Sospechoso,Estados Unidos,2020-03-01
91,GUANAJUATO,F,66,2020-03-13,Sospechoso,Estados Unidos,2020-03-01
92,BAJA CALIFORNIA,F,47,2020-03-13,Sospechoso,Estados Unidos,2020-03-09
93,BAJA CALIFORNIA,F,27,2020-03-13,Sospechoso,Estados Unidos,2020-03-03
94,CIUDAD DE MÉXICO,M,34,2020-03-04,Sospechoso,Italia,2020-02-29
95,CIUDAD DE MÉXICO,F,49,2020-03-07,Sospechoso,Contacto,2020-03-04
96,GUANAJUATO,F,30,2020-03-05,Sospechoso,Estados Unidos,2020-03-16
97,BAJA CALIFORNIA,M,35,2020-03-16,Sospechoso,Contacto,2020-03-17
98,SAN LUIS POTOSÍ,M,59,2020-03-15,Sospechoso,Estados Unidos,2020-03-06
99,CIUDAD DE MÉXICO,F,21,2020-03-11,Sospechoso,Contacto,NA
100,TAMAULIPAS,F,4,2020-03-16,Sospechoso,Estados Unidos,2020-03-02
101,GUANAJUATO,M,29,2020-03-15,Sospechoso,Estados Unidos,2020-03-16
102,BAJA CALIFORNIA,M,26,2020-03-15,Sospechoso,Francia,2020-03-13
103,CIUDAD DE MÉXICO,M,71,2020-03-04,Sospechoso,España,2020-03-14
104,COLIMA,F,23,2020-03-17,Sospechoso,Estados Unidos,2020-03-10
105,CIUDAD DE MÉXICO,F,31,2020-03-15,Sospechoso,Contacto,NA
106,CIUDAD DE MÉXICO,F,25,2020-03-09,Sospechoso,España,2020-03-13
107,VERACRUZ,M,5,2020-03-15,Sospechoso,China,2020-03-11
108,CIUDAD DE MÉXICO,M,43,2020-03-08,Sospechoso,España,2020-03-04
109,BAJA CALIFORNIA,M,31,2020-03-15,Sospechoso,Estados Unidos,2020-03-11
110,COAHUILA,M,9,2020-03-16,Sospechoso,Estados Unidos,2020-03-12
111,VERACRUZ,F,38,2020-03-16,Sospechoso,España,2020-03-13
112,CIUDAD DE MÉXICO,F,31,2020-03-03,Sospechoso,Alemania,2020-03-09
113,GUANAJUATO,M,32,2020-03-13,Sospechoso,Estados Unidos,2020-03-11
114,NUEVO LEÓN,F,15,2020-03-14,Sospechoso,Contacto,NA
115,CIUDAD DE MÉXICO,M,29,2020-03-13,Sospechoso,Estados Unidos,2020-03-12
116,JALISCO,M,25,2020-03-15,Sospechoso,Contacto,NA
117,CIUDAD DE MÉXICO,F,69,2020-02-25,Sospechoso,Italia,2020-03-03
118,NUEVO LEÓN,M,41,2020-03-11,Sospechoso,Contacto,NA
119,GUANAJUATO,M,32,2020-03-12,Sospechoso,Estados Unidos,2020-02-29
120,GUANAJUATO,F,28,2020-03-08,Sospechoso,Estados Unidos,2020-03-08
121,COAHUILA,M,25,2020-03-12,Sospechoso,Estados Unidos,2020-03-06
122,NUEVO LEÓN,F,40,2020-03-14,Sospechoso,Estados Unidos,2020-03-01
123,MICHOACÁN,F,37,2020-03-13,Sospechoso,Estados Unidos,2020-03-02
124,NUEVO LEÓN,F,63,2020-03-11,Sospechoso,Estados Unidos,2020-03-15
125,GUANAJUATO,M,32,2020-03-09,Sospechoso,Estados Unidos,2020-03-10
126,SONORA,M,43,2020-03-14,Sospechoso,Estados Unidos,2020-03-14
127,BAJA CALIFORNIA,F,53,2020-03-10,Sospechoso,Estados Unidos,2020-03-11
128,NUEVO LEÓN,F,43,2020-03-14,Sospechoso,Contacto,NA
129,GUANAJUATO,M,18,2020-03-12,Sospechoso,Estados Unidos,2020-03-15
130,SONORA,F,36,2020-03-16,Sospechoso,Estados Unidos,2020-03-12
131,CIUDAD DE MÉXICO,F,27,2020-03-03,Sospechoso,España,2020-03-03
132,GUANAJUATO,M,15,2020-03-09,Sospechoso,Estados Unidos,2020-03-01
133,NUEVO LEÓN,F,55,2020-03-14,Sospechoso,Contacto,NA
134,ZACATECAS,M,32,2020-03-13,Sospechoso,Estados Unidos,2020-03-07
135,SONORA,F,5,2020-03-16,Sospechoso,Estados Unidos,2020-03-09
136,CIUDAD DE MÉXICO,F,41,2020-03-08,Sospechoso,Estados Unidos,2020-03-08
137,VERACRUZ,F,64,2020-03-18,Sospechoso,España,2020-03-15
138,CIUDAD DE MÉXICO,M,25,2020-03-10,Sospechoso,Estados Unidos,2020-02-26
139,NUEVO LEÓN,M,35,2020-03-09,Sospechoso,Estados Unidos,2020-03-09
140,GUANAJUATO,F,21,2020-03-17,Sospechoso,España,2020-03-18
141,CIUDAD DE MÉXICO,F,45,2020-03-15,Sospechoso,Francia,2020-03-09
142,BAJA CALIFORNIA,F,21,2020-03-12,Sospechoso,España,2020-03-16
143,QUINTANA ROO,F,31,2020-03-11,Sospechoso,Contacto,NA
144,CIUDAD DE MÉXICO,M,67,2020-03-08,Sospechoso,Estados Unidos,2020-03-08
145,NUEVO LEÓN,M,42,2020-03-16,Sospechoso,Contacto,NA
146,CHIHUAHUA,F,18,2020-03-17,Sospechoso,Estados Unidos,2020-03-14
147,GUANAJUATO,F,63,2020-03-15,Sospechoso,España,2020-03-17
148,DURANGO,M,74,2020-03-15,Sospechoso,Estados Unidos,2020-03-03
149,OAXACA,F,28,2020-03-16,Sospechoso,Contacto,2020-03-16
150,SINALOA,F,34,2020-03-13,Sospechoso,Estados Unidos,2020-02-29
151,MICHOACÁN,F,1,2020-03-06,Sospechoso,Estados Unidos,2020-03-02
152,MORELOS,M,37,2020-03-14,Sospechoso,Estados Unidos,2020-03-07
153,ZACATECAS,M,76,2020-03-13,Sospechoso,Contacto,NA
154,QUERÉTARO,M,30,2020-03-16,Sospechoso,España,2020-03-15
155,JALISCO,M,19,2020-03-18,Sospechoso,España,2020-03-17
156,OAXACA,F,44,2020-03-16,Sospechoso,Contacto,2020-03-16
157,TLAXCALA,F,24,2020-03-13,Sospechoso,España,2020-03-13
158,QUINTANA ROO,F,27,2020-03-13,Sospechoso,Francia,2020-03-02
159,MÉXICO,F,0,2020-03-04,Sospechoso,Estados Unidos,2020-03-07
160,OAXACA,M,35,2020-03-13,Sospechoso,Alemania,2020-03-11
161,SINALOA,F,35,2020-03-17,Sospechoso,Estados Unidos,2020-03-16
162,VERACRUZ,F,25,2020-03-16,Sospechoso,Estados Unidos,2020-03-16
163,SINALOA,F,62,2020-03-17,Sospechoso,Estados Unidos,2020-03-16
164,NUEVO LEÓN,F,14,2020-03-12,Sospechoso,Estados Unidos,2020-03-12
165,NUEVO LEÓN,F,36,2020-03-11,Sospechoso,Estados Unidos,2020-03-03
166,SONORA,M,31,2020-03-16,Sospechoso,España,2020-03-14
167,QUINTANA ROO,M,40,2020-03-16,Sospechoso,España,2020-03-15
168,OAXACA,F,33,2020-03-16,Sospechoso,Contacto,2020-03-16
169,AGUASCALIENTES,M,36,2020-03-12,Sospechoso,Estados Unidos,2020-03-13
170,NUEVO LEÓN,F,6,2020-03-16,Sospechoso,Contacto,NA
171,NUEVO LEÓN,F,32,2020-03-16,Sospechoso,Estados Unidos,2020-03-15
172,VERACRUZ,F,63,2020-03-14,Sospechoso,España,2020-03-13
173,SINALOA,F,44,2020-03-17,Sospechoso,Estados Unidos,2020-03-16
174,NUEVO LEÓN,M,8,2020-03-16,Sospechoso,Contacto,NA
175,CIUDAD DE MÉXICO,F,62,2020-03-07,Sospechoso,Estados Unidos,2020-02-27
176,GUERRERO,F,74,2020-03-08,Sospechoso,España,2020-03-04
177,NUEVO LEÓN,F,29,2020-03-13,Sospechoso,España,2020-03-14
178,MORELOS,F,54,2020-03-17,Sospechoso,Estados Unidos,2020-03-17
179,OAXACA,F,31,2020-03-16,Sospechoso,Contacto,2020-03-16
180,NUEVO LEÓN,F,5,2020-03-16,Sospechoso,Contacto,NA
181,BAJA CALIFORNIA,F,44,2020-03-13,Sospechoso,España,2020-03-17
182,VERACRUZ,F,57,2020-03-14,Sospechoso,Estados Unidos,2020-03-16
183,NUEVO LEÓN,F,30,2020-03-12,Sospechoso,Estados Unidos,2020-03-06
184,NUEVO LEÓN,F,28,2020-03-09,Sospechoso,Japón,2020-03-11
185,VERACRUZ,F,23,2020-03-16,Sospechoso,Estados Unidos,2020-03-16
186,NUEVO LEÓN,F,55,2020-03-12,Sospechoso,Estados Unidos,2020-03-13
187,NUEVO LEÓN,M,29,2020-03-13,Sospechoso,Contacto,NA
188,AGUASCALIENTES,M,34,2020-03-09,Sospechoso,España,2020-03-10
189,YUCATÁN,F,82,2020-03-14,Sospechoso,Contacto,NA
190,AGUASCALIENTES,F,28,2020-03-05,Sospechoso,España,2020-03-10
191,OAXACA,F,40,2020-03-11,Sospechoso,Contacto,NA
192,AGUASCALIENTES,M,38,2020-03-12,Sospechoso,Estados Unidos,2020-03-14
193,MICHOACÁN,M,51,2020-03-13,Sospechoso,España,2020-03-12
194,AGUASCALIENTES,F,29,2020-03-17,Sospechoso,Contacto,NA
195,NUEVO LEÓN,M,31,2020-03-15,Sospechoso,Estados Unidos,2020-03-15
196,COAHUILA,M,28,2020-03-07,Sospechoso,Estados Unidos,NA
197,NUEVO LEÓN,F,6,2020-03-14,Sospechoso,Contacto,NA
198,COAHUILA,F,27,2020-03-07,Sospechoso,Estados Unidos,NA
199,YUCATÁN,F,21,2020-03-11,Sospechoso,España,2020-03-15
200,NUEVO LEÓN,F,30,2020-03-14,Sospechoso,Contacto,NA
201,NUEVO LEÓN,M,30,2020-03-07,Sospechoso,Japón,2020-03-11
202,QUINTANA ROO,M,35,2020-03-15,Sospechoso,Contacto,2020-03-14
203,YUCATÁN,M,22,2020-03-15,Sospechoso,España,2020-03-11
204,NUEVO LEÓN,M,55,2020-03-15,Sospechoso,Contacto,NA
205,SONORA,F,22,2020-03-01,Sospechoso,Italia,2020-03-13
206,VERACRUZ,F,57,2020-03-16,Sospechoso,España,2020-03-13
207,NUEVO LEÓN,M,50,2020-03-10,Sospechoso,Contacto,NA
208,NUEVO LEÓN,M,61,2020-03-15,Sospechoso,España,2020-03-13
209,NUEVO LEÓN,F,41,2020-03-17,Sospechoso,Contacto,NA
210,QUINTANA ROO,F,30,2020-03-14,Sospechoso,Contacto,2020-03-14
211,QUINTANA ROO,F,22,2020-03-04,Sospechoso,Contacto,2020-03-01
212,NUEVO LEÓN,M,27,2020-03-16,Sospechoso,Estados Unidos,2020-03-15
213,NUEVO LEÓN,F,18,2020-03-15,Sospechoso,Contacto,NA
214,SAN LUIS POTOSÍ,M,44,2020-03-16,Sospechoso,Estados Unidos,2020-03-13
215,NUEVO LEÓN,F,66,2020-03-15,Sospechoso,España,2020-03-13
216,NUEVO LEÓN,M,28,2020-03-14,Sospechoso,Estados Unidos,2020-03-12
217,QUINTANA ROO,F,39,2020-03-15,Sospechoso,Italia,2020-03-13
218,VERACRUZ,M,31,2020-03-16,Sospechoso,España,2020-03-13
219,NUEVO LEÓN,M,13,2020-03-15,Sospechoso,Contacto,NA
220,SAN LUIS POTOSÍ,F,40,2020-03-14,Sospechoso,Estados Unidos,2020-03-06
221,VERACRUZ,M,38,2020-03-17,Sospechoso,España,2020-03-13
222,AGUASCALIENTES,M,34,2020-03-18,Sospechoso,Contacto,2020-03-12
223,NUEVO LEÓN,M,34,2020-03-12,Sospechoso,Estados Unidos,2020-03-15
224,SONORA,F,36,2020-03-11,Sospechoso,España,2020-03-07
225,BAJA CALIFORNIA SUR,M,60,2020-03-16,Sospechoso,Estados Unidos,2020-03-14
226,QUINTANA ROO,F,47,2020-03-16,Sospechoso,Estados Unidos,2020-03-07
227,VERACRUZ,M,69,2020-03-13,Sospechoso,Estados Unidos,2020-03-14
228,BAJA CALIFORNIA SUR,F,48,2020-03-16,Sospechoso,Estados Unidos,2020-03-14
229,NUEVO LEÓN,F,48,2020-03-11,Sospechoso,España,2020-03-13
230,BAJA CALIFORNIA SUR,M,36,2020-03-12,Sospechoso,Estados Unidos,2020-03-12
231,VERACRUZ,F,64,2020-03-16,Sospechoso,España,2020-03-13
232,QUINTANA ROO,F,31,2020-03-16,Sospechoso,España,2020-03-15
233,TLAXCALA,M,29,2020-03-15,Sospechoso,España,2020-03-10
234,BAJA CALIFORNIA SUR,F,44,2020-03-13,Sospechoso,Estados Unidos,2020-03-16
235,JALISCO,M,61,2020-03-15,Sospechoso,Estados Unidos,2020-03-05
236,TAMAULIPAS,M,53,2020-03-12,Sospechoso,Francia,2020-03-15
237,HIDALGO,F,57,2020-03-14,Sospechoso,España,2020-03-16
238,BAJA CALIFORNIA SUR,M,45,2020-03-13,Sospechoso,España,2020-03-17
239,TAMAULIPAS,M,26,2020-03-13,Sospechoso,Francia,2020-03-15
240,GUANAJUATO,M,33,2020-03-17,Sospechoso,Contacto,NA
241,JALISCO,M,44,2020-03-11,Sospechoso,Italia,2020-03-11
242,PUEBLA,M,21,2020-03-17,Sospechoso,España,2020-03-15
243,PUEBLA,M,2,2020-03-12,Sospechoso,Estados Unidos,NA
244,PUEBLA,F,32,2020-03-15,Sospechoso,España,2020-03-15
245,PUEBLA,F,56,2020-03-15,Sospechoso,Estados Unidos,2020-03-10
246,HIDALGO,F,37,2020-03-15,Sospechoso,Contacto,NA
247,GUANAJUATO,F,1,2020-03-18,Sospechoso,Contacto,NA
248,BAJA CALIFORNIA SUR,M,13,2020-03-14,Sospechoso,Estados Unidos,2020-03-12
249,HIDALGO,F,23,2020-03-16,Sospechoso,Alemania,2020-03-15
250,GUANAJUATO,M,55,2020-03-17,Sospechoso,Contacto,NA
251,YUCATÁN,F,28,2020-03-14,Sospechoso,Francia,2020-03-15
252,YUCATÁN,M,29,2020-03-14,Sospechoso,Francia,2020-03-15
253,QUINTANA ROO,F,34,2020-03-17,Sospechoso,Estados Unidos,2020-03-17
254,HIDALGO,M,44,2020-03-12,Sospechoso,Estados Unidos,2020-03-13
255,HIDALGO,M,13,2020-03-16,Sospechoso,Contacto,NA
256,SONORA,F,29,2020-03-13,Sospechoso,España,2020-03-18
257,PUEBLA,M,24,2020-03-10,Sospechoso,Estados Unidos,2020-03-12
258,QUERÉTARO,M,29,2020-03-16,Sospechoso,Contacto,NA
259,JALISCO,M,59,2020-03-16,Sospechoso,Alemania,2020-03-15
260,SONORA,F,45,2020-03-15,Sospechoso,España,2020-03-16
261,JALISCO,M,54,2020-03-14,Sospechoso,Contacto,2020-03-16
262,OAXACA,F,35,2020-03-14,Sospechoso,Italia,2020-03-15
263,SONORA,F,25,2020-03-13,Sospechoso,Estados Unidos,2020-03-10
264,BAJA CALIFORNIA,F,34,2020-03-11,Sospechoso,Estados Unidos,2020-03-08
265,OAXACA,F,21,2020-03-18,Sospechoso,España,2020-03-18
266,QUINTANA ROO,M,41,2020-03-16,Sospechoso,Italia,2020-03-15
267,BAJA CALIFORNIA,F,57,2020-03-11,Sospechoso,Contacto,2020-03-11
268,QUINTANA ROO,M,1,2020-03-16,Sospechoso,Italia,2020-03-15
269,DURANGO,M,80,2020-03-14,Sospechoso,Contacto,NA
270,BAJA CALIFORNIA,M,29,2020-03-07,Sospechoso,Estados Unidos,2020-03-03
271,DURANGO,F,68,2020-03-18,Sospechoso,Contacto,NA
272,DURANGO,F,52,2020-03-15,Sospechoso,Contacto,NA
273,BAJA CALIFORNIA,F,26,2020-03-13,Sospechoso,Estados Unidos,2020-03-16
274,BAJA CALIFORNIA,F,65,2020-03-13,Sospechoso,Estados Unidos,2020-03-08
275,QUERÉTARO,M,51,2020-03-16,Sospechoso,Estados Unidos,2020-03-15
276,GUERRERO,F,47,2020-03-14,Sospechoso,Contacto,NA
277,MÉXICO,F,33,2020-03-15,Sospechoso,España,2020-03-05
278,QUERÉTARO,F,42,2020-03-14,Sospechoso,Alemania,2020-03-09
279,MÉXICO,M,37,2020-03-17,Sospechoso,Francia,2020-03-16
280,COAHUILA,F,49,2020-03-04,Sospechoso,Estados Unidos,NA
281,QUERÉTARO,M,20,2020-03-10,Sospechoso,España,2020-03-05
282,MÉXICO,M,31,2020-03-03,Sospechoso,España,2020-03-01
283,COAHUILA,F,23,2020-03-18,Sospechoso,Estados Unidos,NA
284,CAMPECHE,M,58,2020-03-15,Sospechoso,España,2020-03-15
285,MÉXICO,M,39,2020-03-14,Sospechoso,España,2020-03-15
286,COAHUILA,M,14,2020-03-19,Sospechoso,Estados Unidos,NA
287,COLIMA,M,29,2020-03-12,Sospechoso,Contacto,NA
288,QUERÉTARO,M,40,2020-03-17,Sospechoso,Francia,2020-02-14
289,GUERRERO,F,39,2020-03-01,Sospechoso,Estados Unidos,2020-03-05
290,MÉXICO,F,37,2020-03-07,Sospechoso,Francia,2020-03-01
291,MÉXICO,M,32,2020-03-14,Sospechoso,Estados Unidos,2020-03-14
292,CIUDAD DE MÉXICO,F,24,2020-03-01,Sospechoso,España,2020-02-26
293,COAHUILA,M,55,2020-03-18,Sospechoso,Estados Unidos,NA
294,CAMPECHE,F,59,2020-03-06,Sospechoso,España,2020-03-15
295,ZACATECAS,F,49,2020-03-16,Sospechoso,Contacto,NA
296,CIUDAD DE MÉXICO,M,38,2020-03-15,Sospechoso,Contacto,NA
297,MÉXICO,F,35,2020-03-12,Sospechoso,Contacto,NA
298,CIUDAD DE MÉXICO,F,43,2020-03-13,Sospechoso,Contacto,NA
299,COAHUILA,M,26,2020-03-14,Sospechoso,Estados Unidos,NA
300,SONORA,M,35,2020-03-11,Sospechoso,Estados Unidos,2020-03-01
301,BAJA CALIFORNIA,F,65,2020-03-11,Sospechoso,Estados Unidos,2020-03-11
302,MÉXICO,M,27,2020-03-10,Sospechoso,Contacto,NA
303,QUINTANA ROO,F,33,2020-03-11,Sospechoso,Italia,2020-03-02
304,MÉXICO,F,37,2020-03-06,Sospechoso,Italia,2020-03-01
305,COAHUILA,F,22,2020-03-16,Sospechoso,España,2020-03-15
306,ZACATECAS,F,22,2020-03-16,Sospechoso,Francia,2020-03-10
307,CIUDAD DE MÉXICO,M,35,2020-03-11,Sospechoso,Estados Unidos,2020-02-28
308,AGUASCALIENTES,M,27,2020-03-17,Sospechoso,Estados Unidos,2020-03-17
309,BAJA CALIFORNIA,M,33,2020-03-15,Sospechoso,Contacto,NA
310,MÉXICO,M,39,2020-03-14,Sospechoso,Contacto,NA
311,COAHUILA,M,29,2020-03-14,Sospechoso,Estados Unidos,2020-03-11
312,AGUASCALIENTES,F,20,2020-03-17,Sospechoso,Estados Unidos,2020-03-15
313,NAYARIT,M,29,2020-03-16,Sospechoso,Alemania,2020-03-06
314,MÉXICO,M,45,2020-03-13,Sospechoso,Contacto,NA
315,PUEBLA,M,32,2020-03-16,Sospechoso,Contacto,NA
316,PUEBLA,F,37,2020-03-15,Sospechoso,Contacto,NA
317,PUEBLA,M,42,2020-03-17,Sospechoso,Contacto,NA
318,PUEBLA,M,20,2020-03-15,Sospechoso,España,2020-02-15
319,COAHUILA,F,26,2020-03-17,Sospechoso,Estados Unidos,2020-03-12
320,BAJA CALIFORNIA,M,62,2020-03-17,Sospechoso,Contacto,NA
321,MÉXICO,F,22,2020-03-16,Sospechoso,España,2020-03-15
322,BAJA CALIFORNIA,F,39,2020-03-14,Sospechoso,Contacto,NA
323,QUINTANA ROO,M,36,2020-03-17,Sospechoso,Contacto,NA
324,MÉXICO,M,46,2020-03-01,Sospechoso,Estados Unidos,2020-03-08
325,PUEBLA,M,42,2020-03-15,Sospechoso,Contacto,NA
326,QUERÉTARO,F,36,2020-03-16,Sospechoso,Estados Unidos,2020-03-16
327,QUINTANA ROO,M,30,2020-03-11,Sospechoso,Francia,2020-03-09
328,BAJA CALIFORNIA,M,42,2020-03-13,Sospechoso,Estados Unidos,2020-03-13
329,CIUDAD DE MÉXICO,M,0,2020-03-16,Sospechoso,Contacto,NA
330,CHIHUAHUA,M,29,2020-03-08,Sospechoso,Francia,2020-03-13
331,PUEBLA,M,1,2020-03-14,Sospechoso,Contacto,NA
332,MÉXICO,F,75,2020-03-03,Sospechoso,Italia,2020-02-21
333,QUERÉTARO,M,34,2020-03-18,Sospechoso,Francia,2020-03-16
334,BAJA CALIFORNIA,F,18,2020-03-17,Sospechoso,Estados Unidos,2020-03-14
335,PUEBLA,M,56,2020-03-14,Sospechoso,Estados Unidos,2020-03-07
336,MÉXICO,F,24,2020-03-09,Sospechoso,Contacto,2020-03-08
337,NAYARIT,F,48,2020-03-17,Sospechoso,España,2020-03-17
338,SAN LUIS POTOSÍ,M,35,2020-03-17,Sospechoso,Alemania,2020-03-02
339,MÉXICO,M,17,2020-03-06,Sospechoso,Contacto,2020-02-28
340,CIUDAD DE MÉXICO,F,40,2020-03-15,Sospechoso,Contacto,NA
341,NAYARIT,F,65,2020-03-14,Sospechoso,Estados Unidos,2020-03-14
342,PUEBLA,F,26,2020-03-14,Sospechoso,Contacto,2020-03-07
343,TAMAULIPAS,F,38,2020-03-16,Sospechoso,Contacto,NA
344,YUCATÁN,M,46,2020-03-16,Sospechoso,Contacto,NA
345,BAJA CALIFORNIA,F,50,2020-03-16,Sospechoso,Estados Unidos,2020-03-17
346,PUEBLA,M,24,2020-03-14,Sospechoso,Estados Unidos,2020-03-07
347,MÉXICO,M,75,2020-03-06,Sospechoso,Contacto,NA
348,QUINTANA ROO,F,54,2020-03-15,Sospechoso,Contacto,NA
349,QUINTANA ROO,F,22,2020-03-17,Sospechoso,Contacto,NA
350,GUANAJUATO,F,48,2020-03-11,Sospechoso,Estados Unidos,2020-03-15
351,QUERÉTARO,F,36,2020-03-15,Sospechoso,Contacto,NA
352,BAJA CALIFORNIA,M,59,2020-03-17,Sospechoso,Contacto,NA
353,MÉXICO,M,55,2020-03-11,Sospechoso,Contacto,NA
354,SAN LUIS POTOSÍ,F,64,2020-02-11,Sospechoso,Contacto,NA
355,MÉXICO,M,19,2020-02-26,Sospechoso,Contacto,2020-03-11
356,PUEBLA,M,20,2020-03-14,Sospechoso,Estados Unidos,2020-03-07
357,MICHOACÁN,M,38,2020-03-13,Sospechoso,Contacto,NA
358,BAJA CALIFORNIA,M,35,2020-03-09,Sospechoso,Estados Unidos,2020-03-12
359,CHIHUAHUA,M,24,2020-03-17,Sospechoso,Estados Unidos,2020-03-12
360,CIUDAD DE MÉXICO,M,34,2020-03-12,Sospechoso,Contacto,NA
361,MICHOACÁN,M,23,2020-03-08,Sospechoso,Estados Unidos,2020-03-02
362,QUINTANA ROO,M,23,2020-03-17,Sospechoso,Contacto,NA
363,SAN LUIS POTOSÍ,F,20,2020-03-09,Sospechoso,España,2020-03-17
364,QUINTANA ROO,M,43,2020-03-15,Sospechoso,Contacto,NA
365,MÉXICO,F,22,2020-03-16,Sospechoso,Contacto,NA
366,MICHOACÁN,M,48,2020-03-09,Sospechoso,España,2020-03-06
367,CIUDAD DE MÉXICO,F,58,2020-03-14,Sospechoso,Estados Unidos,2020-03-13
368,MÉXICO,M,47,2020-03-07,Sospechoso,España,2020-03-07
369,MICHOACÁN,F,38,2020-03-07,Sospechoso,España,2020-03-14
370,BAJA CALIFORNIA,M,29,2020-03-13,Sospechoso,Francia,2020-03-13
371,BAJA CALIFORNIA,F,27,2020-03-13,Sospechoso,Francia,2020-03-13
372,MICHOACÁN,F,3,2020-03-13,Sospechoso,Contacto,NA
373,VERACRUZ,M,78,2020-03-17,Sospechoso,Estados Unidos,2020-03-17
374,BAJA CALIFORNIA,M,64,2020-03-17,Sospechoso,Estados Unidos,2020-03-08
375,MORELOS,M,20,2020-03-18,Sospechoso,Estados Unidos,2020-03-18
376,MICHOACÁN,M,35,2020-03-16,Sospechoso,Contacto,NA
377,CIUDAD DE MÉXICO,F,2,2020-02-29,Sospechoso,Contacto,NA
378,CIUDAD DE MÉXICO,M,32,2020-02-16,Sospechoso,Contacto,NA
379,MÉXICO,F,20,2020-02-26,Sospechoso,Italia,2020-02-24
380,MÉXICO,F,32,2020-02-26,Sospechoso,Alemania,2020-02-28
381,CIUDAD DE MÉXICO,F,40,2020-03-06,Sospechoso,España,2020-03-08
382,CIUDAD DE MÉXICO,F,50,2020-03-01,Sospechoso,Estados Unidos,2020-03-08
383,MÉXICO,F,47,2020-03-06,Sospechoso,Contacto,NA
384,CIUDAD DE MÉXICO,F,29,2020-02-27,Sospechoso,España,2020-02-14
385,CIUDAD DE MÉXICO,F,25,2020-03-04,Sospechoso,Italia,2020-03-01
386,CIUDAD DE MÉXICO,M,26,2020-02-29,Sospechoso,Japón,2020-02-17
387,CIUDAD DE MÉXICO,F,22,2020-03-01,Sospechoso,Contacto,NA
388,CIUDAD DE MÉXICO,F,21,2020-03-04,Sospechoso,Alemania,2020-03-03
389,CIUDAD DE MÉXICO,F,23,2020-03-06,Sospechoso,Italia,2020-03-06
390,CIUDAD DE MÉXICO,M,27,2020-03-04,Sospechoso,Italia,2020-02-29
391,JALISCO,F,33,2020-03-09,Sospechoso,Francia,2020-03-08
392,MÉXICO,M,43,2020-03-02,Sospechoso,Estados Unidos,2020-02-26
393,MÉXICO,F,33,2020-03-10,Sospechoso,Italia,2020-02-29
394,MÉXICO,M,44,2020-03-01,Sospechoso,España,2020-03-03
395,MÉXICO,M,34,2020-03-05,Sospechoso,Estados Unidos,2020-03-01
396,MÉXICO,M,43,2020-03-10,Sospechoso,Contacto,NA
397,QUERÉTARO,M,36,2020-03-07,Sospechoso,Estados Unidos,2020-03-08
398,NUEVO LEÓN,F,27,2020-03-09,Sospechoso,Italia,2020-03-07
399,MÉXICO,M,29,2020-03-07,Sospechoso,España,2020-02-29
400,CIUDAD DE MÉXICO,F,23,2020-03-09,Sospechoso,España,2020-03-07
401,YUCATÁN,M,38,2020-03-08,Sospechoso,España,2020-03-04
402,BAJA CALIFORNIA,M,34,2020-02-29,Sospechoso,Francia,2020-03-01
403,CIUDAD DE MÉXICO,M,59,2020-02-19,Sospechoso,Italia,2020-02-28
404,BAJA CALIFORNIA,M,30,2020-02-13,Sospechoso,Estados Unidos,2020-03-05
405,PUEBLA,M,26,2020-03-12,Sospechoso,Contacto,NA
406,COAHUILA,M,61,2020-03-11,Sospechoso,Estados Unidos,2020-03-07
407,CIUDAD DE MÉXICO,M,35,2020-02-10,Sospechoso,Contacto,NA
408,COLIMA,F,34,2020-03-12,Sospechoso,Estados Unidos,2020-03-11
409,CIUDAD DE MÉXICO,F,55,2020-03-11,Sospechoso,España,2020-02-29
410,BAJA CALIFORNIA,M,50,2020-03-12,Sospechoso,Estados Unidos,2020-03-10
411,MÉXICO,M,33,2020-03-05,Sospechoso,Estados Unidos,2020-03-01
412,AGUASCALIENTES,M,56,2020-03-09,Sospechoso,Estados Unidos,2020-03-14
413,CIUDAD DE MÉXICO,F,25,2020-03-12,Sospechoso,Alemania,2020-03-09
414,CIUDAD DE MÉXICO,M,32,2020-03-13,Sospechoso,Contacto,NA
415,CIUDAD DE MÉXICO,F,24,2020-03-14,Sospechoso,Contacto,NA
416,JALISCO,F,20,2020-03-02,Sospechoso,Francia,2020-03-08
417,MÉXICO,M,61,2020-03-08,Sospechoso,España,2020-03-08
418,MÉXICO,M,21,2020-03-07,Sospechoso,España,2020-03-13
419,MÉXICO,F,23,2020-03-07,Sospechoso,España,2020-03-13
420,CIUDAD DE MÉXICO,M,13,2020-03-13,Sospechoso,España,2020-03-13
421,MÉXICO,M,55,2020-03-09,Sospechoso,Estados Unidos,2020-03-09
422,CIUDAD DE MÉXICO,F,56,2020-03-08,Sospechoso,Contacto,NA
423,CIUDAD DE MÉXICO,M,37,2020-03-10,Sospechoso,Contacto,NA
424,MÉXICO,M,31,2020-03-13,Sospechoso,España,2020-03-13
425,MÉXICO,M,54,2020-03-13,Sospechoso,España,2020-03-13
426,CIUDAD DE MÉXICO,M,12,2020-03-13,Sospechoso,España,2020-03-13
427,CIUDAD DE MÉXICO,F,56,2020-03-08,Sospechoso,Contacto,NA
428,CIUDAD DE MÉXICO,M,13,2020-03-13,Sospechoso,España,2020-03-13
429,CIUDAD DE MÉXICO,M,26,2020-03-13,Sospechoso,Contacto,NA
430,CIUDAD DE MÉXICO,M,31,2020-03-10,Sospechoso,Estados Unidos,2020-03-09
431,CIUDAD DE MÉXICO,M,32,2020-03-09,Sospechoso,Alemania,2020-03-13
432,CIUDAD DE MÉXICO,M,39,2020-03-13,Sospechoso,Italia,2020-03-07
433,CIUDAD DE MÉXICO,M,39,2020-03-13,Sospechoso,Italia,2020-03-07
434,GUERRERO,F,62,2020-03-14,Sospechoso,Francia,2020-03-02
435,BAJA CALIFORNIA,M,54,2020-03-13,Sospechoso,Estados Unidos,2020-03-12
436,BAJA CALIFORNIA,M,33,2020-03-10,Sospechoso,Estados Unidos,2020-03-08
437,CIUDAD DE MÉXICO,M,35,2020-03-08,Sospechoso,Contacto,2020-03-01
438,CIUDAD DE MÉXICO,F,33,2020-03-14,Sospechoso,Contacto,2020-03-14
439,CIUDAD DE MÉXICO,M,37,2020-03-14,Sospechoso,Contacto,NA
440,VERACRUZ,M,27,2020-03-07,Sospechoso,España,2020-03-13
441,MÉXICO,F,30,2020-02-07,Sospechoso,Singapur,2020-03-06
442,GUERRERO,M,32,2020-03-16,Sospechoso,Estados Unidos,2020-03-01
443,MÉXICO,M,30,2020-03-06,Sospechoso,Singapur,2020-03-06
444,CIUDAD DE MÉXICO,F,57,2020-03-15,Sospechoso,Estados Unidos,2020-03-11
445,MÉXICO,M,33,2020-03-10,Sospechoso,Estados Unidos,2020-03-10
446,CIUDAD DE MÉXICO,M,40,2020-03-09,Sospechoso,Italia,2020-03-08
447,MÉXICO,M,15,2020-03-08,Sospechoso,Estados Unidos,2020-03-08
448,MÉXICO,M,17,2020-03-10,Sospechoso,Estados Unidos,2020-03-08
