Número_caso,Estado,Localidad,Sexo,Edad,Fecha_síntomas,Situación,País_fuente,Fecha_regreso
1,SAN LUIS POTOSÍ,RIO VERDE,F,22,2020-03-11,Sospechoso,España,2020-03-06
2,PUEBLA,PUEBLA,M,49,2020-03-15,Sospechoso,Contacto,NA
3,SAN LUIS POTOSÍ,SAN LUIS POTOSI,M,25,2020-03-13,Sospechoso,Contacto,NA
4,GUERRERO,ZONA NORTE,M,29,2020-03-15,Sospechoso,Contacto,NA
5,HIDALGO,TULANCINGO,F,72,2020-03-14,Sospechoso,Estados Unidos,2020-03-14
6,SONORA,SAN LUIS RÍO COLORADO,F,49,2020-03-03,Sospechoso,Estados Unidos,2020-02-24
7,HIDALGO,TULANCINGO,F,23,2020-03-14,Sospechoso,Alemania,2020-03-15
8,JALISCO,CENTRO GUADALAJARA,M,30,2020-03-12,Sospechoso,Alemania,2020-03-13
9,BAJA CALIFORNIA,TIJUANA,F,34,2020-03-14,Sospechoso,Estados Unidos,2020-03-08
10,MORELOS,CUERNAVACA,M,42,2020-03-15,Sospechoso,Japón,2020-03-15
11,GUERRERO,ACAPULCO,F,3,2020-03-12,Sospechoso,Contacto,NA
12,BAJA CALIFORNIA,ENSENADA,F,47,2020-03-13,Sospechoso,Estados Unidos,2020-03-09
13,COLIMA,TECOMAN,F,23,2020-03-17,Sospechoso,Estados Unidos,2020-03-10
14,VERACRUZ,VERACRUZ,F,38,2020-03-16,Sospechoso,España,2020-03-13
15,JALISCO,LAGOS DE MORENO,M,25,2020-03-15,Sospechoso,Contacto,NA
16,CIUDAD DE MÉXICO,TLALPAN,F,69,2020-02-25,Sospechoso,Italia,2020-03-03
17,JALISCO,CENTRO GUADALAJARA,M,19,2020-03-18,Sospechoso,España,2020-03-17
18,AGUASCALIENTES,AGUASCALIENTES,M,36,2020-03-12,Sospechoso,Estados Unidos,2020-03-13
19,AGUASCALIENTES,AGUASCALIENTES,F,29,2020-03-17,Sospechoso,Contacto,NA
20,AGUASCALIENTES,AGUASCALIENTES,M,34,2020-03-18,Sospechoso,Contacto,2020-03-12
21,VERACRUZ,VERACRUZ,F,64,2020-03-16,Sospechoso,España,2020-03-13
22,HIDALGO,PACHUCA,F,37,2020-03-15,Sospechoso,Contacto,NA
23,HIDALGO,PACHUCA,F,23,2020-03-16,Sospechoso,Alemania,2020-03-15
24,QUINTANA ROO,JUAREZ,F,34,2020-03-17,Sospechoso,Estados Unidos,2020-03-17
25,HIDALGO,PACHUCA,M,44,2020-03-12,Sospechoso,Estados Unidos,2020-03-13
26,HIDALGO,PACHUCA,M,13,2020-03-16,Sospechoso,Contacto,NA
27,SONORA,CAJEME,F,45,2020-03-15,Sospechoso,España,2020-03-16
28,SONORA,CAJEME,F,25,2020-03-13,Sospechoso,Estados Unidos,2020-03-10
29,DURANGO,DURANGO,F,52,2020-03-15,Sospechoso,Contacto,NA
30,BAJA CALIFORNIA,TIJUANA,F,65,2020-03-13,Sospechoso,Estados Unidos,2020-03-08
31,CAMPECHE,CAMPECHE,M,58,2020-03-15,Sospechoso,España,2020-03-15
32,GUERRERO,ACAPULCO,F,39,2020-03-01,Sospechoso,Estados Unidos,2020-03-05
33,MÉXICO,XONACATLAN,M,39,2020-03-14,Sospechoso,Contacto,NA
34,MÉXICO,XONACATLAN,M,45,2020-03-13,Sospechoso,Contacto,NA
35,MÉXICO,XONACATLAN,F,22,2020-03-16,Sospechoso,España,2020-03-15
36,MÉXICO,XONACATLAN,M,46,2020-03-01,Sospechoso,Estados Unidos,2020-03-08
37,MÉXICO,XONACATLAN,F,24,2020-03-09,Sospechoso,Contacto,2020-03-08
38,MÉXICO,XONACATLAN,M,75,2020-03-06,Sospechoso,Contacto,NA
39,MÉXICO,XONACATLAN,M,19,2020-02-26,Sospechoso,Contacto,2020-03-11
40,MICHOACÁN,LAZARO CARDENAS,M,38,2020-03-13,Sospechoso,Contacto,NA
41,CHIHUAHUA,CIUDAD JUAREZ,M,24,2020-03-17,Sospechoso,Estados Unidos,2020-03-12
42,MÉXICO,CUAUTITLAN,M,47,2020-03-07,Sospechoso,España,2020-03-07
43,MICHOACÁN,MORELIA,F,38,2020-03-07,Sospechoso,España,2020-03-14
44,MICHOACÁN,LAZARO CARDENAS,F,3,2020-03-13,Sospechoso,Contacto,NA
45,VERACRUZ,VERACRUZ,M,78,2020-03-17,Sospechoso,Estados Unidos,2020-03-17
46,BAJA CALIFORNIA,MEXICALI,M,64,2020-03-17,Sospechoso,Estados Unidos,2020-03-08
47,JALISCO,CENTRO GUADALAJARA,F,80,2020-03-15,Sospechoso,Estados Unidos,2020-03-13
48,VERACRUZ,VERACRUZ,F,29,2020-03-15,Sospechoso,Estados Unidos,2020-03-16
49,COAHUILA,SALTILLO,F,38,2020-03-10,Sospechoso,España,2020-03-04
50,TLAXCALA,TLAXCALA,F,25,2020-03-12,Sospechoso,Contacto,NA
51,JALISCO,CENTRO ZAPOPAN,M,59,2020-03-12,Sospechoso,Contacto,NA
52,GUERRERO,ZONA CENTRO,M,64,2020-03-16,Sospechoso,Estados Unidos,2020-03-16
53,JALISCO,LAGOS DE MORENO,M,69,2020-03-14,Sospechoso,Francia,2020-03-03
54,TABASCO,CENTRO,F,55,2020-03-18,Sospechoso,España,2020-03-14
55,VERACRUZ,JALAPA,M,24,2020-03-16,Sospechoso,Estados Unidos,2020-03-16
56,TLAXCALA,TLAXCALA,M,48,2020-03-16,Sospechoso,Contacto,NA
57,BAJA CALIFORNIA,VICENTE GUERRERO,M,37,2020-03-09,Sospechoso,Estados Unidos,2020-03-16
58,JALISCO,CENTRO GUADALAJARA,M,29,2020-03-06,Sospechoso,Estados Unidos,2020-03-06
59,AGUASCALIENTES,AGUASCALIENTES,M,0,2020-03-19,Sospechoso,España,2020-03-14
60,JALISCO,CENTRO ZAPOPAN,F,25,2020-03-14,Sospechoso,Estados Unidos,2020-03-16
61,VERACRUZ,VERACRUZ,F,60,2020-03-06,Sospechoso,España,2020-03-13
62,CIUDAD DE MÉXICO,GUSTAVO A. MADERO,F,60,2020-03-05,Sospechoso,Contacto,2020-03-15
63,JALISCO,CENTRO GUADALAJARA,M,29,2020-03-17,Sospechoso,Contacto,2020-03-16
64,SAN LUIS POTOSÍ,SAN LUIS POTOSI,F,45,2020-03-17,Sospechoso,Estados Unidos,2020-03-18
65,JALISCO,CENTRO GUADALAJARA,F,44,2020-03-15,Sospechoso,Contacto,NA
66,JALISCO,CENTRO GUADALAJARA,F,8,2020-03-15,Sospechoso,Contacto,NA
67,CIUDAD DE MÉXICO,MIGUEL HIDALGO,F,9,2020-03-15,Sospechoso,Estados Unidos,2020-03-08
68,SAN LUIS POTOSÍ,SAN LUIS POTOSI,F,22,2020-03-16,Sospechoso,Contacto,NA
69,CIUDAD DE MÉXICO,MIGUEL HIDALGO,F,37,2020-03-15,Sospechoso,España,2020-03-02
70,CIUDAD DE MÉXICO,MIGUEL HIDALGO,F,28,2020-03-14,Sospechoso,Estados Unidos,2020-03-10
71,CIUDAD DE MÉXICO,MIGUEL HIDALGO,M,33,2020-03-15,Sospechoso,Estados Unidos,2020-03-15
72,JALISCO,CENTRO TLAQUEPAQUE,M,42,2020-03-04,Sospechoso,Estados Unidos,2020-03-17
73,CIUDAD DE MÉXICO,MIGUEL HIDALGO,M,0,2020-03-16,Sospechoso,Contacto,NA
74,COLIMA,COLIMA,F,38,2020-03-17,Sospechoso,Estados Unidos,2020-03-17
75,JALISCO,PUERTO VALLARTA,F,35,2020-03-14,Sospechoso,España,2020-03-14
76,JALISCO,CENTRO TLAQUEPAQUE,F,25,2020-03-10,Sospechoso,Estados Unidos,2020-03-14
77,JALISCO,CENTRO TLAQUEPAQUE,F,56,2020-03-13,Sospechoso,Estados Unidos,2020-03-04
78,JALISCO,CENTRO ZAPOPAN,F,29,2020-03-14,Sospechoso,Contacto,NA
79,JALISCO,CENTRO GUADALAJARA,M,26,2020-03-14,Sospechoso,España,2020-02-07
80,JALISCO,CENTRO GUADALAJARA,M,26,2020-03-13,Sospechoso,Contacto,NA
81,JALISCO,CENTRO GUADALAJARA,F,66,2020-03-07,Sospechoso,Estados Unidos,2020-03-13
82,NAYARIT,TEPIC,F,32,2020-03-10,Sospechoso,Francia,2020-03-18
83,JALISCO,CENTRO GUADALAJARA,M,27,2020-03-17,Sospechoso,Contacto,NA
84,JALISCO,CENTRO GUADALAJARA,M,28,2020-03-18,Sospechoso,Estados Unidos,2020-03-13
85,MICHOACÁN,URUAPAN,F,21,2020-03-16,Sospechoso,Alemania,2020-03-12
86,CIUDAD DE MÉXICO,MIGUEL HIDALGO,F,37,2020-03-13,Sospechoso,España,2020-03-11
87,CIUDAD DE MÉXICO,MIGUEL HIDALGO,M,50,2020-03-07,Sospechoso,España,2020-03-02
88,JALISCO,CENTRO GUADALAJARA,F,31,2020-03-12,Sospechoso,Japón,2020-03-04
89,JALISCO,CENTRO GUADALAJARA,M,26,2020-03-17,Sospechoso,España,2020-03-07
90,QUINTANA ROO,JUAREZ,M,34,2020-03-13,Sospechoso,Contacto,NA
91,JALISCO,CENTRO GUADALAJARA,F,43,2020-03-14,Sospechoso,Estados Unidos,2020-03-08
92,TLAXCALA,APIZACO,F,51,2020-03-16,Sospechoso,Contacto,NA
93,TABASCO,CENTRO,M,37,2020-03-18,Sospechoso,España,2020-03-17
94,BAJA CALIFORNIA,MEXICALI,F,24,2020-03-15,Sospechoso,Estados Unidos,2020-03-07
95,TLAXCALA,APIZACO,F,25,2020-03-16,Sospechoso,Contacto,NA
96,CIUDAD DE MÉXICO,COYOACAN,F,52,2020-03-10,Sospechoso,Francia,2020-03-15
97,JALISCO,CENTRO GUADALAJARA,M,40,2020-03-15,Sospechoso,Estados Unidos,2020-03-15
98,JALISCO,CENTRO GUADALAJARA,F,34,2020-03-13,Sospechoso,Estados Unidos,2020-03-09
99,CIUDAD DE MÉXICO,MAGDALENA CONTRERAS,M,23,2020-03-14,Sospechoso,España,2020-03-16
100,VERACRUZ,COATZACOALCOS,F,26,2020-03-15,Sospechoso,España,2020-03-16
101,CIUDAD DE MÉXICO,MAGDALENA CONTRERAS,M,64,2020-03-12,Sospechoso,Alemania,2020-03-11
102,GUANAJUATO,LEON DELTA,M,25,2020-03-10,Sospechoso,España,2020-03-18
103,CIUDAD DE MÉXICO,IZTAPALAPA,F,53,2020-03-03,Sospechoso,Estados Unidos,2020-02-27
104,CIUDAD DE MÉXICO,BENITO JUAREZ,M,56,2020-03-16,Sospechoso,Contacto,NA
105,BAJA CALIFORNIA,TIJUANA,F,40,2020-03-16,Sospechoso,Estados Unidos,2020-03-05
106,COLIMA,TECOMAN,M,70,2020-03-18,Sospechoso,Contacto,2020-03-08
107,CIUDAD DE MÉXICO,IZTAPALAPA,F,58,2020-03-11,Sospechoso,Contacto,NA
108,CIUDAD DE MÉXICO,BENITO JUAREZ,F,21,2020-03-12,Sospechoso,Contacto,NA
109,BAJA CALIFORNIA,TIJUANA,F,51,2020-03-17,Sospechoso,Estados Unidos,2020-03-17
110,CIUDAD DE MÉXICO,IZTAPALAPA,M,36,2020-03-13,Sospechoso,Estados Unidos,2020-03-10
111,QUERÉTARO,QUERÉTARO,M,54,2020-03-15,Sospechoso,Contacto,NA
112,TLAXCALA,TLAXCALA,F,28,2020-03-16,Sospechoso,Contacto,NA
113,CIUDAD DE MÉXICO,BENITO JUAREZ,M,39,2020-03-13,Sospechoso,Francia,2020-03-16
114,JALISCO,TEPATITLAN,F,33,2020-03-10,Sospechoso,Contacto,NA
115,MÉXICO,ECATEPEC,M,56,2020-03-17,Sospechoso,Contacto,NA
116,VERACRUZ,COSAMALOAPAN,M,34,2020-03-18,Sospechoso,Estados Unidos,2020-03-15
117,CIUDAD DE MÉXICO,COYOACAN,F,23,2020-03-15,Sospechoso,Estados Unidos,2020-03-11
118,MÉXICO,TOLUCA,M,58,2020-03-08,Sospechoso,Contacto,2020-03-16
119,MÉXICO,TOLUCA,M,34,2020-03-18,Sospechoso,Contacto,NA
120,CIUDAD DE MÉXICO,BENITO JUAREZ,F,35,2020-03-15,Sospechoso,Francia,2020-03-16
121,MÉXICO,TOLUCA,F,54,2020-03-18,Sospechoso,Estados Unidos,2020-03-18
122,SINALOA,JURISDICCION SANITARIA VI,M,27,2020-03-17,Sospechoso,Estados Unidos,2020-03-13
123,JALISCO,CENTRO GUADALAJARA,F,51,2020-03-16,Sospechoso,Contacto,2020-03-16
124,MÉXICO,TOLUCA,M,42,2020-03-16,Sospechoso,Estados Unidos,2020-03-17
125,MÉXICO,TEXCOCO,F,31,2020-03-15,Sospechoso,Estados Unidos,2020-03-15
126,MÉXICO,XONACATLAN,F,52,2020-03-13,Sospechoso,Estados Unidos,2020-03-15
127,QUERÉTARO,QUERÉTARO,F,37,2020-03-14,Sospechoso,Contacto,NA
128,ZACATECAS,ZACATECAS,M,34,2020-03-18,Sospechoso,Contacto,NA
129,MÉXICO,ZUMPANGO,F,42,2020-03-17,Sospechoso,España,2020-03-15
130,MÉXICO,XONACATLAN,M,13,2020-03-16,Sospechoso,España,2020-03-13
131,CIUDAD DE MÉXICO,MIGUEL HIDALGO,F,31,2020-03-14,Sospechoso,Estados Unidos,2020-03-05
132,CIUDAD DE MÉXICO,CUAUHTEMOC,F,2,2020-02-29,Sospechoso,Contacto,NA
133,SONORA,HERMOSILLO,F,27,2020-03-17,Sospechoso,Estados Unidos,2020-03-16
134,QUERÉTARO,QUERÉTARO,M,24,2020-03-18,Sospechoso,Contacto,NA
135,CIUDAD DE MÉXICO,MIGUEL HIDALGO,M,33,2020-03-13,Sospechoso,Francia,2020-03-07
136,CIUDAD DE MÉXICO,BENITO JUAREZ,F,54,2020-03-18,Sospechoso,España,2020-03-17
137,VERACRUZ,VERACRUZ,M,32,2020-03-15,Sospechoso,Contacto,NA
138,CIUDAD DE MÉXICO,MIGUEL HIDALGO,M,62,2020-03-16,Sospechoso,España,2020-03-15
139,CIUDAD DE MÉXICO,TLALPAN,M,27,2020-03-17,Sospechoso,España,2020-03-11
140,MÉXICO,CUAUTITLAN,M,61,2020-03-07,Sospechoso,España,2020-03-15
141,MORELOS,CUAUTLA,F,65,2020-03-16,Sospechoso,Estados Unidos,2020-03-14
142,QUERÉTARO,QUERÉTARO,F,39,2020-03-19,Sospechoso,Estados Unidos,2020-03-15
143,JALISCO,CENTRO GUADALAJARA,M,37,2020-03-16,Sospechoso,Estados Unidos,2020-03-16
144,CIUDAD DE MÉXICO,TLALPAN,M,30,2020-03-18,Sospechoso,Contacto,NA
145,GUANAJUATO,LEON DELTA,F,24,2020-03-12,Sospechoso,España,2020-03-13
146,VERACRUZ,VERACRUZ,F,24,2020-03-17,Sospechoso,Contacto,NA
147,JALISCO,CENTRO GUADALAJARA,F,31,2020-03-14,Sospechoso,Estados Unidos,2020-03-15
148,CIUDAD DE MÉXICO,VENUSTIANO CARRANZA,M,19,2020-03-17,Sospechoso,Contacto,NA
149,JALISCO,LAGOS DE MORENO,M,27,2020-03-17,Sospechoso,Contacto,NA
150,CIUDAD DE MÉXICO,VENUSTIANO CARRANZA,F,53,2020-03-17,Sospechoso,Contacto,NA
151,SINALOA,JURISDICCION SANITARIA I,F,27,2020-03-12,Sospechoso,Estados Unidos,2020-03-12
152,MÉXICO,AMECAMECA,M,51,2020-03-05,Sospechoso,Contacto,NA
153,JALISCO,CENTRO GUADALAJARA,F,35,2020-03-05,Sospechoso,Estados Unidos,2020-03-04
154,TABASCO,CENTRO,M,60,2020-03-17,Sospechoso,Contacto,NA
155,JALISCO,CENTRO ZAPOPAN,F,31,2020-03-13,Sospechoso,Estados Unidos,2020-02-20
156,SINALOA,JURISDICCION SANITARIA I,M,30,2020-03-12,Sospechoso,Estados Unidos,2020-03-12
157,TABASCO,CENTRO,M,55,2020-03-17,Sospechoso,Contacto,NA
158,CIUDAD DE MÉXICO,TLALPAN,F,42,2020-03-09,Sospechoso,España,2020-03-11
159,CHIAPAS,PICHUCALCO,M,37,2020-03-19,Sospechoso,Francia,2020-03-18
160,JALISCO,CENTRO GUADALAJARA,M,28,2020-03-16,Sospechoso,Contacto,NA
161,MÉXICO,ZUMPANGO,F,17,2020-03-12,Sospechoso,Estados Unidos,NA
162,VERACRUZ,POZA RICA,M,24,2020-03-13,Sospechoso,Contacto,NA
163,TABASCO,CENTRO,M,50,2020-03-18,Sospechoso,Contacto,NA
164,MÉXICO,TOLUCA,F,29,2020-03-20,Sospechoso,Contacto,NA
165,JALISCO,CENTRO GUADALAJARA,M,39,2020-03-12,Sospechoso,España,2020-03-16
166,CIUDAD DE MÉXICO,TLALPAN,F,46,2020-03-13,Sospechoso,Contacto,NA
167,BAJA CALIFORNIA,MEXICALI,M,59,2020-03-15,Sospechoso,Contacto,NA
168,JALISCO,CENTRO GUADALAJARA,F,57,2020-03-12,Sospechoso,Contacto,NA
169,TLAXCALA,TLAXCALA,F,41,2020-03-19,Sospechoso,Contacto,NA
170,CIUDAD DE MÉXICO,ALVARO OBREGON,F,47,2020-03-18,Sospechoso,Contacto,NA
171,CIUDAD DE MÉXICO,BENITO JUAREZ,F,33,2020-03-06,Sospechoso,Contacto,NA
172,JALISCO,CENTRO ZAPOPAN,F,79,2020-03-09,Sospechoso,Alemania,2020-03-09
173,NUEVO LEÓN,HIDALGO,M,30,2020-03-13,Sospechoso,Estados Unidos,2020-03-13
174,MÉXICO,ECATEPEC,M,49,2020-03-18,Sospechoso,Contacto,NA
175,BAJA CALIFORNIA,MEXICALI,F,9,2020-03-17,Sospechoso,Contacto,NA
176,MÉXICO,TLANEPANTLA,F,29,2020-03-15,Sospechoso,Contacto,NA
177,CIUDAD DE MÉXICO,MIGUEL HIDALGO,M,55,2020-03-14,Sospechoso,Contacto,NA
178,SINALOA,JURISDICCION SANITARIA VI,F,53,2020-03-18,Sospechoso,Contacto,NA
179,MÉXICO,ECATEPEC,M,46,2020-03-12,Sospechoso,Contacto,NA
180,CIUDAD DE MÉXICO,MIGUEL HIDALGO,F,40,2020-03-04,Sospechoso,Contacto,2020-03-16
181,SAN LUIS POTOSÍ,SAN LUIS POTOSI,F,51,2020-03-16,Sospechoso,España,2020-03-15
182,BAJA CALIFORNIA,MEXICALI,M,27,2020-03-13,Sospechoso,Contacto,NA
183,CIUDAD DE MÉXICO,MIGUEL HIDALGO,M,34,2020-03-12,Sospechoso,Estados Unidos,2020-03-11
184,VERACRUZ,ORIZABA,M,42,2020-03-17,Sospechoso,Estados Unidos,2020-03-16
185,CIUDAD DE MÉXICO,MIGUEL HIDALGO,F,57,2020-03-09,Sospechoso,Estados Unidos,2020-03-11
186,CIUDAD DE MÉXICO,MIGUEL HIDALGO,F,43,2020-03-16,Sospechoso,Contacto,NA
187,VERACRUZ,VERACRUZ,F,30,2020-03-17,Sospechoso,Contacto,NA
188,TABASCO,CENTRO,F,78,2020-03-17,Sospechoso,Contacto,NA
189,VERACRUZ,VERACRUZ,F,33,2020-03-16,Sospechoso,Estados Unidos,2020-02-27
190,JALISCO,CENTRO GUADALAJARA,M,50,2020-03-17,Sospechoso,Contacto,NA
191,MÉXICO,JILOTEPEC,F,37,2020-03-13,Sospechoso,España,2020-03-15
192,CIUDAD DE MÉXICO,CUAUHTEMOC,F,26,2020-03-19,Sospechoso,Contacto,NA
193,VERACRUZ,JALAPA,F,46,2020-03-16,Sospechoso,Francia,2020-03-14
194,TABASCO,CENTRO,F,41,2020-03-16,Sospechoso,Estados Unidos,2020-03-11
195,VERACRUZ,VERACRUZ,F,23,2020-03-14,Sospechoso,Contacto,NA
196,JALISCO,CENTRO ZAPOPAN,F,76,2020-03-15,Sospechoso,Contacto,NA
197,CIUDAD DE MÉXICO,CUAUHTEMOC,M,31,2020-03-18,Sospechoso,Contacto,NA
198,AGUASCALIENTES,AGUASCALIENTES,M,44,2020-03-16,Sospechoso,Estados Unidos,2020-03-14
199,CIUDAD DE MÉXICO,CUAUHTEMOC,M,57,2020-03-20,Sospechoso,Contacto,NA
200,JALISCO,CENTRO GUADALAJARA,M,36,2020-03-11,Sospechoso,España,2020-03-09
201,CIUDAD DE MÉXICO,MIGUEL HIDALGO,M,20,2020-02-06,Sospechoso,Contacto,NA
202,BAJA CALIFORNIA SUR,LOS CABOS,F,39,2020-03-16,Sospechoso,Estados Unidos,2020-03-07
203,AGUASCALIENTES,AGUASCALIENTES,F,40,2020-03-18,Sospechoso,Contacto,2020-03-15
204,CIUDAD DE MÉXICO,CUAUHTEMOC,M,56,2020-03-18,Sospechoso,Contacto,NA
205,JALISCO,CENTRO ZAPOPAN,M,46,2020-02-14,Sospechoso,España,2020-03-02
206,JALISCO,CENTRO ZAPOPAN,F,57,2020-03-17,Sospechoso,Contacto,NA
207,JALISCO,CENTRO GUADALAJARA,F,22,2020-03-14,Sospechoso,Estados Unidos,2020-03-16
208,JALISCO,LA BARCA,F,31,2020-03-15,Sospechoso,Contacto,2020-03-15
209,JALISCO,CENTRO GUADALAJARA,F,43,2020-03-19,Sospechoso,Contacto,2020-03-10
210,JALISCO,CENTRO ZAPOPAN,M,31,2020-03-17,Sospechoso,Estados Unidos,2020-03-08
211,JALISCO,CENTRO GUADALAJARA,F,22,2020-03-12,Sospechoso,España,2020-03-17
212,JALISCO,CENTRO ZAPOPAN,F,16,2020-03-18,Sospechoso,Francia,2020-03-17
213,JALISCO,CENTRO GUADALAJARA,M,29,2020-03-13,Sospechoso,Contacto,NA
214,BAJA CALIFORNIA,TIJUANA,F,36,2020-03-15,Sospechoso,Estados Unidos,2020-03-07
215,JALISCO,CENTRO GUADALAJARA,F,23,2020-03-12,Sospechoso,España,2020-03-17
216,BAJA CALIFORNIA SUR,LOS CABOS,M,40,2020-03-10,Sospechoso,Estados Unidos,2020-03-06
217,HIDALGO,PACHUCA,F,43,2020-03-16,Sospechoso,Contacto,NA
218,SONORA,SANTA ANA,M,42,2020-03-19,Sospechoso,Estados Unidos,2020-03-14
219,BAJA CALIFORNIA SUR,LA PAZ,M,23,2020-03-16,Sospechoso,Contacto,NA
220,BAJA CALIFORNIA SUR,LA PAZ,F,29,2020-03-08,Sospechoso,Alemania,2020-03-07
221,MÉXICO,ATLACOMULCO,M,39,2020-03-17,Sospechoso,España,2020-03-13
222,PUEBLA,PUEBLA,F,29,2020-03-16,Sospechoso,Contacto,NA
223,MÉXICO,TENANGO DEL VALLE,F,17,2020-03-12,Sospechoso,Italia,2020-03-13
224,BAJA CALIFORNIA,ENSENADA,F,27,2020-03-18,Sospechoso,Estados Unidos,2020-03-18
225,BAJA CALIFORNIA,ENSENADA,F,28,2020-03-18,Sospechoso,Estados Unidos,2020-03-17
226,BAJA CALIFORNIA,ENSENADA,M,23,2020-03-19,Sospechoso,Estados Unidos,2020-03-18
227,JALISCO,CENTRO ZAPOPAN,M,49,2020-03-10,Sospechoso,Contacto,NA
228,COAHUILA,TORREON,F,41,2020-03-18,Sospechoso,Estados Unidos,2020-03-14
229,JALISCO,CENTRO ZAPOPAN,F,43,2020-03-21,Sospechoso,Contacto,NA
230,JALISCO,CENTRO ZAPOPAN,F,37,2020-03-15,Sospechoso,Estados Unidos,2020-03-17
231,MÉXICO,ATIZAPAN DE ZARAGOZA,F,64,2020-03-15,Sospechoso,Francia,2020-03-14
232,MÉXICO,TOLUCA,F,26,2020-03-13,Sospechoso,Contacto,NA
233,MÉXICO,AMECAMECA,F,27,2020-03-16,Sospechoso,Contacto,NA
234,ZACATECAS,ZACATECAS,M,41,2020-03-19,Sospechoso,Contacto,NA
235,JALISCO,CENTRO ZAPOPAN,M,69,2020-03-18,Sospechoso,Estados Unidos,2020-03-17
236,MÉXICO,TEXCOCO,M,47,2020-03-13,Sospechoso,Contacto,NA
237,MÉXICO,TOLUCA,M,42,2020-03-15,Sospechoso,Estados Unidos,2020-03-11
238,MÉXICO,NAUCALPAN,F,38,2020-03-16,Sospechoso,Contacto,NA
239,MÉXICO,TEXCOCO,M,43,2020-03-19,Sospechoso,Contacto,NA
240,JALISCO,CENTRO ZAPOPAN,M,54,2020-03-19,Sospechoso,Estados Unidos,2020-03-06
241,MÉXICO,AMECAMECA,M,32,2020-03-17,Sospechoso,Contacto,NA
242,SINALOA,JURISDICCION SANITARIA IV,F,21,2020-03-20,Sospechoso,España,2020-03-20
243,MÉXICO,NAUCALPAN,M,6,2020-03-20,Sospechoso,Contacto,2020-03-20
244,MÉXICO,TOLUCA,M,55,2020-03-18,Sospechoso,España,2020-03-16
245,MÉXICO,TEXCOCO,F,36,2020-03-13,Sospechoso,Contacto,NA
246,MÉXICO,ECATEPEC,F,27,2020-03-15,Sospechoso,Contacto,NA
247,MÉXICO,TLANEPANTLA,M,31,2020-03-10,Sospechoso,Contacto,NA
248,JALISCO,CENTRO ZAPOPAN,F,31,2020-03-16,Sospechoso,Contacto,NA
249,MÉXICO,ECATEPEC,M,57,2020-03-13,Sospechoso,Contacto,NA
250,MÉXICO,ECATEPEC,M,33,2020-03-12,Sospechoso,Contacto,NA
251,SINALOA,JURISDICCION SANITARIA IV,F,16,2020-03-15,Sospechoso,Francia,2020-03-15
252,MÉXICO,CUAUTITLAN,M,29,2020-03-09,Sospechoso,Alemania,2020-03-09
253,MÉXICO,ECATEPEC,F,33,2020-03-13,Sospechoso,Contacto,NA
254,CIUDAD DE MÉXICO,CUAUHTEMOC,M,76,2020-03-10,Sospechoso,Francia,2020-03-11
255,CIUDAD DE MÉXICO,MILPA ALTA,M,42,2020-03-17,Sospechoso,Contacto,NA
256,CIUDAD DE MÉXICO,MIGUEL HIDALGO,M,28,2020-03-17,Sospechoso,Contacto,NA
257,CIUDAD DE MÉXICO,CUAUHTEMOC,F,42,2020-03-20,Sospechoso,Contacto,NA
258,MÉXICO,NAUCALPAN,F,48,2020-03-15,Sospechoso,Estados Unidos,2020-03-03
259,CIUDAD DE MÉXICO,MIGUEL HIDALGO,F,38,2020-03-17,Sospechoso,Estados Unidos,2020-03-08
260,MICHOACÁN,MORELIA,F,23,2020-03-17,Sospechoso,Estados Unidos,2020-03-15
261,CIUDAD DE MÉXICO,CUAUHTEMOC,F,34,2020-03-14,Sospechoso,Contacto,NA
262,CIUDAD DE MÉXICO,MIGUEL HIDALGO,F,47,2020-03-14,Sospechoso,Estados Unidos,2020-03-01
263,CIUDAD DE MÉXICO,CUAUHTEMOC,M,33,2020-03-17,Sospechoso,Contacto,NA
264,GUANAJUATO,LEON,F,56,2020-03-16,Sospechoso,Francia,2020-03-17
265,CIUDAD DE MÉXICO,MIGUEL HIDALGO,F,46,2020-03-15,Sospechoso,Contacto,NA
266,GUANAJUATO,LEON,F,22,2020-03-17,Sospechoso,España,2020-03-16
267,GUANAJUATO,LEON,M,65,2020-03-20,Sospechoso,España,2020-03-14
268,CIUDAD DE MÉXICO,MIGUEL HIDALGO,F,32,2020-03-10,Sospechoso,España,2020-03-14
269,CIUDAD DE MÉXICO,BENITO JUAREZ,M,44,2020-03-11,Sospechoso,España,2020-03-15
270,MÉXICO,TLANEPANTLA,F,42,2020-03-18,Sospechoso,Contacto,2020-03-19
271,CIUDAD DE MÉXICO,MIGUEL HIDALGO,M,33,2020-03-12,Sospechoso,Estados Unidos,2020-03-16
272,MÉXICO,TLANEPANTLA,M,49,2020-03-17,Sospechoso,Contacto,NA
273,CIUDAD DE MÉXICO,BENITO JUAREZ,F,73,2020-03-16,Sospechoso,Italia,2020-03-15
274,CIUDAD DE MÉXICO,MIGUEL HIDALGO,F,50,2020-03-15,Sospechoso,Contacto,NA
275,TABASCO,CENTRO,M,28,2020-03-16,Sospechoso,Contacto,NA
276,QUERÉTARO,QUERÉTARO,F,28,2020-03-20,Sospechoso,Contacto,NA
277,MÉXICO,TLANEPANTLA,F,24,2020-03-16,Sospechoso,Francia,2020-03-16
278,GUANAJUATO,LEON,F,47,2020-03-16,Sospechoso,Francia,2020-03-17
279,MÉXICO,TLANEPANTLA,M,24,2020-03-16,Sospechoso,Francia,2020-03-16
280,BAJA CALIFORNIA,ENSENADA,M,18,2020-03-17,Sospechoso,Estados Unidos,2020-03-10
281,CIUDAD DE MÉXICO,MIGUEL HIDALGO,M,34,2020-03-16,Sospechoso,España,2020-03-15
282,GUANAJUATO,LEON,M,29,2020-03-16,Sospechoso,España,2020-03-16
283,GUANAJUATO,LEON,F,41,2020-03-18,Sospechoso,España,2020-03-16
284,CIUDAD DE MÉXICO,MIGUEL HIDALGO,F,27,2020-03-12,Sospechoso,Contacto,NA
285,BAJA CALIFORNIA,MEXICALI,M,25,2020-03-17,Sospechoso,Estados Unidos,2020-03-08
286,MÉXICO,TLANEPANTLA,M,60,2020-03-14,Sospechoso,España,2020-03-12
287,CIUDAD DE MÉXICO,MIGUEL HIDALGO,M,37,2020-03-17,Sospechoso,Contacto,NA
288,GUANAJUATO,LEON,M,51,2020-03-16,Sospechoso,Contacto,NA
289,CIUDAD DE MÉXICO,MIGUEL HIDALGO,M,29,2020-03-14,Sospechoso,Estados Unidos,2020-03-17
290,SAN LUIS POTOSÍ,SAN LUIS POTOSI,F,47,2020-03-20,Sospechoso,Contacto,NA
291,TABASCO,CENTRO,F,57,2020-03-18,Sospechoso,España,2020-03-18
292,VERACRUZ,POZA RICA,F,26,2020-02-25,Sospechoso,Estados Unidos,2020-03-17
293,COLIMA,MANZANILLO,M,56,2020-03-16,Sospechoso,Estados Unidos,2020-03-12
294,CIUDAD DE MÉXICO,MAGDALENA CONTRERAS,F,28,2020-03-19,Sospechoso,Contacto,NA
295,JALISCO,CENTRO ZAPOPAN,F,50,2020-03-17,Sospechoso,Estados Unidos,2020-03-12
296,JALISCO,CENTRO ZAPOPAN,M,17,2020-03-15,Sospechoso,España,2020-03-14
297,CIUDAD DE MÉXICO,CUAUHTEMOC,M,26,2020-03-18,Sospechoso,España,2020-03-15
298,JALISCO,CENTRO ZAPOPAN,M,22,2020-03-16,Sospechoso,Contacto,NA
299,JALISCO,CENTRO ZAPOPAN,F,45,2020-03-19,Sospechoso,Contacto,NA
300,SONORA,SANTA ANA,F,42,2020-03-19,Sospechoso,Estados Unidos,2020-03-14
301,VERACRUZ,VERACRUZ,F,18,2020-03-19,Sospechoso,Estados Unidos,2020-03-21
302,CIUDAD DE MÉXICO,TLAHUAC,F,32,2020-03-19,Sospechoso,Estados Unidos,2020-03-15
303,JALISCO,CENTRO ZAPOPAN,F,33,2020-03-12,Sospechoso,Estados Unidos,2020-03-02
304,CIUDAD DE MÉXICO,TLAHUAC,F,28,2020-03-17,Sospechoso,Contacto,NA
305,BAJA CALIFORNIA,ENSENADA,F,27,2020-03-19,Sospechoso,Estados Unidos,2020-03-15
306,COAHUILA,SABINAS,M,83,2020-03-16,Sospechoso,Estados Unidos,2020-03-18
307,SINALOA,JURISDICCION SANITARIA VI,F,27,2020-03-21,Sospechoso,Contacto,NA
308,CIUDAD DE MÉXICO,TLAHUAC,F,27,2020-03-07,Sospechoso,Contacto,NA
309,JALISCO,CENTRO ZAPOPAN,F,6,2020-03-12,Sospechoso,Estados Unidos,2020-03-02
310,CIUDAD DE MÉXICO,COYOACAN,M,37,2020-03-18,Sospechoso,Contacto,NA
311,JALISCO,CENTRO GUADALAJARA,F,59,2020-03-19,Sospechoso,Contacto,NA
312,SONORA,CAJEME,F,61,2020-03-10,Sospechoso,Contacto,NA
313,JALISCO,CENTRO ZAPOPAN,M,34,2020-03-13,Sospechoso,Estados Unidos,2020-03-02
314,SINALOA,JURISDICCION SANITARIA VI,F,60,2020-03-19,Sospechoso,Contacto,NA
315,TABASCO,CENTRO,F,24,2020-03-16,Sospechoso,Contacto,NA
316,CIUDAD DE MÉXICO,COYOACAN,M,33,2020-03-18,Sospechoso,Contacto,NA
317,AGUASCALIENTES,AGUASCALIENTES,F,53,2020-03-17,Sospechoso,España,2020-03-17
318,JALISCO,CENTRO ZAPOPAN,F,4,2020-03-16,Sospechoso,Estados Unidos,2020-03-02
319,JALISCO,CENTRO ZAPOPAN,M,1,2020-03-18,Sospechoso,Estados Unidos,2020-03-02
320,QUINTANA ROO,JUAREZ,F,31,2020-03-19,Sospechoso,Contacto,NA
321,JALISCO,CENTRO ZAPOPAN,F,25,2020-03-14,Sospechoso,Contacto,NA
322,AGUASCALIENTES,AGUASCALIENTES,F,47,2020-03-12,Sospechoso,Contacto,2020-03-08
323,AGUASCALIENTES,AGUASCALIENTES,M,35,2020-03-19,Sospechoso,Contacto,NA
324,BAJA CALIFORNIA,TIJUANA,F,19,2020-03-18,Sospechoso,Contacto,2020-03-19
325,HIDALGO,PACHUCA,F,16,2020-03-20,Sospechoso,Contacto,NA
326,HIDALGO,PACHUCA,M,17,2020-03-13,Sospechoso,Contacto,NA
327,BAJA CALIFORNIA,ENSENADA,M,15,2020-03-11,Sospechoso,Estados Unidos,2020-03-20
328,JALISCO,PUERTO VALLARTA,F,43,2020-03-17,Sospechoso,Estados Unidos,NA
329,GUANAJUATO,GUANAJUATO,M,24,2020-03-15,Sospechoso,Estados Unidos,2020-03-19
330,JALISCO,PUERTO VALLARTA,M,24,2020-03-17,Sospechoso,España,2020-03-19
331,COAHUILA,MONCLOVA,F,74,2020-03-17,Sospechoso,Contacto,NA
332,BAJA CALIFORNIA,ENSENADA,M,36,2020-03-17,Sospechoso,Estados Unidos,2020-03-14
333,JALISCO,PUERTO VALLARTA,F,42,2020-03-16,Sospechoso,Estados Unidos,2020-03-09
334,JALISCO,PUERTO VALLARTA,F,46,2020-03-13,Sospechoso,Contacto,NA
335,BAJA CALIFORNIA,TIJUANA,F,45,2020-03-13,Sospechoso,Estados Unidos,2020-03-19
336,JALISCO,LA BARCA,M,20,2020-03-16,Sospechoso,Estados Unidos,2020-03-20
337,MÉXICO,XONACATLAN,F,28,2020-03-15,Sospechoso,Japón,2020-03-09
338,MÉXICO,XONACATLAN,F,69,2020-03-17,Sospechoso,Contacto,NA
339,JALISCO,CENTRO GUADALAJARA,M,23,2020-03-03,Sospechoso,España,2020-03-03
340,JALISCO,CENTRO ZAPOPAN,F,24,2020-03-13,Sospechoso,Contacto,NA
341,JALISCO,CENTRO GUADALAJARA,M,42,2020-03-20,Sospechoso,Contacto,NA
342,JALISCO,CENTRO GUADALAJARA,F,32,2020-03-14,Sospechoso,Contacto,NA
343,MÉXICO,XONACATLAN,F,32,2020-03-20,Sospechoso,Contacto,NA
344,JALISCO,CENTRO ZAPOPAN,F,52,2020-03-13,Sospechoso,Contacto,NA
345,CIUDAD DE MÉXICO,MIGUEL HIDALGO,F,1,2020-03-17,Sospechoso,España,2020-03-08
346,JALISCO,CENTRO GUADALAJARA,M,32,2020-03-13,Sospechoso,Contacto,NA
347,MÉXICO,XONACATLAN,M,41,2020-03-16,Sospechoso,Contacto,NA
348,CIUDAD DE MÉXICO,MIGUEL HIDALGO,M,46,2020-03-17,Sospechoso,Estados Unidos,2020-03-02
349,JALISCO,CENTRO ZAPOPAN,M,27,2020-03-13,Sospechoso,Estados Unidos,2020-03-08
350,MÉXICO,XONACATLAN,M,6,2020-03-15,Sospechoso,Contacto,NA
351,JALISCO,CENTRO ZAPOPAN,M,33,2020-03-17,Sospechoso,Contacto,NA
352,JALISCO,CENTRO ZAPOPAN,F,27,2020-03-13,Sospechoso,Estados Unidos,2020-03-08
353,COAHUILA,PIEDRAS NEGRAS,F,27,2020-03-21,Sospechoso,Contacto,NA
354,MÉXICO,XONACATLAN,F,37,2020-03-15,Sospechoso,Contacto,NA
355,CIUDAD DE MÉXICO,MIGUEL HIDALGO,M,51,2020-03-16,Sospechoso,Estados Unidos,2020-03-12
356,QUERÉTARO,QUERÉTARO,M,46,2020-03-18,Sospechoso,España,2020-03-17
357,JALISCO,CENTRO TONALA,F,3,2020-03-20,Sospechoso,Estados Unidos,2020-03-18
358,COAHUILA,PIEDRAS NEGRAS,M,25,2020-03-20,Sospechoso,Contacto,NA
359,JALISCO,CENTRO TONALA,F,34,2020-03-19,Sospechoso,Estados Unidos,2020-03-18
360,SINALOA,JURISDICCION SANITARIA I,M,37,2020-03-18,Sospechoso,Estados Unidos,2020-03-17
361,JALISCO,CENTRO ZAPOPAN,F,57,2020-03-17,Sospechoso,España,2020-03-17
362,MÉXICO,XONACATLAN,F,40,2020-03-21,Sospechoso,Contacto,NA
363,CIUDAD DE MÉXICO,BENITO JUAREZ,F,25,2020-03-09,Sospechoso,España,2020-02-26
364,MÉXICO,XONACATLAN,F,4,2020-03-21,Sospechoso,Contacto,NA
365,COAHUILA,PIEDRAS NEGRAS,F,25,2020-03-19,Sospechoso,Estados Unidos,NA
366,CIUDAD DE MÉXICO,MIGUEL HIDALGO,M,29,2020-03-15,Sospechoso,Contacto,NA
367,MÉXICO,XONACATLAN,M,73,2020-03-19,Sospechoso,Contacto,NA
368,MÉXICO,XONACATLAN,F,27,2020-03-21,Sospechoso,Contacto,NA
369,CIUDAD DE MÉXICO,BENITO JUAREZ,M,21,2020-03-12,Sospechoso,Francia,2020-02-28
370,CIUDAD DE MÉXICO,MIGUEL HIDALGO,M,47,2020-03-18,Sospechoso,Contacto,NA
371,MÉXICO,TOLUCA,F,42,2020-03-14,Sospechoso,Estados Unidos,2020-03-14
372,CIUDAD DE MÉXICO,BENITO JUAREZ,F,28,2020-03-17,Sospechoso,Contacto,NA
373,CIUDAD DE MÉXICO,MIGUEL HIDALGO,F,33,2020-03-10,Sospechoso,España,2020-03-16
374,CIUDAD DE MÉXICO,MIGUEL HIDALGO,F,32,2020-03-12,Sospechoso,Contacto,2020-03-10
375,CHIHUAHUA,CIUDAD JUAREZ,F,26,2020-03-17,Sospechoso,Estados Unidos,2020-03-17
376,MÉXICO,TLANEPANTLA,F,40,2020-03-19,Sospechoso,Contacto,NA
377,CIUDAD DE MÉXICO,MIGUEL HIDALGO,F,48,2020-03-01,Sospechoso,Francia,2020-03-16
378,CIUDAD DE MÉXICO,MIGUEL HIDALGO,M,51,2020-03-18,Sospechoso,Contacto,NA
379,JALISCO,CENTRO GUADALAJARA,M,36,2020-03-15,Sospechoso,Estados Unidos,2020-03-08
380,VERACRUZ,VERACRUZ,F,40,2020-03-12,Sospechoso,España,2020-03-15
381,CHIHUAHUA,CHIHUAHUA,F,41,2020-03-15,Sospechoso,Alemania,2020-03-12
382,JALISCO,CENTRO GUADALAJARA,F,25,2020-03-13,Sospechoso,Estados Unidos,2020-03-06
383,CIUDAD DE MÉXICO,BENITO JUAREZ,F,60,2020-03-18,Sospechoso,Contacto,NA
384,VERACRUZ,VERACRUZ,M,46,2020-03-15,Sospechoso,España,2020-03-14
385,CIUDAD DE MÉXICO,MIGUEL HIDALGO,M,48,2020-03-16,Sospechoso,Contacto,NA
386,CIUDAD DE MÉXICO,MIGUEL HIDALGO,M,56,2020-03-04,Sospechoso,Alemania,2020-03-04
387,CIUDAD DE MÉXICO,BENITO JUAREZ,F,32,2020-03-17,Sospechoso,Contacto,NA
388,JALISCO,CENTRO ZAPOPAN,F,40,2020-03-17,Sospechoso,Estados Unidos,2020-02-29
389,JALISCO,CENTRO GUADALAJARA,F,35,2020-03-19,Sospechoso,Estados Unidos,2020-03-16
390,VERACRUZ,VERACRUZ,M,40,2020-03-12,Sospechoso,España,2020-03-15
391,CIUDAD DE MÉXICO,MIGUEL HIDALGO,M,0,2020-03-12,Sospechoso,Contacto,NA
392,CIUDAD DE MÉXICO,MIGUEL HIDALGO,M,10,2020-03-13,Sospechoso,Contacto,NA
393,JALISCO,CENTRO ZAPOPAN,F,44,2020-03-15,Sospechoso,Contacto,NA
394,JALISCO,CENTRO GUADALAJARA,M,69,2020-03-21,Sospechoso,Estados Unidos,2020-03-21
395,VERACRUZ,VERACRUZ,F,30,2020-03-12,Sospechoso,España,2020-03-15
396,CIUDAD DE MÉXICO,BENITO JUAREZ,F,20,2020-03-12,Sospechoso,Francia,2020-02-28
397,JALISCO,CENTRO ZAPOPAN,F,9,2020-03-15,Sospechoso,Contacto,NA
398,CIUDAD DE MÉXICO,MIGUEL HIDALGO,F,53,2020-03-14,Sospechoso,Contacto,2020-03-18
399,CIUDAD DE MÉXICO,MIGUEL HIDALGO,F,60,2020-03-14,Sospechoso,Contacto,NA
400,JALISCO,AMECA,M,66,2020-03-19,Sospechoso,Estados Unidos,2020-03-10
401,VERACRUZ,VERACRUZ,M,43,2020-03-18,Sospechoso,Estados Unidos,2020-03-13
402,CIUDAD DE MÉXICO,BENITO JUAREZ,M,24,2020-03-18,Sospechoso,Alemania,2020-03-19
403,VERACRUZ,VERACRUZ,F,39,2020-03-12,Sospechoso,Estados Unidos,2020-03-08
404,QUERÉTARO,SAN JUAN DEL RIO,M,42,2020-03-18,Sospechoso,Contacto,NA
405,VERACRUZ,VERACRUZ,M,51,2020-03-19,Sospechoso,España,2020-03-15
406,CIUDAD DE MÉXICO,TLALPAN,M,27,2020-03-17,Sospechoso,Contacto,NA
407,JALISCO,CENTRO GUADALAJARA,M,20,2020-03-18,Sospechoso,Francia,2020-03-15
408,CIUDAD DE MÉXICO,MIGUEL HIDALGO,F,21,2020-03-19,Sospechoso,España,2020-03-18
409,CIUDAD DE MÉXICO,BENITO JUAREZ,M,52,2020-03-20,Sospechoso,Contacto,NA
410,VERACRUZ,VERACRUZ,M,45,2020-03-12,Sospechoso,Estados Unidos,2020-03-08
411,VERACRUZ,VERACRUZ,F,22,2020-03-20,Sospechoso,España,2020-03-11
412,CIUDAD DE MÉXICO,TLALPAN,M,28,2020-03-15,Sospechoso,Contacto,NA
413,CIUDAD DE MÉXICO,MIGUEL HIDALGO,M,29,2020-03-14,Sospechoso,Estados Unidos,2020-03-17
414,CIUDAD DE MÉXICO,TLALPAN,M,31,2020-03-15,Sospechoso,Contacto,NA
415,CIUDAD DE MÉXICO,BENITO JUAREZ,F,25,2020-03-17,Sospechoso,Contacto,NA
416,COAHUILA,TORREON,F,23,2020-03-17,Sospechoso,Contacto,NA
417,CIUDAD DE MÉXICO,MIGUEL HIDALGO,M,28,2020-03-02,Sospechoso,Estados Unidos,2020-03-15
418,CIUDAD DE MÉXICO,COYOACAN,M,32,2020-02-16,Sospechoso,Contacto,NA
419,VERACRUZ,VERACRUZ,M,38,2020-03-21,Sospechoso,Contacto,NA
420,COAHUILA,TORREON,M,44,2020-03-19,Sospechoso,Contacto,NA
421,MÉXICO,TOLUCA,F,24,2020-03-13,Sospechoso,Estados Unidos,2020-03-13
422,MÉXICO,TOLUCA,M,37,2020-03-14,Sospechoso,Corea del Sur,2020-03-02
423,CIUDAD DE MÉXICO,BENITO JUAREZ,F,38,2020-03-14,Sospechoso,Italia,2020-03-15
424,TABASCO,CENTRO,M,46,2020-03-19,Sospechoso,Contacto,NA
425,DURANGO,DURANGO,F,37,2020-03-19,Sospechoso,Estados Unidos,2020-03-16
426,CIUDAD DE MÉXICO,BENITO JUAREZ,F,45,2020-03-08,Sospechoso,Alemania,2020-03-08
427,TABASCO,CENTRO,F,23,2020-03-20,Sospechoso,Contacto,NA
428,GUANAJUATO,LEON,F,36,2020-03-18,Sospechoso,Estados Unidos,2020-03-15
429,CIUDAD DE MÉXICO,BENITO JUAREZ,M,44,2020-03-09,Sospechoso,Alemania,2020-03-08
430,QUERÉTARO,SAN JUAN DEL RIO,F,29,2020-03-10,Sospechoso,Estados Unidos,2020-03-01
431,CIUDAD DE MÉXICO,BENITO JUAREZ,F,29,2020-03-15,Sospechoso,Francia,2020-03-14
432,CIUDAD DE MÉXICO,MIGUEL HIDALGO,F,88,2020-03-20,Sospechoso,Contacto,NA
433,CIUDAD DE MÉXICO,MIGUEL HIDALGO,M,30,2020-03-14,Sospechoso,Contacto,NA
434,CIUDAD DE MÉXICO,BENITO JUAREZ,F,41,2020-03-14,Sospechoso,Contacto,NA
435,CIUDAD DE MÉXICO,BENITO JUAREZ,M,41,2020-03-05,Sospechoso,Contacto,NA
436,VERACRUZ,JALAPA,M,8,2020-03-20,Sospechoso,Contacto,NA
437,DURANGO,DURANGO,F,67,2020-03-13,Sospechoso,Estados Unidos,2020-03-10
438,JALISCO,CENTRO ZAPOPAN,F,46,2020-03-20,Sospechoso,Contacto,NA
439,BAJA CALIFORNIA SUR,COMONDU,M,29,2020-03-18,Sospechoso,Contacto,NA
440,JALISCO,CENTRO ZAPOPAN,F,54,2020-03-17,Sospechoso,Francia,2020-03-17
441,JALISCO,CENTRO ZAPOPAN,F,67,2020-03-04,Sospechoso,Estados Unidos,2020-02-29
442,JALISCO,CENTRO ZAPOPAN,F,68,2020-03-13,Sospechoso,Francia,2020-03-09
443,DURANGO,DURANGO,M,33,2020-03-15,Sospechoso,Estados Unidos,2020-03-08
444,JALISCO,CENTRO ZAPOPAN,F,40,2020-03-16,Sospechoso,Estados Unidos,2020-03-12
445,QUERÉTARO,QUERÉTARO,M,24,2020-03-17,Sospechoso,Estados Unidos,2020-03-17
446,MÉXICO,TOLUCA,M,40,2020-03-13,Sospechoso,Francia,2020-03-04
447,QUERÉTARO,QUERÉTARO,M,30,2020-03-16,Sospechoso,Contacto,NA
448,QUERÉTARO,QUERÉTARO,M,21,2020-03-18,Sospechoso,España,2020-03-21
449,QUERÉTARO,QUERÉTARO,M,21,2020-03-19,Sospechoso,Estados Unidos,2020-03-21
450,GUANAJUATO,CELAYA,M,33,2020-03-08,Sospechoso,Contacto,2020-02-29
451,GUANAJUATO,LEON,F,27,2020-03-13,Sospechoso,España,2020-03-09
452,GUANAJUATO,SALAMANCA,F,67,2020-03-16,Sospechoso,Contacto,2020-03-16
453,GUANAJUATO,SALAMANCA,M,67,2020-03-16,Sospechoso,Contacto,2020-03-16
454,GUANAJUATO,SALAMANCA,F,34,2020-03-13,Sospechoso,España,2020-03-01
455,COLIMA,COLIMA,M,38,2020-03-11,Sospechoso,Estados Unidos,2020-03-13
456,CIUDAD DE MÉXICO,COYOACAN,M,33,2020-03-16,Sospechoso,Estados Unidos,2020-03-16
457,CIUDAD DE MÉXICO,COYOACAN,F,35,2020-03-13,Sospechoso,Italia,2020-03-15
458,COAHUILA,FRANCISO I. MADERO,M,68,2020-03-15,Sospechoso,Contacto,NA
459,CIUDAD DE MÉXICO,GUSTAVO A. MADERO,F,43,2020-03-15,Sospechoso,España,2020-03-13
460,GUANAJUATO,SAN MIGUEL DE ALLENDE,M,22,2020-03-15,Sospechoso,Contacto,NA
461,COAHUILA,PIEDRAS NEGRAS,M,50,2020-03-15,Sospechoso,Contacto,NA
462,CIUDAD DE MÉXICO,TLALPAN,F,34,2020-03-16,Sospechoso,Estados Unidos,2020-03-17
463,JALISCO,CENTRO TLAQUEPAQUE,M,34,2020-03-22,Sospechoso,Contacto,NA
464,CIUDAD DE MÉXICO,TLALPAN,F,37,2020-03-15,Sospechoso,Estados Unidos,2020-03-11
465,CIUDAD DE MÉXICO,TLALPAN,M,51,2020-03-17,Sospechoso,España,2020-03-09
466,CIUDAD DE MÉXICO,IZTAPALAPA,M,7,2020-03-17,Sospechoso,Contacto,NA
467,CIUDAD DE MÉXICO,TLALPAN,M,35,2020-03-17,Sospechoso,España,2020-03-11
468,GUANAJUATO,SALAMANCA,F,35,2020-03-20,Sospechoso,Contacto,NA
469,CIUDAD DE MÉXICO,TLALPAN,F,22,2020-03-13,Sospechoso,Francia,2020-03-17
470,MICHOACÁN,LA PIEDAD,F,63,2020-03-13,Sospechoso,Contacto,NA
471,GUANAJUATO,ACAMBARO,M,76,2020-03-22,Sospechoso,Estados Unidos,2020-03-12
472,MÉXICO,NAUCALPAN,F,40,2020-03-20,Sospechoso,Contacto,NA
473,JALISCO,CENTRO GUADALAJARA,M,37,2020-03-13,Sospechoso,Contacto,NA
474,MÉXICO,TOLUCA,M,67,2020-03-17,Sospechoso,Contacto,NA
475,JALISCO,CENTRO GUADALAJARA,M,23,2020-03-17,Sospechoso,Estados Unidos,2020-03-18
476,MÉXICO,NAUCALPAN,M,48,2020-03-08,Sospechoso,Francia,2020-03-18
477,COAHUILA,PIEDRAS NEGRAS,F,34,2020-03-19,Sospechoso,Contacto,NA
478,MÉXICO,TOLUCA,M,34,2020-03-08,Sospechoso,Estados Unidos,2020-03-08
479,GUANAJUATO,IRAPUATO,M,51,2020-03-20,Sospechoso,España,2020-03-15
480,SAN LUIS POTOSÍ,SAN LUIS POTOSI,F,16,2020-03-21,Sospechoso,España,2020-03-16
481,MÉXICO,TOLUCA,F,34,2020-03-13,Sospechoso,España,2020-03-14
482,CIUDAD DE MÉXICO,BENITO JUAREZ,M,44,2020-03-18,Sospechoso,Contacto,NA
483,BAJA CALIFORNIA,ENSENADA,F,44,2020-03-13,Sospechoso,Estados Unidos,2020-03-11
484,QUINTANA ROO,JUAREZ,M,42,2020-03-21,Sospechoso,Estados Unidos,2020-03-19
485,PUEBLA,PUEBLA,M,21,2020-03-17,Sospechoso,Contacto,NA
486,JALISCO,TEPATITLAN,F,23,2020-03-16,Sospechoso,Contacto,NA
487,CIUDAD DE MÉXICO,BENITO JUAREZ,M,32,2020-03-22,Sospechoso,Contacto,NA
488,GUANAJUATO,IRAPUATO,M,25,2020-03-20,Sospechoso,España,2020-03-15
489,QUINTANA ROO,JUAREZ,F,40,2020-03-20,Sospechoso,Contacto,NA
490,BAJA CALIFORNIA,TIJUANA,M,33,2020-03-20,Sospechoso,Estados Unidos,2020-03-20
491,CIUDAD DE MÉXICO,TLALPAN,M,34,2020-03-11,Sospechoso,Contacto,NA
492,CIUDAD DE MÉXICO,COYOACAN,F,79,2020-03-18,Sospechoso,Contacto,NA
493,CIUDAD DE MÉXICO,TLALPAN,F,52,2020-03-18,Sospechoso,Contacto,NA
494,SONORA,CAJEME,F,22,2020-03-10,Sospechoso,Estados Unidos,2020-03-07
495,JALISCO,CENTRO TLAQUEPAQUE,M,44,2020-03-22,Sospechoso,Contacto,2020-03-18
496,SAN LUIS POTOSÍ,SAN LUIS POTOSI,M,42,2020-03-03,Sospechoso,Estados Unidos,2020-03-03
497,CIUDAD DE MÉXICO,BENITO JUAREZ,F,54,2020-03-18,Sospechoso,España,2020-03-15
498,QUINTANA ROO,JUAREZ,F,30,2020-03-17,Sospechoso,Estados Unidos,2020-03-17
499,JALISCO,CENTRO TONALA,F,50,2020-03-14,Sospechoso,Contacto,NA
500,JALISCO,LA BARCA,M,19,2020-03-20,Sospechoso,España,2020-03-02
501,CIUDAD DE MÉXICO,VENUSTIANO CARRANZA,F,29,2020-03-17,Sospechoso,Estados Unidos,2020-03-12
502,JALISCO,TEPATITLAN,M,23,2020-03-17,Sospechoso,Contacto,NA
503,QUINTANA ROO,JUAREZ,F,53,2020-03-20,Sospechoso,Contacto,NA
504,BAJA CALIFORNIA,TIJUANA,M,93,2020-03-17,Sospechoso,Estados Unidos,2020-03-17
505,CIUDAD DE MÉXICO,CUAUHTEMOC,M,48,2020-03-17,Sospechoso,Contacto,NA
506,JALISCO,LA BARCA,M,28,2020-03-20,Sospechoso,Contacto,NA
507,CIUDAD DE MÉXICO,COYOACAN,F,36,2020-03-15,Sospechoso,Estados Unidos,2020-03-16
508,CIUDAD DE MÉXICO,TLALPAN,M,32,2020-03-18,Sospechoso,Contacto,NA
509,QUINTANA ROO,JUAREZ,M,44,2020-03-08,Sospechoso,Estados Unidos,2020-02-24
510,JALISCO,CENTRO GUADALAJARA,F,57,2020-03-21,Sospechoso,España,2020-03-17
511,JALISCO,CENTRO GUADALAJARA,F,80,2020-01-15,Sospechoso,Estados Unidos,2020-03-13
512,CIUDAD DE MÉXICO,TLALPAN,M,28,2020-03-14,Sospechoso,Contacto,NA
513,AGUASCALIENTES,AGUASCALIENTES,M,47,2020-03-18,Sospechoso,Contacto,NA
514,MÉXICO,ATIZAPAN DE ZARAGOZA,M,24,2020-03-18,Sospechoso,España,2020-03-14
515,MÉXICO,ECATEPEC,M,52,2020-03-13,Sospechoso,Contacto,NA
516,JALISCO,CENTRO GUADALAJARA,F,35,2020-03-21,Sospechoso,Estados Unidos,2020-03-13
517,CIUDAD DE MÉXICO,CUAUHTEMOC,M,60,2020-03-17,Sospechoso,Contacto,NA
518,CIUDAD DE MÉXICO,TLALPAN,M,31,2020-03-14,Sospechoso,España,2020-03-13
519,MÉXICO,TLANEPANTLA,F,47,2020-03-16,Sospechoso,Estados Unidos,2020-03-11
520,JALISCO,CENTRO TONALA,F,33,2020-03-12,Sospechoso,Contacto,NA
521,JALISCO,TEPATITLAN,F,71,2020-03-19,Sospechoso,Contacto,NA
522,CIUDAD DE MÉXICO,TLALPAN,M,46,2020-03-16,Sospechoso,Contacto,NA
523,CIUDAD DE MÉXICO,TLALPAN,M,50,2020-03-14,Sospechoso,Contacto,NA
524,SINALOA,JURISDICCION SANITARIA IV,M,27,2020-03-18,Sospechoso,Estados Unidos,2020-03-19
525,CIUDAD DE MÉXICO,ALVARO OBREGON,F,55,2020-03-13,Sospechoso,Contacto,NA
526,CIUDAD DE MÉXICO,AZCAPOTZALCO,F,53,2020-03-10,Sospechoso,Francia,2020-03-18
527,QUINTANA ROO,JUAREZ,M,74,2020-03-18,Sospechoso,España,2020-03-19
528,CIUDAD DE MÉXICO,TLALPAN,F,36,2020-03-16,Sospechoso,Contacto,NA
529,GUANAJUATO,LEON DELTA,F,28,2020-03-20,Sospechoso,Contacto,2020-03-16
530,JALISCO,TEPATITLAN,M,37,2020-03-18,Sospechoso,Contacto,NA
531,CIUDAD DE MÉXICO,ALVARO OBREGON,M,17,2020-03-15,Sospechoso,Contacto,NA
532,CIUDAD DE MÉXICO,TLALPAN,F,27,2020-03-14,Sospechoso,Contacto,NA
533,TAMAULIPAS,REYNOSA,F,23,2020-03-14,Sospechoso,Francia,2020-03-17
534,CIUDAD DE MÉXICO,TLALPAN,F,52,2020-03-17,Sospechoso,España,2020-03-16
535,JALISCO,CENTRO GUADALAJARA,F,23,2020-03-12,Sospechoso,España,2020-03-17
536,CIUDAD DE MÉXICO,TLALPAN,M,27,2020-03-18,Sospechoso,España,2020-03-14
537,SINALOA,JURISDICCION SANITARIA IV,M,21,2020-03-19,Sospechoso,Estados Unidos,2020-03-20
538,MICHOACÁN,URUAPAN,F,42,2020-03-11,Sospechoso,Estados Unidos,2020-03-09
539,JALISCO,TEPATITLAN,M,35,2020-03-18,Sospechoso,España,2020-03-12
540,CIUDAD DE MÉXICO,TLALPAN,F,51,2020-03-17,Sospechoso,España,2020-03-18
541,CIUDAD DE MÉXICO,TLALPAN,M,32,2020-03-12,Sospechoso,Contacto,NA
542,SINALOA,JURISDICCION SANITARIA IV,F,25,2020-03-20,Sospechoso,Contacto,2020-03-17
543,CIUDAD DE MÉXICO,TLALPAN,M,55,2020-03-10,Sospechoso,Estados Unidos,2020-03-12
544,MÉXICO,TLANEPANTLA,M,66,2020-03-21,Sospechoso,Estados Unidos,2020-03-14
545,CIUDAD DE MÉXICO,TLALPAN,M,42,2020-03-15,Sospechoso,Estados Unidos,2020-03-08
546,CIUDAD DE MÉXICO,TLALPAN,F,35,2020-03-18,Sospechoso,Contacto,NA
547,CIUDAD DE MÉXICO,XOCHIMILCO,M,44,2020-03-21,Sospechoso,Contacto,NA
548,CIUDAD DE MÉXICO,TLALPAN,M,26,2020-03-11,Sospechoso,España,2020-03-13
549,JALISCO,CENTRO GUADALAJARA,F,1,2020-03-17,Sospechoso,Estados Unidos,2020-03-06
550,TAMAULIPAS,REYNOSA,F,49,2020-03-21,Sospechoso,Estados Unidos,2020-03-15
551,BAJA CALIFORNIA,TIJUANA,F,0,2020-03-20,Sospechoso,Contacto,NA
552,JALISCO,CENTRO GUADALAJARA,F,50,2020-03-12,Sospechoso,España,2020-03-09
553,QUERÉTARO,QUERÉTARO,M,31,2020-03-22,Sospechoso,España,2020-03-18
554,COAHUILA,SALTILLO,F,25,2020-03-21,Sospechoso,Contacto,NA
555,JALISCO,CENTRO TLAQUEPAQUE,F,38,2020-03-20,Sospechoso,Contacto,2020-03-23
556,CIUDAD DE MÉXICO,TLALPAN,M,33,2020-03-17,Sospechoso,España,2020-03-17
557,BAJA CALIFORNIA,TIJUANA,M,93,2020-03-17,Sospechoso,Estados Unidos,2020-03-17
558,CIUDAD DE MÉXICO,MIGUEL HIDALGO,M,47,2020-03-17,Sospechoso,España,2020-03-14
559,JALISCO,CENTRO GUADALAJARA,M,33,2020-03-16,Sospechoso,España,2020-03-18
560,CIUDAD DE MÉXICO,TLALPAN,M,20,2020-03-16,Sospechoso,Contacto,2020-03-16
561,BAJA CALIFORNIA,ENSENADA,F,33,2020-03-18,Sospechoso,Estados Unidos,2020-03-14
562,JALISCO,CENTRO GUADALAJARA,F,32,2020-03-12,Sospechoso,Estados Unidos,2020-03-12
563,VERACRUZ,VERACRUZ,F,29,2020-03-12,Sospechoso,España,2020-03-15
564,CIUDAD DE MÉXICO,TLALPAN,F,29,2020-03-14,Sospechoso,Contacto,NA
565,JALISCO,CENTRO GUADALAJARA,F,32,2020-03-16,Sospechoso,España,2020-03-18
566,CIUDAD DE MÉXICO,BENITO JUAREZ,F,19,2020-03-21,Sospechoso,Contacto,NA
567,CIUDAD DE MÉXICO,TLALPAN,F,53,2020-03-15,Sospechoso,Contacto,NA
568,ZACATECAS,ZACATECAS,F,35,2020-03-12,Sospechoso,Contacto,NA
569,CHIHUAHUA,CIUDAD JUAREZ,M,39,2020-03-14,Sospechoso,Estados Unidos,NA
570,CIUDAD DE MÉXICO,TLALPAN,M,49,2020-03-14,Sospechoso,Contacto,NA
571,BAJA CALIFORNIA,TIJUANA,F,22,2020-03-20,Sospechoso,Contacto,NA
572,BAJA CALIFORNIA,TIJUANA,M,29,2020-03-17,Sospechoso,Estados Unidos,2020-03-15
573,CIUDAD DE MÉXICO,TLALPAN,F,33,2020-03-18,Sospechoso,Contacto,2020-03-12
574,MICHOACÁN,MORELIA,F,49,2020-03-16,Sospechoso,España,2020-03-15
575,CIUDAD DE MÉXICO,TLALPAN,F,25,2020-03-18,Sospechoso,Contacto,2020-03-02
576,PUEBLA,PUEBLA,F,23,2020-03-11,Sospechoso,España,2020-03-15
577,BAJA CALIFORNIA,TIJUANA,F,21,2020-03-20,Sospechoso,España,2020-03-16
578,CIUDAD DE MÉXICO,TLALPAN,F,28,2020-03-18,Sospechoso,Contacto,NA
579,VERACRUZ,VERACRUZ,M,33,2020-03-12,Sospechoso,Estados Unidos,2020-03-19
580,BAJA CALIFORNIA,ENSENADA,F,86,2020-03-18,Sospechoso,Estados Unidos,2020-03-14
581,VERACRUZ,VERACRUZ,M,51,2020-03-17,Sospechoso,Contacto,NA
582,ZACATECAS,ZACATECAS,M,54,2020-03-12,Sospechoso,Contacto,NA
583,CIUDAD DE MÉXICO,TLALPAN,M,31,2020-03-10,Sospechoso,España,2020-03-17
584,CIUDAD DE MÉXICO,IZTAPALAPA,M,76,2020-03-21,Sospechoso,Contacto,2020-03-21
585,CIUDAD DE MÉXICO,TLALPAN,F,62,2020-03-11,Sospechoso,Estados Unidos,2020-03-11
586,MÉXICO,ATIZAPAN DE ZARAGOZA,M,28,2020-03-16,Sospechoso,España,2020-02-26
587,CIUDAD DE MÉXICO,TLALPAN,F,28,2020-03-12,Sospechoso,Contacto,NA
588,CIUDAD DE MÉXICO,TLALPAN,M,27,2020-03-13,Sospechoso,Contacto,NA
589,MORELOS,CUERNAVACA,M,46,2020-03-16,Sospechoso,Estados Unidos,2020-03-14
590,BAJA CALIFORNIA,TIJUANA,M,29,2020-03-17,Sospechoso,Estados Unidos,2020-03-15
591,CIUDAD DE MÉXICO,MIGUEL HIDALGO,M,80,2020-03-20,Sospechoso,Contacto,NA
592,HIDALGO,PACHUCA,M,42,2020-03-21,Sospechoso,España,2020-03-11
593,BAJA CALIFORNIA SUR,MULEGE,F,24,2020-03-18,Sospechoso,Estados Unidos,2020-03-12
594,CIUDAD DE MÉXICO,TLALPAN,M,56,2020-03-18,Sospechoso,Contacto,NA
595,CIUDAD DE MÉXICO,TLALPAN,M,24,2020-03-18,Sospechoso,Contacto,NA
596,MÉXICO,TOLUCA,F,35,2020-03-15,Sospechoso,Contacto,NA
597,PUEBLA,PUEBLA,M,31,2020-03-14,Sospechoso,Estados Unidos,2020-03-02
598,CIUDAD DE MÉXICO,TLALPAN,F,35,2020-03-15,Sospechoso,Contacto,NA
599,BAJA CALIFORNIA SUR,LA PAZ,F,18,2020-03-21,Sospechoso,Contacto,NA
600,BAJA CALIFORNIA,ENSENADA,F,52,2020-03-20,Sospechoso,Estados Unidos,2020-03-15
601,BAJA CALIFORNIA,ENSENADA,F,32,2020-03-16,Sospechoso,Estados Unidos,2020-03-17
602,ZACATECAS,ZACATECAS,F,57,2020-03-12,Sospechoso,Contacto,2020-02-29
603,CIUDAD DE MÉXICO,TLALPAN,M,27,2020-03-14,Sospechoso,Contacto,NA
604,BAJA CALIFORNIA SUR,LOS CABOS,F,37,2020-03-12,Sospechoso,Contacto,NA
605,PUEBLA,PUEBLA,F,33,2020-01-20,Sospechoso,Contacto,NA
606,JALISCO,CENTRO GUADALAJARA,M,35,2020-03-18,Sospechoso,Estados Unidos,2020-03-18
607,CIUDAD DE MÉXICO,TLALPAN,M,45,2020-03-17,Sospechoso,Estados Unidos,2020-03-09
608,BAJA CALIFORNIA,TIJUANA,M,16,2020-03-17,Sospechoso,Estados Unidos,2020-03-07
609,CIUDAD DE MÉXICO,TLALPAN,F,46,2020-03-14,Sospechoso,Contacto,NA
610,PUEBLA,PUEBLA,M,18,2020-03-10,Sospechoso,España,2020-03-15
611,HIDALGO,TIZAYUCA,F,38,2020-03-18,Sospechoso,Contacto,NA
612,CIUDAD DE MÉXICO,CUAUHTEMOC,M,29,2020-03-19,Sospechoso,Contacto,NA
613,VERACRUZ,VERACRUZ,F,31,2020-03-19,Sospechoso,España,2020-03-14
614,SINALOA,JURISDICCION SANITARIA IV,F,48,2020-03-21,Sospechoso,Contacto,NA
615,BAJA CALIFORNIA SUR,LOS CABOS,M,2,2020-03-12,Sospechoso,Contacto,NA
616,SONORA,CAJEME,F,43,2020-03-16,Sospechoso,Estados Unidos,2020-03-04
617,NAYARIT,TEPIC,F,66,2020-03-19,Sospechoso,Estados Unidos,2020-03-12
618,JALISCO,CENTRO GUADALAJARA,M,48,2020-02-12,Sospechoso,Contacto,NA
619,BAJA CALIFORNIA,MEXICALI,F,32,2020-03-18,Sospechoso,Estados Unidos,2020-03-16
620,COAHUILA,CUATRO CIENEGAS,M,29,2020-03-20,Sospechoso,Contacto,NA
621,CIUDAD DE MÉXICO,IZTAPALAPA,F,49,2020-03-20,Sospechoso,Francia,2020-03-19
622,BAJA CALIFORNIA,ENSENADA,F,56,2020-03-16,Sospechoso,Estados Unidos,2020-03-16
623,JALISCO,CENTRO GUADALAJARA,M,82,2020-03-22,Sospechoso,Contacto,NA
624,NAYARIT,TEPIC,M,2,2020-03-22,Sospechoso,Contacto,NA
625,BAJA CALIFORNIA SUR,LOS CABOS,M,0,2020-03-16,Sospechoso,Contacto,NA
626,SINALOA,JURISDICCION SANITARIA IV,F,44,2020-03-20,Sospechoso,Contacto,NA
627,COAHUILA,TORREON,F,32,2020-03-19,Sospechoso,Contacto,NA
628,CIUDAD DE MÉXICO,MIGUEL HIDALGO,F,29,2020-03-16,Sospechoso,Estados Unidos,2020-03-09
629,JALISCO,CENTRO GUADALAJARA,F,45,2020-03-17,Sospechoso,Contacto,NA
630,BAJA CALIFORNIA,ENSENADA,F,67,2020-03-17,Sospechoso,Estados Unidos,2020-03-16
631,SINALOA,JURISDICCION SANITARIA IV,F,20,2020-03-19,Sospechoso,Contacto,NA
632,CIUDAD DE MÉXICO,MIGUEL HIDALGO,M,40,2020-03-13,Sospechoso,Estados Unidos,2020-03-09
633,TAMAULIPAS,VICTORIA,M,75,2020-03-22,Sospechoso,Contacto,NA
634,TAMAULIPAS,TAMPICO,F,55,2020-03-22,Sospechoso,Contacto,NA
635,COAHUILA,CUATRO CIENEGAS,F,33,2020-03-17,Sospechoso,Estados Unidos,NA
636,BAJA CALIFORNIA SUR,LOS CABOS,M,40,2020-03-21,Sospechoso,Contacto,NA
637,COAHUILA,TORREON,M,56,2020-03-17,Sospechoso,Contacto,NA
638,MÉXICO,TEXCOCO,F,29,2020-03-12,Sospechoso,España,2020-03-13
639,TAMAULIPAS,TAMPICO,M,38,2020-03-20,Sospechoso,Contacto,NA
640,MÉXICO,AMECAMECA,F,25,2020-03-19,Sospechoso,Contacto,2020-03-01
641,VERACRUZ,VERACRUZ,M,38,2020-03-19,Sospechoso,España,2020-03-14
642,CIUDAD DE MÉXICO,TLALPAN,F,29,2020-03-18,Sospechoso,Contacto,NA
643,MÉXICO,AMECAMECA,F,49,2020-03-19,Sospechoso,Contacto,NA
644,JALISCO,TEPATITLAN,F,63,2020-03-23,Sospechoso,Estados Unidos,2020-03-15
645,CIUDAD DE MÉXICO,TLALPAN,F,43,2020-03-14,Sospechoso,Estados Unidos,2020-03-10
646,JALISCO,CENTRO ZAPOPAN,M,29,2020-03-20,Sospechoso,Contacto,2020-03-21
647,AGUASCALIENTES,AGUASCALIENTES,F,63,2020-03-18,Sospechoso,Contacto,NA
648,YUCATÁN,MERIDA,F,25,2020-03-19,Sospechoso,Contacto,2020-03-15
649,COAHUILA,CUATRO CIENEGAS,F,54,2020-03-13,Sospechoso,Contacto,NA
650,SONORA,NAVOJOA,F,25,2020-03-19,Sospechoso,Contacto,NA
651,YUCATÁN,MERIDA,M,46,2020-03-13,Sospechoso,Contacto,NA
652,BAJA CALIFORNIA SUR,LOS CABOS,F,31,2020-03-21,Sospechoso,Contacto,NA
653,MICHOACÁN,LA PIEDAD,F,24,2020-03-16,Sospechoso,Francia,2020-03-19
654,BAJA CALIFORNIA,MEXICALI,M,23,2020-03-17,Sospechoso,Estados Unidos,2020-03-09
655,JALISCO,CENTRO ZAPOPAN,M,16,2020-03-22,Sospechoso,Contacto,2020-03-21
656,JALISCO,CENTRO GUADALAJARA,M,49,2020-03-12,Sospechoso,Estados Unidos,2020-03-08
657,COAHUILA,CUATRO CIENEGAS,F,36,2020-03-18,Sospechoso,Estados Unidos,NA
658,CIUDAD DE MÉXICO,IZTAPALAPA,M,64,2020-03-19,Sospechoso,Contacto,2020-03-06
659,MÉXICO,XONACATLAN,M,45,2020-03-16,Sospechoso,Estados Unidos,2020-03-03
660,TLAXCALA,TLAXCALA,F,42,2020-03-18,Sospechoso,Contacto,NA
661,CHIHUAHUA,CIUDAD JUAREZ,M,35,2020-03-12,Sospechoso,Francia,2020-03-20
662,TLAXCALA,TLAXCALA,F,19,2020-03-09,Sospechoso,Contacto,NA
663,QUERÉTARO,QUERÉTARO,M,22,2020-03-20,Sospechoso,España,2020-03-18
664,JALISCO,CENTRO GUADALAJARA,F,44,2020-03-15,Sospechoso,Contacto,NA
665,BAJA CALIFORNIA,TIJUANA,M,24,2020-03-17,Sospechoso,Estados Unidos,2020-03-16
666,VERACRUZ,VERACRUZ,M,38,2020-03-17,Sospechoso,Contacto,NA
667,SONORA,SANTA ANA,F,24,2020-03-15,Sospechoso,Estados Unidos,NA
668,MÉXICO,AMECAMECA,F,25,2020-03-17,Sospechoso,Contacto,NA
669,ZACATECAS,ZACATECAS,F,75,2020-03-18,Sospechoso,Contacto,NA
670,CIUDAD DE MÉXICO,MIGUEL HIDALGO,M,28,2020-03-16,Sospechoso,Contacto,NA
671,GUANAJUATO,LEON,F,26,2020-03-19,Sospechoso,Estados Unidos,2020-03-21
672,PUEBLA,PUEBLA,F,44,2020-03-23,Sospechoso,Contacto,NA
673,MÉXICO,TEXCOCO,M,25,2020-03-21,Sospechoso,Contacto,NA
674,CIUDAD DE MÉXICO,TLALPAN,F,74,2020-03-19,Sospechoso,Estados Unidos,2020-03-13
675,VERACRUZ,VERACRUZ,F,37,2020-03-18,Sospechoso,Contacto,NA
676,MÉXICO,AMECAMECA,M,29,2020-03-22,Sospechoso,Contacto,NA
677,PUEBLA,HUEJOTZINGO,F,32,2020-03-12,Sospechoso,Estados Unidos,2020-03-11
678,JALISCO,CENTRO GUADALAJARA,F,8,2020-03-15,Sospechoso,Contacto,NA
679,MÉXICO,ECATEPEC,M,30,2020-03-14,Sospechoso,Contacto,NA
680,JALISCO,CENTRO GUADALAJARA,F,28,2020-03-18,Sospechoso,Contacto,NA
681,BAJA CALIFORNIA,TIJUANA,M,58,2020-03-19,Sospechoso,Estados Unidos,2020-03-18
682,COAHUILA,SALTILLO,F,33,2020-03-20,Sospechoso,Estados Unidos,2020-03-14
683,GUANAJUATO,LEON,M,30,2020-03-19,Sospechoso,Estados Unidos,2020-03-21
684,MORELOS,CUERNAVACA,F,23,2020-03-18,Sospechoso,Contacto,NA
685,MÉXICO,AMECAMECA,F,25,2020-03-18,Sospechoso,Contacto,NA
686,MÉXICO,ECATEPEC,F,50,2020-03-15,Sospechoso,Contacto,NA
687,MÉXICO,ZUMPANGO,F,35,2020-03-21,Sospechoso,Contacto,NA
688,GUANAJUATO,LEON,M,66,2020-03-19,Sospechoso,Estados Unidos,2020-03-13
689,GUANAJUATO,LEON,M,55,2020-03-20,Sospechoso,Contacto,NA
690,MÉXICO,ECATEPEC,M,22,2020-03-15,Sospechoso,Contacto,NA
691,COAHUILA,CUATRO CIENEGAS,F,29,2020-03-21,Sospechoso,Contacto,NA
692,COLIMA,COLIMA,F,25,2020-03-22,Sospechoso,Estados Unidos,2020-03-13
693,BAJA CALIFORNIA SUR,LOS CABOS,M,50,2020-03-19,Sospechoso,Estados Unidos,2020-03-19
694,MÉXICO,ECATEPEC,M,85,2020-03-17,Sospechoso,Estados Unidos,2020-03-09
695,MÉXICO,NEZAHUALCOYOTL,M,61,2020-03-23,Sospechoso,Contacto,NA
696,CHIAPAS,PALENQUE,M,45,2020-03-13,Sospechoso,Contacto,NA
697,CIUDAD DE MÉXICO,MIGUEL HIDALGO,M,41,2020-03-16,Sospechoso,Estados Unidos,2020-03-15
698,BAJA CALIFORNIA,TIJUANA,F,29,2020-03-17,Sospechoso,Contacto,2020-03-14
699,GUANAJUATO,LEON,F,59,2020-03-20,Sospechoso,Contacto,NA
700,JALISCO,CENTRO TLAQUEPAQUE,M,49,2020-03-20,Sospechoso,Estados Unidos,2020-03-08
701,GUANAJUATO,LEON,M,25,2020-03-16,Sospechoso,Contacto,NA
702,QUERÉTARO,QUERÉTARO,F,21,2020-03-23,Sospechoso,España,2020-03-15
703,GUANAJUATO,LEON,M,26,2020-03-15,Sospechoso,España,2020-03-14
704,GUANAJUATO,LEON,F,23,2020-03-20,Sospechoso,España,2020-03-18
705,PUEBLA,PUEBLA,F,33,2020-03-20,Sospechoso,Contacto,NA
706,MICHOACÁN,APATZINGAN,M,19,2020-03-17,Sospechoso,Estados Unidos,2020-03-13
707,BAJA CALIFORNIA,MEXICALI,F,44,2020-03-16,Sospechoso,Estados Unidos,2020-03-13
708,SAN LUIS POTOSÍ,RIO VERDE,F,45,2020-03-07,Sospechoso,Estados Unidos,2020-03-04
709,TLAXCALA,TLAXCALA,F,19,2020-03-16,Sospechoso,Estados Unidos,2020-03-21
710,CIUDAD DE MÉXICO,MIGUEL HIDALGO,M,1,2020-03-19,Sospechoso,Estados Unidos,2020-03-13
711,PUEBLA,HUEJOTZINGO,F,48,2020-03-06,Sospechoso,Contacto,NA
712,COAHUILA,SABINAS,M,21,2020-03-21,Sospechoso,Contacto,NA
713,JALISCO,CENTRO GUADALAJARA,F,55,2020-03-18,Sospechoso,Contacto,NA
714,GUANAJUATO,LEON,F,40,2020-03-17,Sospechoso,Estados Unidos,2020-03-15
715,GUANAJUATO,LEON,M,19,2020-03-10,Sospechoso,Estados Unidos,2020-03-12
716,BAJA CALIFORNIA,ENSENADA,F,44,2020-03-12,Sospechoso,Estados Unidos,2020-03-16
717,TLAXCALA,APIZACO,M,21,2020-03-17,Sospechoso,Contacto,NA
718,GUANAJUATO,LEON,M,26,2020-03-14,Sospechoso,Contacto,NA
719,BAJA CALIFORNIA,MEXICALI,F,39,2020-03-18,Sospechoso,Estados Unidos,2020-03-17
720,MÉXICO,TOLUCA,M,67,2020-03-13,Sospechoso,Contacto,NA
721,GUANAJUATO,LEON,F,47,2020-03-18,Sospechoso,Estados Unidos,2020-03-18
722,CIUDAD DE MÉXICO,MIGUEL HIDALGO,M,33,2020-03-13,Sospechoso,España,2020-03-12
723,COLIMA,TECOMAN,F,39,2020-03-14,Sospechoso,Estados Unidos,2020-03-13
724,SONORA,NAVOJOA,F,29,2020-03-18,Sospechoso,Francia,2020-03-12
725,CIUDAD DE MÉXICO,CUAUHTEMOC,M,26,2020-03-18,Sospechoso,España,2020-03-15
726,GUANAJUATO,LEON,F,19,2020-03-14,Sospechoso,Contacto,NA
727,PUEBLA,PUEBLA,F,69,2020-03-17,Sospechoso,Contacto,NA
728,BAJA CALIFORNIA,MEXICALI,M,25,2020-03-20,Sospechoso,Contacto,2020-03-21
729,GUANAJUATO,LEON,M,30,2020-03-20,Sospechoso,Estados Unidos,2020-03-14
730,CIUDAD DE MÉXICO,MIGUEL HIDALGO,F,65,2020-03-16,Sospechoso,España,2020-03-14
731,MICHOACÁN,APATZINGAN,M,64,2020-03-18,Sospechoso,España,2020-03-07
732,MORELOS,JOJUTLA,F,38,2020-03-19,Sospechoso,Contacto,NA
733,QUERÉTARO,QUERÉTARO,F,30,2020-03-20,Sospechoso,España,2020-03-15
734,MÉXICO,TOLUCA,F,62,2020-03-13,Sospechoso,Contacto,NA
735,TLAXCALA,APIZACO,F,28,2020-03-12,Sospechoso,Contacto,NA
736,BAJA CALIFORNIA,ENSENADA,F,32,2020-03-19,Sospechoso,Contacto,2020-03-21
737,GUANAJUATO,LEON,F,2,2020-03-20,Sospechoso,Estados Unidos,2020-03-15
738,GUANAJUATO,LEON,F,28,2020-03-20,Sospechoso,Contacto,2020-03-10
739,GUANAJUATO,LEON,M,31,2020-03-16,Sospechoso,Contacto,NA
740,SINALOA,JURISDICCION SANITARIA I,F,33,2020-03-17,Sospechoso,Estados Unidos,NA
741,COAHUILA,CUATRO CIENEGAS,F,25,2020-03-20,Sospechoso,Contacto,NA
742,AGUASCALIENTES,AGUASCALIENTES,F,36,2020-03-23,Sospechoso,Contacto,NA
743,SAN LUIS POTOSÍ,SAN LUIS POTOSI,M,34,2020-03-18,Sospechoso,Contacto,NA
744,PUEBLA,PUEBLA,M,72,2020-03-16,Sospechoso,Contacto,NA
745,COLIMA,TECOMAN,F,39,2020-03-19,Sospechoso,Estados Unidos,2020-03-23
746,BAJA CALIFORNIA,ENSENADA,F,24,2020-03-17,Sospechoso,Estados Unidos,2020-03-13
747,BAJA CALIFORNIA,ENSENADA,F,30,2020-03-19,Sospechoso,Contacto,NA
748,CIUDAD DE MÉXICO,MIGUEL HIDALGO,F,34,2020-03-19,Sospechoso,Contacto,NA
749,GUANAJUATO,LEON,F,27,2020-03-19,Sospechoso,Contacto,NA
750,GUANAJUATO,LEON,F,23,2020-03-17,Sospechoso,España,2020-03-16
751,BAJA CALIFORNIA,ENSENADA,M,50,2020-03-19,Sospechoso,Estados Unidos,2020-03-11
752,QUINTANA ROO,JUAREZ,M,39,2020-03-15,Sospechoso,Contacto,2020-03-15
753,GUANAJUATO,LEON,M,41,2020-03-19,Sospechoso,Contacto,2020-03-15
754,SAN LUIS POTOSÍ,SAN LUIS POTOSI,F,34,2020-03-17,Sospechoso,Contacto,NA
755,GUANAJUATO,LEON,M,60,2020-03-17,Sospechoso,Estados Unidos,2020-03-16
756,BAJA CALIFORNIA,MEXICALI,F,28,2020-03-18,Sospechoso,España,2020-03-19
757,CIUDAD DE MÉXICO,CUAUHTEMOC,M,27,2020-03-19,Sospechoso,Contacto,NA
758,MÉXICO,AMECAMECA,F,25,2020-03-19,Sospechoso,Contacto,NA
759,GUANAJUATO,LEON,F,17,2020-03-20,Sospechoso,Estados Unidos,2020-03-17
760,SAN LUIS POTOSÍ,SAN LUIS POTOSI,M,30,2020-03-20,Sospechoso,Contacto,NA
761,AGUASCALIENTES,AGUASCALIENTES,F,50,2020-03-23,Sospechoso,España,2020-03-23
762,GUANAJUATO,LEON,M,27,2020-03-14,Sospechoso,Contacto,NA
763,HIDALGO,PACHUCA,F,35,2020-03-19,Sospechoso,Contacto,NA
764,GUANAJUATO,LEON,F,28,2020-03-21,Sospechoso,Estados Unidos,2020-03-08
765,MÉXICO,NAUCALPAN,F,49,2020-03-14,Sospechoso,Contacto,2020-03-11
766,MÉXICO,AMECAMECA,F,49,2020-03-19,Sospechoso,Contacto,NA
767,SAN LUIS POTOSÍ,SAN LUIS POTOSI,M,30,2020-03-16,Sospechoso,Contacto,NA
768,BAJA CALIFORNIA,TIJUANA,F,27,2020-03-18,Sospechoso,Estados Unidos,2020-03-08
769,JALISCO,PUERTO VALLARTA,F,46,2020-03-16,Sospechoso,Estados Unidos,2020-03-09
770,PUEBLA,PUEBLA,F,28,2020-03-16,Sospechoso,Contacto,NA
771,GUANAJUATO,LEON,M,7,2020-03-23,Sospechoso,Contacto,NA
772,MORELOS,CUERNAVACA,F,24,2020-03-23,Sospechoso,Contacto,2020-03-16
773,GUANAJUATO,LEON,M,43,2020-03-18,Sospechoso,Contacto,NA
774,SAN LUIS POTOSÍ,SAN LUIS POTOSI,M,21,2020-03-21,Sospechoso,España,2020-03-17
775,MORELOS,CUERNAVACA,F,35,2020-03-16,Sospechoso,Estados Unidos,2020-03-16
776,GUANAJUATO,LEON,M,18,2020-03-19,Sospechoso,España,2020-03-17
777,BAJA CALIFORNIA,TIJUANA,F,68,2020-03-16,Sospechoso,Estados Unidos,2020-03-12
778,GUANAJUATO,LEON,F,30,2020-03-18,Sospechoso,Estados Unidos,2020-03-15
779,MORELOS,CUERNAVACA,F,68,2020-03-20,Sospechoso,Contacto,NA
780,MÉXICO,NAUCALPAN,F,24,2020-03-21,Sospechoso,Contacto,2020-03-21
781,SAN LUIS POTOSÍ,SAN LUIS POTOSI,M,28,2020-03-21,Sospechoso,Contacto,NA
782,GUANAJUATO,LEON,F,30,2020-03-18,Sospechoso,Contacto,2020-03-17
783,JALISCO,CENTRO TLAQUEPAQUE,M,34,2020-03-10,Sospechoso,España,2020-03-14
784,GUANAJUATO,LEON,F,25,2020-03-19,Sospechoso,España,2020-03-16
785,JALISCO,PUERTO VALLARTA,M,48,2020-03-12,Sospechoso,Estados Unidos,2020-03-09
786,SONORA,HERMOSILLO,F,39,2020-03-17,Sospechoso,Contacto,NA
787,JALISCO,CENTRO ZAPOPAN,M,31,2020-03-23,Sospechoso,Contacto,NA
788,GUANAJUATO,LEON,F,49,2020-03-19,Sospechoso,Estados Unidos,2020-03-18
789,GUANAJUATO,LEON,F,36,2020-03-21,Sospechoso,Contacto,NA
790,BAJA CALIFORNIA,MEXICALI,M,49,2020-03-14,Sospechoso,España,2020-03-01
791,SAN LUIS POTOSÍ,SAN LUIS POTOSI,M,29,2020-03-22,Sospechoso,España,2020-03-21
792,AGUASCALIENTES,AGUASCALIENTES,M,53,2020-03-23,Sospechoso,España,2020-03-23
793,GUANAJUATO,LEON,F,34,2020-03-18,Sospechoso,Estados Unidos,2020-03-17
794,CIUDAD DE MÉXICO,CUAUHTEMOC,M,39,2020-03-20,Sospechoso,Contacto,NA
795,MORELOS,CUERNAVACA,M,24,2020-03-22,Sospechoso,Estados Unidos,2020-03-16
796,SAN LUIS POTOSÍ,SAN LUIS POTOSI,F,62,2020-03-21,Sospechoso,Estados Unidos,2020-03-15
797,GUANAJUATO,LEON,F,31,2020-03-17,Sospechoso,Contacto,2020-03-15
798,MÉXICO,NAUCALPAN,F,51,2020-03-22,Sospechoso,Contacto,2020-03-20
799,GUANAJUATO,LEON,F,28,2020-03-21,Sospechoso,Contacto,NA
800,PUEBLA,HUEJOTZINGO,F,38,2020-03-18,Sospechoso,Estados Unidos,2020-03-18
801,OAXACA,VALLES CENTRALES Y CAÑADA,F,54,2020-03-19,Sospechoso,Estados Unidos,2020-03-16
802,JALISCO,CENTRO ZAPOPAN,F,26,2020-03-23,Sospechoso,Contacto,NA
803,QUINTANA ROO,JUAREZ,F,28,2020-03-18,Sospechoso,Contacto,NA
804,JALISCO,CENTRO TLAQUEPAQUE,F,64,2020-03-14,Sospechoso,España,2020-03-14
805,BAJA CALIFORNIA,MEXICALI,F,38,2020-03-19,Sospechoso,Contacto,NA
806,SAN LUIS POTOSÍ,SAN LUIS POTOSI,M,46,2020-03-21,Sospechoso,Contacto,NA
807,CIUDAD DE MÉXICO,CUAUHTEMOC,M,45,2020-03-13,Sospechoso,España,2020-03-19
808,SAN LUIS POTOSÍ,SAN LUIS POTOSI,F,25,2020-03-19,Sospechoso,Contacto,NA
809,JALISCO,CENTRO ZAPOPAN,M,20,2020-03-20,Sospechoso,Contacto,NA
810,JALISCO,CENTRO TLAQUEPAQUE,F,68,2020-03-15,Sospechoso,España,2020-03-14
811,OAXACA,VALLES CENTRALES Y CAÑADA,F,62,2020-03-20,Sospechoso,Contacto,2020-03-21
812,MÉXICO,NAUCALPAN,M,45,2020-03-22,Sospechoso,Contacto,2020-03-20
813,SAN LUIS POTOSÍ,RIO VERDE,M,60,2020-03-23,Sospechoso,Contacto,NA
814,SAN LUIS POTOSÍ,SAN LUIS POTOSI,M,42,2020-03-09,Sospechoso,Estados Unidos,2020-03-03
815,JALISCO,CENTRO ZAPOPAN,F,34,2020-03-17,Sospechoso,Contacto,NA
816,OAXACA,VALLES CENTRALES Y CAÑADA,M,56,2020-03-20,Sospechoso,Contacto,NA
817,BAJA CALIFORNIA,MEXICALI,M,30,2020-03-19,Sospechoso,Contacto,NA
818,JALISCO,CENTRO ZAPOPAN,F,22,2020-03-16,Sospechoso,Francia,2020-03-11
819,JALISCO,CENTRO TLAQUEPAQUE,F,62,2020-03-16,Sospechoso,España,2020-03-14
820,GUANAJUATO,LEON,M,69,2020-03-19,Sospechoso,Estados Unidos,2020-03-18
821,GUANAJUATO,LEON,M,16,2020-03-18,Sospechoso,Estados Unidos,2020-03-17
822,HIDALGO,TIZAYUCA,M,35,2020-03-18,Sospechoso,Contacto,NA
823,SAN LUIS POTOSÍ,SAN LUIS POTOSI,M,42,2020-03-18,Sospechoso,Estados Unidos,2020-03-04
824,CIUDAD DE MÉXICO,ALVARO OBREGON,F,40,2020-03-06,Sospechoso,España,2020-03-08
825,QUINTANA ROO,JUAREZ,F,22,2020-03-18,Sospechoso,Contacto,NA
826,BAJA CALIFORNIA,TIJUANA,M,36,2020-03-11,Sospechoso,Alemania,2020-03-16
827,VERACRUZ,JALAPA,F,23,2020-03-16,Sospechoso,Contacto,NA
828,JALISCO,CENTRO ZAPOPAN,M,74,2020-03-23,Sospechoso,Francia,2020-03-11
829,BAJA CALIFORNIA,TIJUANA,M,28,2020-03-11,Sospechoso,Estados Unidos,2020-03-09
830,AGUASCALIENTES,RINCON DE ROMOS,F,65,2020-03-17,Sospechoso,Estados Unidos,2020-03-10
831,SAN LUIS POTOSÍ,SAN LUIS POTOSI,F,42,2020-03-21,Sospechoso,Contacto,NA
832,OAXACA,VALLES CENTRALES Y CAÑADA,F,21,2020-03-19,Sospechoso,Contacto,NA
833,BAJA CALIFORNIA SUR,LA PAZ,F,46,2020-03-16,Sospechoso,Estados Unidos,2020-03-08
834,CIUDAD DE MÉXICO,COYOACAN,F,35,2020-03-20,Sospechoso,Contacto,NA
835,HIDALGO,TEPEJI DEL RIO,F,24,2020-03-23,Sospechoso,Contacto,NA
836,OAXACA,VALLES CENTRALES Y CAÑADA,F,48,2020-03-20,Sospechoso,Contacto,NA
837,JALISCO,CENTRO ZAPOPAN,F,19,2020-03-17,Sospechoso,Francia,2020-03-11
838,BAJA CALIFORNIA,TIJUANA,F,50,2020-03-18,Sospechoso,Contacto,NA
839,OAXACA,VALLES CENTRALES Y CAÑADA,F,51,2020-03-23,Sospechoso,Contacto,NA
840,JALISCO,CENTRO ZAPOPAN,F,48,2020-03-16,Sospechoso,Contacto,NA
841,OAXACA,VALLES CENTRALES Y CAÑADA,M,14,2020-03-22,Sospechoso,Contacto,NA
842,CIUDAD DE MÉXICO,ALVARO OBREGON,F,50,2020-03-01,Sospechoso,Estados Unidos,2020-03-08
843,VERACRUZ,JALAPA,F,49,2020-03-20,Sospechoso,España,2020-03-14
844,JALISCO,CENTRO ZAPOPAN,F,52,2020-03-21,Sospechoso,Francia,2020-03-11
845,MÉXICO,NEZAHUALCOYOTL,F,33,2020-03-15,Sospechoso,Contacto,NA
846,TABASCO,CENTRO,M,38,2020-03-20,Sospechoso,Contacto,NA
847,OAXACA,VALLES CENTRALES Y CAÑADA,M,55,2020-03-23,Sospechoso,Contacto,NA
848,BAJA CALIFORNIA,TIJUANA,M,28,2020-03-18,Sospechoso,Estados Unidos,2020-03-10
849,QUINTANA ROO,JUAREZ,M,45,2020-03-18,Sospechoso,Contacto,NA
850,MÉXICO,NEZAHUALCOYOTL,F,73,2020-03-19,Sospechoso,Contacto,NA
851,BAJA CALIFORNIA,TIJUANA,F,41,2020-03-21,Sospechoso,Estados Unidos,2020-03-16
852,AGUASCALIENTES,AGUASCALIENTES,F,30,2020-03-23,Sospechoso,Italia,2020-02-15
853,GUANAJUATO,IRAPUATO,F,26,2020-03-17,Sospechoso,Contacto,2020-03-16
854,MÉXICO,NEZAHUALCOYOTL,M,68,2020-03-19,Sospechoso,Contacto,NA
855,JALISCO,CENTRO ZAPOPAN,F,16,2020-03-23,Sospechoso,Francia,2020-03-11
856,TABASCO,CENTRO,M,47,2020-03-18,Sospechoso,España,2020-03-08
857,MÉXICO,NEZAHUALCOYOTL,M,38,2020-03-19,Sospechoso,Contacto,NA
858,VERACRUZ,JALAPA,M,35,2020-03-18,Sospechoso,Estados Unidos,2020-03-17
859,TABASCO,CENTRO,M,50,2020-03-20,Sospechoso,Contacto,NA
860,JALISCO,CENTRO ZAPOPAN,F,29,2020-03-18,Sospechoso,Estados Unidos,2020-03-09
861,MÉXICO,NEZAHUALCOYOTL,F,45,2020-03-19,Sospechoso,Contacto,NA
862,MÉXICO,NEZAHUALCOYOTL,F,29,2020-03-19,Sospechoso,Contacto,NA
863,VERACRUZ,JALAPA,M,21,2020-03-20,Sospechoso,España,2020-03-19
864,JALISCO,AUTLAN,M,40,2020-03-22,Sospechoso,Contacto,NA
865,MÉXICO,NEZAHUALCOYOTL,F,44,2020-03-09,Sospechoso,Contacto,NA
866,GUANAJUATO,SALAMANCA,M,38,2020-03-17,Sospechoso,Contacto,NA
867,CHIAPAS,TAPACHULA,M,85,2020-03-21,Sospechoso,Contacto,2020-03-23
868,JALISCO,AUTLAN,F,63,2020-03-22,Sospechoso,Contacto,NA
869,PUEBLA,PUEBLA,F,27,2020-02-03,Sospechoso,Contacto,NA
870,TABASCO,CENTRO,M,35,2020-03-20,Sospechoso,Contacto,NA
871,TABASCO,CENTRO,F,26,2020-03-18,Sospechoso,Contacto,NA
872,MÉXICO,XONACATLAN,F,47,2020-03-06,Sospechoso,Contacto,NA
873,JALISCO,AUTLAN,M,75,2020-03-22,Sospechoso,Contacto,NA
874,JALISCO,CENTRO ZAPOPAN,F,48,2020-03-20,Sospechoso,Corea del Sur,2020-03-20
875,AGUASCALIENTES,AGUASCALIENTES,M,33,2020-03-18,Sospechoso,Alemania,2020-03-15
876,COAHUILA,SALTILLO,M,46,2020-03-23,Sospechoso,Contacto,NA
877,JALISCO,AUTLAN,F,33,2020-03-21,Sospechoso,Contacto,NA
878,DURANGO,DURANGO,F,26,2020-03-22,Sospechoso,Contacto,NA
879,CHIAPAS,TAPACHULA,F,37,2020-03-21,Sospechoso,Contacto,2020-03-23
880,AGUASCALIENTES,AGUASCALIENTES,F,14,2020-03-23,Sospechoso,España,2020-03-15
881,JALISCO,AUTLAN,F,20,2020-03-22,Sospechoso,Contacto,NA
882,JALISCO,AUTLAN,M,48,2020-03-22,Sospechoso,Contacto,2020-03-18
883,CIUDAD DE MÉXICO,BENITO JUAREZ,F,50,2020-03-21,Sospechoso,Contacto,NA
884,BAJA CALIFORNIA SUR,LOS CABOS,M,46,2020-03-21,Sospechoso,Estados Unidos,2020-03-20
885,JALISCO,AUTLAN,F,20,2020-03-19,Sospechoso,Contacto,NA
886,JALISCO,AUTLAN,F,16,2020-03-22,Sospechoso,Contacto,NA
887,AGUASCALIENTES,AGUASCALIENTES,F,59,2020-03-23,Sospechoso,Contacto,NA
888,CIUDAD DE MÉXICO,BENITO JUAREZ,F,35,2020-03-15,Sospechoso,Contacto,NA
889,JALISCO,AUTLAN,F,19,2020-03-16,Sospechoso,Estados Unidos,2020-03-15
890,JALISCO,AUTLAN,M,32,2020-03-19,Sospechoso,Contacto,NA
891,CIUDAD DE MÉXICO,GUSTAVO A. MADERO,F,41,2020-03-17,Sospechoso,España,2020-03-09
892,CIUDAD DE MÉXICO,BENITO JUAREZ,M,42,2020-03-18,Sospechoso,Estados Unidos,2020-03-18
893,HIDALGO,PACHUCA,F,24,2020-03-13,Sospechoso,Contacto,NA
894,JALISCO,AUTLAN,M,61,2020-03-18,Sospechoso,Estados Unidos,2020-03-14
895,JALISCO,AUTLAN,F,38,2020-03-16,Sospechoso,Contacto,NA
896,CIUDAD DE MÉXICO,BENITO JUAREZ,M,66,2020-03-21,Sospechoso,Contacto,NA
897,TABASCO,CENTRO,F,37,2020-03-20,Sospechoso,Contacto,NA
898,DURANGO,DURANGO,F,43,2020-03-21,Sospechoso,Contacto,NA
899,QUINTANA ROO,JUAREZ,M,20,2020-03-13,Sospechoso,Estados Unidos,2020-03-21
900,QUERÉTARO,QUERÉTARO,F,46,2020-03-21,Sospechoso,Estados Unidos,2020-03-16
901,CIUDAD DE MÉXICO,BENITO JUAREZ,M,47,2020-03-17,Sospechoso,Estados Unidos,2020-03-17
902,CHIAPAS,TUXTLA GUTIERREZ,M,63,2020-03-23,Sospechoso,Estados Unidos,2020-03-11
903,TABASCO,CENTRO,M,40,2020-03-22,Sospechoso,Estados Unidos,2020-03-10
904,CIUDAD DE MÉXICO,GUSTAVO A. MADERO,M,58,2020-03-12,Sospechoso,Contacto,NA
905,TABASCO,CENTRO,M,50,2020-03-16,Sospechoso,Contacto,NA
906,MÉXICO,ATIZAPAN DE ZARAGOZA,F,34,2020-03-18,Sospechoso,Contacto,NA
907,QUINTANA ROO,JUAREZ,F,30,2020-03-21,Sospechoso,Francia,2020-03-21
908,TABASCO,CENTRO,M,72,2020-03-18,Sospechoso,Contacto,NA
909,MÉXICO,ATIZAPAN DE ZARAGOZA,M,8,2020-03-22,Sospechoso,Contacto,NA
910,CIUDAD DE MÉXICO,CUAUHTEMOC,M,32,2020-03-18,Sospechoso,Italia,2020-03-11
911,TABASCO,CENTRO,M,34,2020-03-22,Sospechoso,Contacto,NA
912,TABASCO,CENTRO,M,54,2020-03-16,Sospechoso,Contacto,NA
913,TABASCO,CENTRO,M,52,2020-03-18,Sospechoso,Contacto,NA
914,TABASCO,CENTRO,F,22,2020-03-22,Sospechoso,España,2020-03-16
915,TABASCO,CENTRO,F,42,2020-03-20,Sospechoso,Contacto,NA
916,COAHUILA,MONCLOVA,M,49,2020-03-17,Sospechoso,Contacto,NA
917,COAHUILA,MONCLOVA,M,43,2020-03-17,Sospechoso,Estados Unidos,NA
918,MICHOACÁN,MORELIA,F,32,2020-03-06,Sospechoso,España,2020-03-15
919,CIUDAD DE MÉXICO,COYOACAN,F,46,2020-03-14,Sospechoso,Contacto,NA
920,MÉXICO,TOLUCA,F,36,2020-03-17,Sospechoso,España,2020-03-18
921,CIUDAD DE MÉXICO,GUSTAVO A. MADERO,F,48,2020-03-19,Sospechoso,China,2020-03-03
922,QUERÉTARO,QUERÉTARO,M,30,2020-03-20,Sospechoso,Estados Unidos,2020-03-18
923,QUERÉTARO,QUERÉTARO,F,34,2020-03-16,Sospechoso,Contacto,NA
924,QUERÉTARO,QUERÉTARO,M,58,2020-03-17,Sospechoso,Contacto,NA
925,MÉXICO,TOLUCA,F,41,2020-03-19,Sospechoso,Contacto,NA
926,CIUDAD DE MÉXICO,GUSTAVO A. MADERO,F,42,2020-03-20,Sospechoso,Contacto,NA
927,QUERÉTARO,QUERÉTARO,F,20,2020-03-16,Sospechoso,Contacto,NA
928,JALISCO,CENTRO TLAQUEPAQUE,F,45,2020-03-20,Sospechoso,Contacto,NA
929,MICHOACÁN,LA PIEDAD,F,63,2020-03-13,Sospechoso,Contacto,NA
930,QUERÉTARO,QUERÉTARO,M,23,2020-03-18,Sospechoso,Estados Unidos,2020-03-21
931,TLAXCALA,TLAXCALA,M,28,2020-03-22,Sospechoso,Estados Unidos,2020-03-22
932,JALISCO,CENTRO GUADALAJARA,M,56,2020-03-17,Sospechoso,Contacto,NA
933,QUERÉTARO,QUERÉTARO,F,34,2020-03-21,Sospechoso,Contacto,NA
934,MÉXICO,TLANEPANTLA,F,25,2020-03-17,Sospechoso,Contacto,NA
935,MÉXICO,TOLUCA,F,40,2020-03-18,Sospechoso,Contacto,NA
936,MÉXICO,NAUCALPAN,F,12,2020-03-16,Sospechoso,Contacto,NA
937,TLAXCALA,TLAXCALA,M,26,2020-03-22,Sospechoso,Contacto,NA
938,QUERÉTARO,QUERÉTARO,M,23,2020-03-22,Sospechoso,Contacto,NA
939,AGUASCALIENTES,AGUASCALIENTES,M,25,2020-03-22,Sospechoso,Estados Unidos,2020-03-22
940,CIUDAD DE MÉXICO,TLALPAN,F,31,2020-03-11,Sospechoso,España,2020-03-19
941,PUEBLA,PUEBLA,F,31,2020-03-16,Sospechoso,España,2020-03-15
942,MÉXICO,TOLUCA,F,37,2020-03-16,Sospechoso,Contacto,NA
943,CIUDAD DE MÉXICO,IZTAPALAPA,F,45,2020-03-20,Sospechoso,Contacto,NA
944,MÉXICO,NAUCALPAN,F,70,2020-03-21,Sospechoso,Contacto,NA
945,MÉXICO,TOLUCA,M,28,2020-03-17,Sospechoso,Estados Unidos,2020-03-17
946,VERACRUZ,VERACRUZ,M,43,2020-03-18,Sospechoso,Estados Unidos,2020-03-14
947,MÉXICO,NAUCALPAN,M,37,2020-03-19,Sospechoso,Contacto,NA
948,MÉXICO,NAUCALPAN,M,42,2020-03-16,Sospechoso,Contacto,NA
949,JALISCO,CENTRO GUADALAJARA,M,16,2020-03-20,Sospechoso,Contacto,NA
950,AGUASCALIENTES,AGUASCALIENTES,F,33,2020-03-23,Sospechoso,España,2020-03-15
951,MÉXICO,NAUCALPAN,M,43,2020-03-09,Sospechoso,España,2020-03-13
952,MÉXICO,NAUCALPAN,F,43,2020-03-16,Sospechoso,Contacto,NA
953,GUANAJUATO,CELAYA,F,35,2020-03-20,Sospechoso,Contacto,NA
954,CIUDAD DE MÉXICO,IZTAPALAPA,F,23,2020-03-18,Sospechoso,Contacto,NA
955,GUANAJUATO,CELAYA,M,40,2020-03-20,Sospechoso,Estados Unidos,2020-03-06
956,JALISCO,CENTRO GUADALAJARA,M,63,2020-03-19,Sospechoso,Contacto,NA
957,JALISCO,LAGOS DE MORENO,F,26,2020-03-15,Sospechoso,España,2020-03-16
958,CIUDAD DE MÉXICO,IZTAPALAPA,M,44,2020-03-19,Sospechoso,Contacto,NA
959,AGUASCALIENTES,AGUASCALIENTES,F,30,2020-03-18,Sospechoso,Alemania,2020-03-15
960,PUEBLA,PUEBLA,F,28,2020-03-19,Sospechoso,Francia,2020-03-09
961,QUERÉTARO,QUERÉTARO,F,29,2020-03-21,Sospechoso,Contacto,NA
962,JALISCO,CENTRO ZAPOPAN,M,28,2020-03-12,Sospechoso,España,2020-03-17
963,JALISCO,CENTRO GUADALAJARA,M,58,2020-03-20,Sospechoso,España,2020-03-17
964,AGUASCALIENTES,AGUASCALIENTES,M,40,2020-03-23,Sospechoso,Estados Unidos,2020-03-20
965,CIUDAD DE MÉXICO,IZTAPALAPA,F,23,2020-03-20,Sospechoso,Contacto,NA
966,GUERRERO,ACAPULCO,F,82,2020-03-23,Sospechoso,España,2020-03-13
967,MÉXICO,NAUCALPAN,F,47,2020-03-17,Sospechoso,España,2020-03-12
968,SONORA,HERMOSILLO,F,28,2020-03-18,Sospechoso,Estados Unidos,2020-03-09
969,GUANAJUATO,CELAYA,F,38,2020-03-12,Sospechoso,Estados Unidos,2020-03-23
970,CIUDAD DE MÉXICO,IZTAPALAPA,M,27,2020-03-22,Sospechoso,Contacto,NA
971,PUEBLA,PUEBLA,F,48,2020-03-19,Sospechoso,Contacto,NA
972,BAJA CALIFORNIA SUR,LA PAZ,F,29,2020-03-17,Sospechoso,Estados Unidos,2020-03-09
973,MICHOACÁN,URUAPAN,F,69,2020-03-15,Sospechoso,Contacto,2020-03-23
974,GUANAJUATO,CELAYA,M,40,2020-03-10,Sospechoso,Estados Unidos,2020-03-23
975,CIUDAD DE MÉXICO,IZTAPALAPA,M,31,2020-03-21,Sospechoso,Contacto,NA
976,BAJA CALIFORNIA,MEXICALI,M,68,2020-03-17,Sospechoso,Estados Unidos,2020-03-14
977,PUEBLA,PUEBLA,M,31,2020-03-13,Sospechoso,España,2020-03-15
978,AGUASCALIENTES,AGUASCALIENTES,M,60,2020-03-20,Sospechoso,Francia,2020-03-12
979,JALISCO,CENTRO ZAPOPAN,M,24,2020-03-19,Sospechoso,Estados Unidos,2020-03-20
980,COAHUILA,PIEDRAS NEGRAS,M,46,2020-03-21,Sospechoso,Estados Unidos,2020-03-23
981,QUINTANA ROO,JUAREZ,F,30,2020-03-21,Sospechoso,Francia,2020-03-21
982,PUEBLA,PUEBLA,F,31,2020-03-18,Sospechoso,Contacto,NA
983,BAJA CALIFORNIA,MEXICALI,M,38,2020-03-22,Sospechoso,Estados Unidos,2020-03-19
984,BAJA CALIFORNIA,MEXICALI,M,37,2020-03-18,Sospechoso,Estados Unidos,2020-03-18
985,MORELOS,CUERNAVACA,M,22,2020-03-10,Sospechoso,Alemania,2020-03-20
986,GUERRERO,ACAPULCO,M,37,2020-03-22,Sospechoso,Contacto,NA
987,JALISCO,CENTRO GUADALAJARA,F,44,2020-03-18,Sospechoso,Contacto,NA
988,COAHUILA,PIEDRAS NEGRAS,M,20,2020-03-21,Sospechoso,Estados Unidos,2020-03-23
989,CIUDAD DE MÉXICO,TLALPAN,M,31,2020-03-20,Sospechoso,Contacto,NA
990,SINALOA,JURISDICCION SANITARIA VI,F,47,2020-03-16,Sospechoso,España,2020-03-15
991,BAJA CALIFORNIA,MEXICALI,F,18,2020-03-18,Sospechoso,Estados Unidos,2020-03-17
992,TAMAULIPAS,MATAMOROS,F,28,2020-03-23,Sospechoso,Estados Unidos,2020-03-21
993,COLIMA,COLIMA,F,30,2020-03-18,Sospechoso,Contacto,NA
994,SONORA,HERMOSILLO,F,29,2020-03-13,Sospechoso,Estados Unidos,2020-03-10
995,PUEBLA,PUEBLA,M,26,2020-03-12,Sospechoso,Contacto,NA
996,PUEBLA,PUEBLA,M,15,2020-03-20,Sospechoso,Contacto,2020-03-20
997,QUINTANA ROO,JUAREZ,F,52,2020-03-12,Sospechoso,Estados Unidos,2020-03-10
998,GUANAJUATO,SAN MIGUEL DE ALLENDE,M,79,2020-03-13,Sospechoso,Alemania,2020-03-20
999,COAHUILA,SALTILLO,M,18,2020-03-20,Sospechoso,Contacto,NA
1000,JALISCO,CENTRO ZAPOPAN,F,53,2020-03-21,Sospechoso,Contacto,NA
1001,BAJA CALIFORNIA,TIJUANA,M,26,2020-03-21,Sospechoso,Estados Unidos,2020-03-18
1002,PUEBLA,PUEBLA,M,56,2020-03-20,Sospechoso,Contacto,NA
1003,COAHUILA,PIEDRAS NEGRAS,F,46,2020-03-21,Sospechoso,Estados Unidos,2020-03-23
1004,GUANAJUATO,CELAYA,F,36,2020-03-20,Sospechoso,Estados Unidos,2020-03-19
1005,COAHUILA,SALTILLO,F,34,2020-03-17,Sospechoso,Contacto,NA
1006,MORELOS,CUERNAVACA,M,43,2020-03-21,Sospechoso,Alemania,2020-03-18
1007,JALISCO,CENTRO GUADALAJARA,M,39,2020-03-15,Sospechoso,Contacto,2020-03-08
1008,JALISCO,CENTRO ZAPOPAN,M,24,2020-03-17,Sospechoso,Contacto,NA
1009,PUEBLA,PUEBLA,M,32,2020-03-15,Sospechoso,Contacto,2020-03-19
1010,GUANAJUATO,SAN MIGUEL DE ALLENDE,M,20,2020-03-13,Sospechoso,Estados Unidos,2020-03-13
1011,BAJA CALIFORNIA,MEXICALI,F,47,2020-03-19,Sospechoso,Estados Unidos,2020-03-15
1012,MÉXICO,TOLUCA,F,45,2020-03-20,Sospechoso,Contacto,NA
1013,BAJA CALIFORNIA,TIJUANA,F,75,2020-03-17,Sospechoso,Estados Unidos,2020-03-23
1014,BAJA CALIFORNIA SUR,LOS CABOS,F,26,2020-03-17,Sospechoso,Estados Unidos,2020-03-16
1015,JALISCO,PUERTO VALLARTA,M,60,2020-03-16,Sospechoso,Estados Unidos,2020-03-16
1016,GUANAJUATO,SALAMANCA,M,37,2020-03-21,Sospechoso,Contacto,NA
1017,BAJA CALIFORNIA,ENSENADA,F,28,2020-03-17,Sospechoso,Estados Unidos,2020-03-07
1018,PUEBLA,PUEBLA,M,23,2020-03-12,Sospechoso,Contacto,NA
1019,CIUDAD DE MÉXICO,IZTAPALAPA,F,40,2020-03-19,Sospechoso,Contacto,NA
1020,PUEBLA,PUEBLA,M,36,2020-03-20,Sospechoso,España,2020-03-20
1021,GUERRERO,ACAPULCO,F,44,2020-03-20,Sospechoso,Contacto,NA
1022,JALISCO,CENTRO TONALA,F,34,2020-03-21,Sospechoso,Contacto,NA
1023,MÉXICO,TOLUCA,M,17,2020-03-23,Sospechoso,Contacto,NA
1024,AGUASCALIENTES,AGUASCALIENTES,F,62,2020-03-22,Sospechoso,Contacto,NA
1025,BAJA CALIFORNIA,TIJUANA,M,33,2020-03-18,Sospechoso,Estados Unidos,2020-03-15
1026,PUEBLA,PUEBLA,M,33,2020-03-18,Sospechoso,Contacto,NA
1027,QUINTANA ROO,CHETUMAL,F,25,2020-03-23,Sospechoso,Estados Unidos,2020-03-16
1028,SINALOA,JURISDICCION SANITARIA VI,F,21,2020-03-22,Sospechoso,Contacto,NA
1029,BAJA CALIFORNIA,MEXICALI,F,40,2020-03-21,Sospechoso,Contacto,NA
1030,BAJA CALIFORNIA,TIJUANA,F,28,2020-03-22,Sospechoso,Contacto,2020-03-23
1031,MORELOS,CUERNAVACA,F,41,2020-03-11,Sospechoso,Contacto,NA
1032,COAHUILA,SALTILLO,F,33,2020-03-20,Sospechoso,Contacto,NA
1033,YUCATÁN,MERIDA,M,44,2020-03-20,Sospechoso,Contacto,NA
1034,CIUDAD DE MÉXICO,TLALPAN,F,36,2020-03-18,Sospechoso,España,2020-03-18
1035,BAJA CALIFORNIA,TIJUANA,F,45,2020-03-21,Sospechoso,Estados Unidos,2020-03-15
1036,AGUASCALIENTES,AGUASCALIENTES,M,76,2020-03-24,Sospechoso,Contacto,NA
1037,OAXACA,VALLES CENTRALES Y CAÑADA,M,36,2020-03-22,Sospechoso,Estados Unidos,2020-03-16
1038,BAJA CALIFORNIA,ENSENADA,F,50,2020-03-15,Sospechoso,Contacto,2020-03-23
1039,PUEBLA,PUEBLA,F,26,2020-03-17,Sospechoso,Contacto,NA
1040,MÉXICO,TOLUCA,M,55,2020-03-18,Sospechoso,Contacto,NA
1041,MÉXICO,TOLUCA,F,51,2020-03-23,Sospechoso,Contacto,NA
1042,BAJA CALIFORNIA,MEXICALI,M,45,2020-03-04,Sospechoso,Contacto,NA
1043,AGUASCALIENTES,AGUASCALIENTES,M,15,2020-03-22,Sospechoso,Contacto,NA
1044,ZACATECAS,ZACATECAS,M,51,2020-03-15,Sospechoso,Contacto,NA
1045,JALISCO,CENTRO GUADALAJARA,F,20,2020-03-20,Sospechoso,Estados Unidos,2020-03-07
1046,BAJA CALIFORNIA,TIJUANA,F,67,2020-03-22,Sospechoso,Estados Unidos,2020-03-20
1047,JALISCO,CENTRO ZAPOPAN,M,72,2020-03-18,Sospechoso,Francia,2020-03-17
1048,GUANAJUATO,SALAMANCA,F,37,2020-03-21,Sospechoso,Contacto,NA
1049,BAJA CALIFORNIA SUR,LA PAZ,F,29,2020-03-19,Sospechoso,Estados Unidos,2020-03-14
1050,PUEBLA,HUEJOTZINGO,F,23,2020-03-22,Sospechoso,Contacto,NA
1051,BAJA CALIFORNIA,ENSENADA,M,27,2020-03-12,Sospechoso,Contacto,2020-03-21
1052,CIUDAD DE MÉXICO,TLALPAN,F,33,2020-03-19,Sospechoso,Estados Unidos,2020-03-18
1053,CIUDAD DE MÉXICO,MAGDALENA CONTRERAS,F,44,2020-03-09,Sospechoso,España,2020-03-12
1054,YUCATÁN,MERIDA,M,30,2020-03-18,Sospechoso,Estados Unidos,2020-03-14
1055,AGUASCALIENTES,AGUASCALIENTES,M,32,2020-03-24,Sospechoso,España,2020-03-16
1056,CIUDAD DE MÉXICO,TLALPAN,F,39,2020-03-15,Sospechoso,Contacto,NA
1057,GUANAJUATO,LEON,F,32,2020-03-18,Sospechoso,España,2020-03-16
1058,BAJA CALIFORNIA SUR,LA PAZ,M,39,2020-03-18,Sospechoso,Estados Unidos,2020-03-14
1059,MÉXICO,TLANEPANTLA,F,29,2020-03-18,Sospechoso,Contacto,2020-03-22
1060,MORELOS,CUAUTLA,F,60,2020-03-22,Sospechoso,Estados Unidos,2020-03-22
1061,MÉXICO,TOLUCA,M,52,2020-03-19,Sospechoso,Contacto,NA
1062,MÉXICO,NEZAHUALCOYOTL,M,17,2020-03-15,Sospechoso,Contacto,NA
1063,BAJA CALIFORNIA,MEXICALI,M,38,2020-03-19,Sospechoso,Estados Unidos,2020-03-16
1064,PUEBLA,PUEBLA,M,33,2020-03-20,Sospechoso,Contacto,2020-03-19
1065,YUCATÁN,MERIDA,F,24,2020-03-20,Sospechoso,Estados Unidos,2020-03-19
1066,SINALOA,JURISDICCION SANITARIA VI,F,24,2020-03-22,Sospechoso,Contacto,NA
1067,BAJA CALIFORNIA,MEXICALI,F,46,2020-03-22,Sospechoso,Estados Unidos,2020-03-16
1068,PUEBLA,HUEJOTZINGO,F,26,2020-03-11,Sospechoso,Italia,2020-03-16
1069,OAXACA,VALLES CENTRALES Y CAÑADA,F,16,2020-03-23,Sospechoso,Contacto,2020-03-23
1070,BAJA CALIFORNIA,TIJUANA,M,21,2020-03-18,Sospechoso,Estados Unidos,2020-03-15
1071,MÉXICO,TOLUCA,M,24,2020-03-23,Sospechoso,Contacto,NA
1072,CIUDAD DE MÉXICO,TLALPAN,F,22,2020-03-16,Sospechoso,Italia,2020-03-14
1073,BAJA CALIFORNIA,TIJUANA,F,46,2020-03-16,Sospechoso,Contacto,2020-03-23
1074,MÉXICO,TOLUCA,M,31,2020-02-27,Sospechoso,Italia,2020-02-23
1075,BAJA CALIFORNIA,TIJUANA,F,26,2020-03-21,Sospechoso,Estados Unidos,2020-03-14
1076,SINALOA,JURISDICCION SANITARIA IV,F,8,2020-03-18,Sospechoso,Contacto,NA
1077,PUEBLA,HUEJOTZINGO,M,43,2020-03-19,Sospechoso,Contacto,NA
1078,JALISCO,CENTRO ZAPOPAN,M,42,2020-03-21,Sospechoso,Estados Unidos,2020-03-17
1079,AGUASCALIENTES,AGUASCALIENTES,F,25,2020-03-16,Sospechoso,Contacto,NA
1080,AGUASCALIENTES,AGUASCALIENTES,F,72,2020-03-24,Sospechoso,Francia,2020-03-16
1081,BAJA CALIFORNIA,MEXICALI,F,34,2020-03-20,Sospechoso,Estados Unidos,2020-03-17
1082,GUANAJUATO,SALAMANCA,F,24,2020-03-20,Sospechoso,Estados Unidos,2020-03-18
1083,CIUDAD DE MÉXICO,TLALPAN,M,48,2020-03-14,Sospechoso,España,2020-02-29
1084,BAJA CALIFORNIA,TIJUANA,M,53,2020-03-17,Sospechoso,Estados Unidos,2020-03-19
1085,GUANAJUATO,LEON,M,19,2020-03-16,Sospechoso,Contacto,2020-03-21
1086,GUERRERO,ACAPULCO,M,20,2020-03-17,Sospechoso,Contacto,NA
1087,MÉXICO,TOLUCA,M,28,2020-03-23,Sospechoso,Contacto,NA
1088,MÉXICO,TOLUCA,F,30,2020-02-27,Sospechoso,Italia,2020-02-23
1089,YUCATÁN,MERIDA,M,14,2020-03-16,Sospechoso,Contacto,2020-03-03
1090,PUEBLA,PUEBLA,F,56,2020-03-14,Sospechoso,Contacto,NA
1091,MÉXICO,TOLUCA,F,27,2020-03-15,Sospechoso,España,2020-03-18
1092,GUANAJUATO,LEON,F,15,2020-03-11,Sospechoso,Italia,2020-02-27
1093,BAJA CALIFORNIA,MEXICALI,M,32,2020-03-18,Sospechoso,Estados Unidos,2020-03-14
1094,YUCATÁN,MERIDA,F,42,2020-03-22,Sospechoso,Estados Unidos,2020-03-14
1095,CIUDAD DE MÉXICO,MAGDALENA CONTRERAS,M,56,2020-03-13,Sospechoso,Italia,2020-03-08
1096,JALISCO,CENTRO GUADALAJARA,M,54,2020-03-12,Sospechoso,Estados Unidos,2020-03-08
1097,YUCATÁN,MERIDA,M,22,2020-03-09,Sospechoso,Italia,2020-03-22
1098,BAJA CALIFORNIA,ENSENADA,M,74,2020-03-18,Sospechoso,Estados Unidos,2020-03-14
1099,QUERÉTARO,QUERÉTARO,M,21,2020-03-22,Sospechoso,España,2020-03-13
1100,BAJA CALIFORNIA,TIJUANA,M,28,2020-03-17,Sospechoso,Francia,2020-03-13
1101,MÉXICO,NEZAHUALCOYOTL,M,42,2020-03-22,Sospechoso,España,2020-03-22
1102,MÉXICO,NEZAHUALCOYOTL,F,5,2020-03-18,Sospechoso,Contacto,NA
1103,SINALOA,JURISDICCION SANITARIA VI,F,39,2020-03-20,Sospechoso,Contacto,2020-03-14
1104,PUEBLA,PUEBLA,M,47,2020-03-23,Sospechoso,Contacto,NA
1105,BAJA CALIFORNIA,MEXICALI,M,38,2020-03-20,Sospechoso,Estados Unidos,2020-03-18
1106,BAJA CALIFORNIA,TIJUANA,M,25,2020-03-20,Sospechoso,Estados Unidos,2020-02-16
1107,HIDALGO,TIZAYUCA,M,58,2020-03-20,Sospechoso,Contacto,NA
1108,GUANAJUATO,LEON,F,27,2020-03-20,Sospechoso,Francia,2020-03-19
1109,JALISCO,CENTRO ZAPOPAN,F,39,2020-03-21,Sospechoso,Estados Unidos,2020-03-17
1110,GUANAJUATO,SALAMANCA,F,52,2020-03-19,Sospechoso,Estados Unidos,2020-03-18
1111,GUERRERO,ACAPULCO,F,46,2020-03-22,Sospechoso,Estados Unidos,2020-03-12
1112,MÉXICO,TOLUCA,M,69,2020-03-18,Sospechoso,España,2020-03-15
1113,AGUASCALIENTES,AGUASCALIENTES,F,32,2020-03-23,Sospechoso,Contacto,NA
1114,GUANAJUATO,LEON,F,29,2020-03-19,Sospechoso,Estados Unidos,2020-02-26
1115,JALISCO,CENTRO ZAPOPAN,F,10,2020-03-21,Sospechoso,Estados Unidos,2020-03-17
1116,SONORA,HERMOSILLO,F,29,2020-03-12,Sospechoso,Estados Unidos,2020-03-18
1117,CHIAPAS,TUXTLA GUTIERREZ,F,18,2020-03-20,Sospechoso,Estados Unidos,2020-03-21
1118,VERACRUZ,CORDOBA,F,20,2020-03-14,Sospechoso,Francia,2020-03-14
1119,QUERÉTARO,QUERÉTARO,F,35,2020-03-17,Sospechoso,Contacto,NA
1120,CIUDAD DE MÉXICO,CUAUHTEMOC,F,33,2020-03-13,Sospechoso,Contacto,NA
1121,MÉXICO,TOLUCA,F,22,2020-02-28,Sospechoso,España,2020-02-17
1122,AGUASCALIENTES,AGUASCALIENTES,F,46,2020-03-24,Sospechoso,Contacto,2020-03-15
1123,BAJA CALIFORNIA,TIJUANA,F,27,2020-03-23,Sospechoso,Contacto,2020-03-23
1124,ZACATECAS,ZACATECAS,F,65,2020-03-22,Sospechoso,Contacto,NA
1125,GUERRERO,ACAPULCO,M,24,2020-03-21,Sospechoso,Estados Unidos,2020-03-20
1126,GUANAJUATO,CELAYA,F,58,2020-03-23,Sospechoso,Estados Unidos,2020-03-16
1127,JALISCO,CENTRO GUADALAJARA,M,21,2020-03-12,Sospechoso,Estados Unidos,2020-03-07
1128,TAMAULIPAS,REYNOSA,F,33,2020-03-22,Sospechoso,Estados Unidos,2020-03-16
1129,HIDALGO,PACHUCA,M,71,2020-03-16,Sospechoso,Estados Unidos,2020-03-13
1130,YUCATÁN,MERIDA,M,51,2020-03-18,Sospechoso,España,2020-03-16
1131,COAHUILA,SALTILLO,M,22,2020-03-20,Sospechoso,Contacto,NA
1132,TABASCO,CENTRO,F,66,2020-03-22,Sospechoso,España,2020-03-15
1133,GUANAJUATO,LEON,F,23,2020-03-22,Sospechoso,España,2020-03-22
1134,MÉXICO,TOLUCA,F,48,2020-03-22,Sospechoso,Contacto,NA
1135,CIUDAD DE MÉXICO,TLALPAN,F,38,2020-03-15,Sospechoso,España,2020-03-13
1136,YUCATÁN,MERIDA,F,50,2020-03-19,Sospechoso,Estados Unidos,2020-03-03
1137,QUERÉTARO,QUERÉTARO,F,30,2020-03-19,Sospechoso,Contacto,2020-03-15
1138,MÉXICO,ECATEPEC,F,19,2020-03-19,Sospechoso,Contacto,NA
1139,JALISCO,CENTRO GUADALAJARA,F,26,2020-03-19,Sospechoso,Contacto,NA
1140,SINALOA,JURISDICCION SANITARIA VI,F,55,2020-03-18,Sospechoso,Contacto,2020-03-02
1141,AGUASCALIENTES,AGUASCALIENTES,M,59,2020-03-08,Sospechoso,España,2020-03-17
1142,COAHUILA,SALTILLO,F,22,2020-03-16,Sospechoso,Contacto,NA
1143,GUANAJUATO,LEON,M,14,2020-03-18,Sospechoso,España,2020-03-17
1144,JALISCO,CENTRO ZAPOPAN,M,5,2020-03-22,Sospechoso,Estados Unidos,2020-03-17
1145,ZACATECAS,ZACATECAS,F,58,2020-03-22,Sospechoso,Contacto,NA
1146,YUCATÁN,MERIDA,F,30,2020-03-20,Sospechoso,España,2020-03-20
1147,MÉXICO,TOLUCA,F,33,2020-03-16,Sospechoso,Estados Unidos,2020-03-06
1148,YUCATÁN,MERIDA,F,19,2020-03-15,Sospechoso,Contacto,NA
1149,MÉXICO,TOLUCA,M,54,2020-03-22,Sospechoso,Contacto,NA
1150,MÉXICO,TOLUCA,F,37,2020-03-19,Sospechoso,Contacto,NA
1151,GUANAJUATO,LEON,M,27,2020-03-18,Sospechoso,España,2020-03-14
1152,MÉXICO,TOLUCA,M,23,2020-02-07,Sospechoso,Japón,2020-02-29
1153,GUERRERO,ZONA NORTE,F,24,2020-03-21,Sospechoso,Contacto,2020-03-21
1154,QUERÉTARO,QUERÉTARO,F,27,2020-03-15,Sospechoso,Contacto,2020-03-15
1155,TAMAULIPAS,VICTORIA,M,14,2020-03-23,Sospechoso,Contacto,2020-03-12
1156,JALISCO,CENTRO ZAPOPAN,M,4,2020-03-21,Sospechoso,Estados Unidos,2020-03-17
1157,SINALOA,JURISDICCION SANITARIA VI,M,45,2020-03-14,Sospechoso,Contacto,2020-03-14
1158,JALISCO,CENTRO ZAPOPAN,F,49,2020-03-17,Sospechoso,Contacto,NA
1159,AGUASCALIENTES,AGUASCALIENTES,F,51,2020-03-13,Sospechoso,Francia,2020-03-17
1160,TABASCO,CENTRO,M,20,2020-03-23,Sospechoso,Estados Unidos,2020-03-23
1161,QUERÉTARO,QUERÉTARO,F,26,2020-03-14,Sospechoso,Contacto,NA
1162,AGUASCALIENTES,AGUASCALIENTES,F,48,2020-03-20,Sospechoso,Estados Unidos,2020-03-09
1163,MÉXICO,TOLUCA,F,40,2020-03-22,Sospechoso,Contacto,NA
1164,QUINTANA ROO,JUAREZ,M,74,2020-03-15,Sospechoso,Contacto,NA
1165,CIUDAD DE MÉXICO,TLALPAN,F,52,2020-03-16,Sospechoso,Contacto,NA
1166,PUEBLA,HUEJOTZINGO,M,25,2020-03-19,Sospechoso,Contacto,NA
1167,GUANAJUATO,LEON,M,53,2020-03-15,Sospechoso,Contacto,NA
1168,QUINTANA ROO,JUAREZ,M,51,2020-03-12,Sospechoso,Estados Unidos,2020-03-09
1169,JALISCO,CENTRO ZAPOPAN,F,33,2020-03-09,Sospechoso,Francia,2020-03-08
1170,AGUASCALIENTES,AGUASCALIENTES,M,23,2020-03-20,Sospechoso,Contacto,2020-03-19
1171,GUANAJUATO,LEON,M,39,2020-03-19,Sospechoso,Estados Unidos,2020-03-17
1172,MÉXICO,TOLUCA,M,39,2020-03-16,Sospechoso,Contacto,NA
1173,JALISCO,CENTRO GUADALAJARA,F,48,2020-03-06,Sospechoso,Estados Unidos,2020-02-05
1174,CHIHUAHUA,CIUDAD JUAREZ,M,7,2020-03-17,Sospechoso,Estados Unidos,2020-03-10
1175,CIUDAD DE MÉXICO,TLALPAN,F,63,2020-03-22,Sospechoso,Estados Unidos,2020-03-17
1176,GUANAJUATO,LEON,M,32,2020-03-14,Sospechoso,España,2020-03-16
1177,PUEBLA,HUEJOTZINGO,M,33,2020-03-12,Sospechoso,Estados Unidos,2020-03-11
1178,BAJA CALIFORNIA SUR,LA PAZ,M,25,2020-03-20,Sospechoso,Contacto,NA
1179,JALISCO,CENTRO GUADALAJARA,M,27,2020-03-16,Sospechoso,España,2020-03-16
1180,TABASCO,CENTRO,F,50,2020-03-15,Sospechoso,Contacto,NA
1181,YUCATÁN,MERIDA,F,50,2020-03-20,Sospechoso,Contacto,NA
1182,JALISCO,PUERTO VALLARTA,F,46,2020-03-20,Sospechoso,Contacto,NA
1183,YUCATÁN,MERIDA,F,60,2020-03-10,Sospechoso,Francia,2020-03-19
1184,YUCATÁN,MERIDA,F,21,2020-03-17,Sospechoso,España,2020-03-15
1185,TAMAULIPAS,REYNOSA,F,35,2020-03-20,Sospechoso,Contacto,NA
1186,YUCATÁN,MERIDA,F,36,2020-03-15,Sospechoso,Contacto,NA
1187,CIUDAD DE MÉXICO,TLALPAN,M,44,2020-03-17,Sospechoso,Estados Unidos,2020-03-13
1188,MÉXICO,TOLUCA,F,63,2020-03-18,Sospechoso,Contacto,NA
1189,JALISCO,CENTRO GUADALAJARA,F,64,2020-03-10,Sospechoso,Estados Unidos,2020-02-27
1190,MÉXICO,TOLUCA,M,43,2020-03-02,Sospechoso,Estados Unidos,2020-02-26
1191,QUERÉTARO,QUERÉTARO,M,36,2020-03-07,Sospechoso,Estados Unidos,2020-03-08
1192,MÉXICO,ECATEPEC,M,29,2020-03-07,Sospechoso,España,2020-02-29
1193,CIUDAD DE MÉXICO,VENUSTIANO CARRANZA,F,23,2020-03-09,Sospechoso,España,2020-03-07
1194,CIUDAD DE MÉXICO,BENITO JUAREZ,M,59,2020-02-19,Sospechoso,Italia,2020-02-28
1195,BAJA CALIFORNIA,MEXICALI,M,30,2020-02-13,Sospechoso,Estados Unidos,2020-03-05
1196,PUEBLA,PUEBLA,M,26,2020-03-12,Sospechoso,Contacto,NA
1197,COAHUILA,TORREON,M,61,2020-03-11,Sospechoso,Estados Unidos,2020-03-07
1198,CIUDAD DE MÉXICO,CUAUHTEMOC,M,35,2020-02-10,Sospechoso,Contacto,NA
1199,CIUDAD DE MÉXICO,AZCAPOTZALCO,F,55,2020-03-11,Sospechoso,España,2020-02-29
1200,BAJA CALIFORNIA,TIJUANA,M,50,2020-03-12,Sospechoso,Estados Unidos,2020-03-10
1201,AGUASCALIENTES,AGUASCALIENTES,M,56,2020-03-09,Sospechoso,Estados Unidos,2020-03-14
1202,CIUDAD DE MÉXICO,CUAUHTEMOC,F,25,2020-03-12,Sospechoso,Alemania,2020-03-09
1203,JALISCO,CENTRO GUADALAJARA,F,20,2020-03-02,Sospechoso,Francia,2020-03-08
1204,MÉXICO,XONACATLAN,M,61,2020-03-08,Sospechoso,España,2020-03-08
1205,MÉXICO,XONACATLAN,M,21,2020-03-07,Sospechoso,España,2020-03-13
1206,MÉXICO,XONACATLAN,F,23,2020-03-07,Sospechoso,España,2020-03-13
1207,CIUDAD DE MÉXICO,MIGUEL HIDALGO,M,13,2020-03-13,Sospechoso,España,2020-03-13
1208,MÉXICO,XONACATLAN,M,55,2020-03-09,Sospechoso,Estados Unidos,2020-03-09
1209,CIUDAD DE MÉXICO,MIGUEL HIDALGO,M,37,2020-03-10,Sospechoso,Contacto,NA
1210,MÉXICO,XONACATLAN,M,31,2020-03-13,Sospechoso,España,2020-03-13
1211,MÉXICO,XONACATLAN,M,54,2020-03-13,Sospechoso,España,2020-03-13
1212,GUERRERO,ACAPULCO,F,62,2020-03-14,Sospechoso,Francia,2020-03-02
1213,BAJA CALIFORNIA,TIJUANA,M,54,2020-03-13,Sospechoso,Estados Unidos,2020-03-12
1214,BAJA CALIFORNIA,TIJUANA,M,33,2020-03-10,Sospechoso,Estados Unidos,2020-03-08
1215,CIUDAD DE MÉXICO,CUAUHTEMOC,M,35,2020-03-08,Sospechoso,Contacto,2020-03-01
1216,CIUDAD DE MÉXICO,CUAUHTEMOC,F,33,2020-03-14,Sospechoso,Contacto,2020-03-14
1217,CIUDAD DE MÉXICO,MIGUEL HIDALGO,M,37,2020-03-14,Sospechoso,Contacto,NA
1218,GUERRERO,ZONA NORTE,M,32,2020-03-16,Sospechoso,Estados Unidos,2020-03-01
1219,CIUDAD DE MÉXICO,MIGUEL HIDALGO,M,40,2020-03-09,Sospechoso,Italia,2020-03-08
