Número_caso,Estado,Sexo,Edad,Fecha_síntomas,Situación,País_fuente,Fecha_regreso
1,SAN LUIS POTOSÍ,F,22,2020-03-11,Sospechoso,España,2020-03-06
2,MÉXICO,M,23,2020-03-03,Sospechoso,España,2020-03-02
3,MÉXICO,M,34,2020-02-16,Sospechoso,Italia,2020-02-29
4,MÉXICO,M,26,2020-03-04,Sospechoso,España,2020-03-10
5,MÉXICO,M,40,2020-03-13,Sospechoso,Estados Unidos,2020-03-06
6,MÉXICO,F,39,2020-03-13,Sospechoso,Estados Unidos,2020-03-06
7,MÉXICO,M,44,2020-02-19,Sospechoso,Italia,2020-02-22
8,MÉXICO,M,9,2020-02-24,Sospechoso,Contacto,NA
9,PUEBLA,M,49,2020-03-15,Sospechoso,Contacto,NA
10,MÉXICO,F,34,2020-03-09,Sospechoso,Contacto,NA
11,SAN LUIS POTOSÍ,M,25,2020-03-13,Sospechoso,Contacto,NA
12,MÉXICO,F,37,2020-03-04,Sospechoso,Estados Unidos,2020-03-07
13,GUERRERO,M,29,2020-03-15,Sospechoso,Contacto,NA
14,HIDALGO,F,72,2020-03-14,Sospechoso,Estados Unidos,2020-03-14
15,MÉXICO,F,4,2020-03-04,Sospechoso,Estados Unidos,2020-03-07
16,MÉXICO,F,3,2020-03-04,Sospechoso,Estados Unidos,2020-03-07
17,MÉXICO,M,56,2020-03-17,Sospechoso,España,2020-03-12
18,VERACRUZ,M,29,2020-03-15,Sospechoso,España,2020-03-14
19,SONORA,F,49,2020-03-03,Sospechoso,Estados Unidos,2020-02-24
20,HIDALGO,F,23,2020-03-14,Sospechoso,Alemania,2020-03-15
21,MÉXICO,M,32,2020-03-10,Sospechoso,Contacto,NA
22,JALISCO,M,30,2020-03-12,Sospechoso,Alemania,2020-03-13
23,MÉXICO,F,32,2020-03-15,Sospechoso,Contacto,NA
24,MÉXICO,M,32,2020-03-10,Sospechoso,Contacto,NA
25,MÉXICO,M,35,2020-03-10,Sospechoso,Contacto,NA
26,MÉXICO,M,27,2020-03-15,Sospechoso,Contacto,NA
27,VERACRUZ,M,20,2020-03-15,Sospechoso,Contacto,NA
28,VERACRUZ,M,19,2020-03-15,Sospechoso,Contacto,NA
29,GUERRERO,M,41,2020-03-16,Sospechoso,Estados Unidos,2020-03-02
30,BAJA CALIFORNIA,F,34,2020-03-14,Sospechoso,Estados Unidos,2020-03-08
31,MORELOS,M,42,2020-03-15,Sospechoso,Japón,2020-03-15
32,MÉXICO,F,29,2020-03-15,Sospechoso,Contacto,NA
33,GUERRERO,F,3,2020-03-12,Sospechoso,Contacto,NA
34,BAJA CALIFORNIA,F,47,2020-03-13,Sospechoso,Estados Unidos,2020-03-09
35,COLIMA,F,23,2020-03-17,Sospechoso,Estados Unidos,2020-03-10
36,VERACRUZ,F,38,2020-03-16,Sospechoso,España,2020-03-13
37,JALISCO,M,25,2020-03-15,Sospechoso,Contacto,NA
38,CIUDAD DE MÉXICO,F,69,2020-02-25,Sospechoso,Italia,2020-03-03
39,JALISCO,M,19,2020-03-18,Sospechoso,España,2020-03-17
40,MÉXICO,F,0,2020-03-04,Sospechoso,Estados Unidos,2020-03-07
41,AGUASCALIENTES,M,36,2020-03-12,Sospechoso,Estados Unidos,2020-03-13
42,GUERRERO,F,74,2020-03-08,Sospechoso,España,2020-03-04
43,AGUASCALIENTES,F,29,2020-03-17,Sospechoso,Contacto,NA
44,COAHUILA,M,28,2020-03-07,Sospechoso,Estados Unidos,NA
45,COAHUILA,F,27,2020-03-07,Sospechoso,Estados Unidos,NA
46,AGUASCALIENTES,M,34,2020-03-18,Sospechoso,Contacto,2020-03-12
47,VERACRUZ,F,64,2020-03-16,Sospechoso,España,2020-03-13
48,HIDALGO,F,37,2020-03-15,Sospechoso,Contacto,NA
49,HIDALGO,F,23,2020-03-16,Sospechoso,Alemania,2020-03-15
50,QUINTANA ROO,F,34,2020-03-17,Sospechoso,Estados Unidos,2020-03-17
51,HIDALGO,M,44,2020-03-12,Sospechoso,Estados Unidos,2020-03-13
52,HIDALGO,M,13,2020-03-16,Sospechoso,Contacto,NA
53,SONORA,F,29,2020-03-13,Sospechoso,España,2020-03-18
54,SONORA,F,45,2020-03-15,Sospechoso,España,2020-03-16
55,SONORA,F,25,2020-03-13,Sospechoso,Estados Unidos,2020-03-10
56,BAJA CALIFORNIA,F,57,2020-03-11,Sospechoso,Contacto,2020-03-11
57,BAJA CALIFORNIA,M,29,2020-03-07,Sospechoso,Estados Unidos,2020-03-03
58,DURANGO,F,52,2020-03-15,Sospechoso,Contacto,NA
59,BAJA CALIFORNIA,F,65,2020-03-13,Sospechoso,Estados Unidos,2020-03-08
60,GUERRERO,F,47,2020-03-14,Sospechoso,Contacto,NA
61,MÉXICO,M,37,2020-03-17,Sospechoso,Francia,2020-03-16
62,CAMPECHE,M,58,2020-03-15,Sospechoso,España,2020-03-15
63,MÉXICO,M,39,2020-03-14,Sospechoso,España,2020-03-15
64,GUERRERO,F,39,2020-03-01,Sospechoso,Estados Unidos,2020-03-05
65,MÉXICO,F,37,2020-03-07,Sospechoso,Francia,2020-03-01
66,MÉXICO,M,32,2020-03-14,Sospechoso,Estados Unidos,2020-03-14
67,CAMPECHE,F,59,2020-03-06,Sospechoso,España,2020-03-15
68,MÉXICO,F,35,2020-03-12,Sospechoso,Contacto,NA
69,MÉXICO,M,27,2020-03-10,Sospechoso,Contacto,NA
70,QUINTANA ROO,F,33,2020-03-11,Sospechoso,Italia,2020-03-02
71,MÉXICO,F,37,2020-03-06,Sospechoso,Italia,2020-03-01
72,MÉXICO,M,39,2020-03-14,Sospechoso,Contacto,NA
73,MÉXICO,M,45,2020-03-13,Sospechoso,Contacto,NA
74,MÉXICO,F,22,2020-03-16,Sospechoso,España,2020-03-15
75,QUINTANA ROO,M,36,2020-03-17,Sospechoso,Contacto,NA
76,MÉXICO,M,46,2020-03-01,Sospechoso,Estados Unidos,2020-03-08
77,QUINTANA ROO,M,30,2020-03-11,Sospechoso,Francia,2020-03-09
78,MÉXICO,F,75,2020-03-03,Sospechoso,Italia,2020-02-21
79,MÉXICO,F,24,2020-03-09,Sospechoso,Contacto,2020-03-08
80,TAMAULIPAS,F,38,2020-03-16,Sospechoso,Contacto,NA
81,YUCATÁN,M,46,2020-03-16,Sospechoso,Contacto,NA
82,MÉXICO,M,75,2020-03-06,Sospechoso,Contacto,NA
83,QUINTANA ROO,F,54,2020-03-15,Sospechoso,Contacto,NA
84,QUINTANA ROO,F,22,2020-03-17,Sospechoso,Contacto,NA
85,MÉXICO,M,19,2020-02-26,Sospechoso,Contacto,2020-03-11
86,MICHOACÁN,M,38,2020-03-13,Sospechoso,Contacto,NA
87,CHIHUAHUA,M,24,2020-03-17,Sospechoso,Estados Unidos,2020-03-12
88,MÉXICO,F,22,2020-03-16,Sospechoso,Contacto,NA
89,MÉXICO,M,47,2020-03-07,Sospechoso,España,2020-03-07
90,MICHOACÁN,F,38,2020-03-07,Sospechoso,España,2020-03-14
91,MICHOACÁN,F,3,2020-03-13,Sospechoso,Contacto,NA
92,VERACRUZ,M,78,2020-03-17,Sospechoso,Estados Unidos,2020-03-17
93,BAJA CALIFORNIA,M,64,2020-03-17,Sospechoso,Estados Unidos,2020-03-08
94,JALISCO,F,80,2020-03-15,Sospechoso,Estados Unidos,2020-03-13
95,MÉXICO,F,52,2020-03-18,Sospechoso,Contacto,NA
96,VERACRUZ,F,29,2020-03-15,Sospechoso,Estados Unidos,2020-03-16
97,QUINTANA ROO,F,46,2020-03-15,Sospechoso,Estados Unidos,2020-03-01
98,COAHUILA,F,38,2020-03-10,Sospechoso,España,2020-03-04
99,TLAXCALA,F,25,2020-03-12,Sospechoso,Contacto,NA
100,CIUDAD DE MÉXICO,F,60,2020-03-10,Sospechoso,Alemania,2020-03-04
101,MÉXICO,M,26,2020-03-14,Sospechoso,Contacto,NA
102,JALISCO,M,59,2020-03-12,Sospechoso,Contacto,NA
103,QUINTANA ROO,M,65,2020-03-18,Sospechoso,España,2020-03-15
104,GUERRERO,M,64,2020-03-16,Sospechoso,Estados Unidos,2020-03-16
105,JALISCO,M,69,2020-03-14,Sospechoso,Francia,2020-03-03
106,TABASCO,F,55,2020-03-18,Sospechoso,España,2020-03-14
107,BAJA CALIFORNIA,M,35,2020-03-18,Sospechoso,Estados Unidos,2020-03-17
108,MÉXICO,M,33,2020-03-10,Sospechoso,Alemania,2020-03-07
109,BAJA CALIFORNIA,M,35,2020-03-18,Sospechoso,Estados Unidos,2020-03-16
110,VERACRUZ,M,24,2020-03-16,Sospechoso,Estados Unidos,2020-03-16
111,BAJA CALIFORNIA,F,30,2020-03-15,Sospechoso,Estados Unidos,2020-03-15
112,TLAXCALA,M,48,2020-03-16,Sospechoso,Contacto,NA
113,BAJA CALIFORNIA,M,37,2020-03-09,Sospechoso,Estados Unidos,2020-03-16
114,JALISCO,M,29,2020-03-06,Sospechoso,Estados Unidos,2020-03-06
115,MÉXICO,F,52,2020-03-10,Sospechoso,España,2020-03-12
116,AGUASCALIENTES,M,0,2020-03-19,Sospechoso,España,2020-03-14
117,MÉXICO,M,56,2020-03-10,Sospechoso,España,2020-03-12
118,JALISCO,F,25,2020-03-14,Sospechoso,Estados Unidos,2020-03-16
119,VERACRUZ,F,60,2020-03-06,Sospechoso,España,2020-03-13
120,CIUDAD DE MÉXICO,F,60,2020-03-05,Sospechoso,Contacto,2020-03-15
121,JALISCO,M,29,2020-03-17,Sospechoso,Contacto,2020-03-16
122,SAN LUIS POTOSÍ,F,45,2020-03-17,Sospechoso,Estados Unidos,2020-03-18
123,GUERRERO,M,5,2020-03-16,Sospechoso,Estados Unidos,2020-03-16
124,JALISCO,F,44,2020-03-15,Sospechoso,Contacto,NA
125,JALISCO,F,8,2020-03-15,Sospechoso,Contacto,NA
126,CIUDAD DE MÉXICO,F,9,2020-03-15,Sospechoso,Estados Unidos,2020-03-08
127,QUINTANA ROO,M,36,2020-03-18,Sospechoso,Contacto,NA
128,SAN LUIS POTOSÍ,F,22,2020-03-16,Sospechoso,Contacto,NA
129,CIUDAD DE MÉXICO,F,37,2020-03-15,Sospechoso,España,2020-03-02
130,GUANAJUATO,F,51,2020-03-15,Sospechoso,Italia,2020-03-11
131,MÉXICO,M,35,2020-03-15,Sospechoso,España,2020-03-09
132,CIUDAD DE MÉXICO,F,28,2020-03-14,Sospechoso,Estados Unidos,2020-03-10
133,GUANAJUATO,F,21,2020-03-12,Sospechoso,Alemania,2020-03-16
134,CIUDAD DE MÉXICO,M,33,2020-03-15,Sospechoso,Estados Unidos,2020-03-15
135,JALISCO,M,42,2020-03-04,Sospechoso,Estados Unidos,2020-03-17
136,CIUDAD DE MÉXICO,M,0,2020-03-16,Sospechoso,Contacto,NA
137,COLIMA,F,38,2020-03-17,Sospechoso,Estados Unidos,2020-03-17
138,JALISCO,F,35,2020-03-14,Sospechoso,España,2020-03-14
139,HIDALGO,M,60,2020-03-16,Sospechoso,Estados Unidos,2020-03-05
140,JALISCO,F,25,2020-03-10,Sospechoso,Estados Unidos,2020-03-14
141,JALISCO,F,56,2020-03-13,Sospechoso,Estados Unidos,2020-03-04
142,QUINTANA ROO,M,29,2020-03-16,Sospechoso,España,2020-03-15
143,JALISCO,M,29,2020-03-17,Sospechoso,Singapur,2020-03-09
144,QUINTANA ROO,M,30,2020-03-17,Sospechoso,Contacto,NA
145,JALISCO,F,29,2020-03-14,Sospechoso,Contacto,NA
146,JALISCO,M,26,2020-03-14,Sospechoso,España,2020-02-07
147,JALISCO,M,26,2020-03-13,Sospechoso,Contacto,NA
148,VERACRUZ,F,48,2020-03-06,Sospechoso,Contacto,NA
149,JALISCO,F,66,2020-03-07,Sospechoso,Estados Unidos,2020-03-13
150,NAYARIT,F,32,2020-03-10,Sospechoso,Francia,2020-03-18
151,JALISCO,M,27,2020-03-17,Sospechoso,Contacto,NA
152,JALISCO,M,28,2020-03-18,Sospechoso,Estados Unidos,2020-03-13
153,QUINTANA ROO,F,24,2020-03-16,Sospechoso,Estados Unidos,2020-03-10
154,MICHOACÁN,F,21,2020-03-16,Sospechoso,Alemania,2020-03-12
155,CIUDAD DE MÉXICO,F,37,2020-03-13,Sospechoso,España,2020-03-11
156,PUEBLA,F,26,2020-03-09,Sospechoso,Contacto,NA
157,CIUDAD DE MÉXICO,M,50,2020-03-07,Sospechoso,España,2020-03-02
158,JALISCO,M,0,2020-03-09,Sospechoso,España,2020-03-12
159,JALISCO,F,31,2020-03-12,Sospechoso,Japón,2020-03-04
160,JALISCO,M,26,2020-03-17,Sospechoso,España,2020-03-07
161,QUINTANA ROO,M,34,2020-03-13,Sospechoso,Contacto,NA
162,JALISCO,F,43,2020-03-14,Sospechoso,Estados Unidos,2020-03-08
163,QUINTANA ROO,F,26,2020-03-15,Sospechoso,Contacto,NA
164,AGUASCALIENTES,M,44,2020-03-17,Sospechoso,España,2020-03-17
165,QUINTANA ROO,M,42,2020-03-12,Sospechoso,Francia,2020-03-04
166,BAJA CALIFORNIA,F,49,2020-03-15,Sospechoso,Estados Unidos,2020-03-18
167,TLAXCALA,F,51,2020-03-16,Sospechoso,Contacto,NA
168,TABASCO,M,37,2020-03-18,Sospechoso,España,2020-03-17
169,BAJA CALIFORNIA,F,24,2020-03-15,Sospechoso,Estados Unidos,2020-03-07
170,TLAXCALA,F,25,2020-03-16,Sospechoso,Contacto,NA
171,BAJA CALIFORNIA,F,36,2020-03-13,Sospechoso,Contacto,2020-02-19
172,JALISCO,F,61,2020-03-18,Sospechoso,Estados Unidos,2020-03-13
173,CIUDAD DE MÉXICO,F,52,2020-03-10,Sospechoso,Francia,2020-03-15
174,COAHUILA,M,18,2020-03-18,Sospechoso,Contacto,2020-03-16
175,MÉXICO,M,1,2020-03-12,Sospechoso,España,2020-02-29
176,GUANAJUATO,M,31,2020-03-18,Sospechoso,España,2020-03-13
177,QUERÉTARO,F,48,2020-03-19,Sospechoso,Estados Unidos,2020-02-18
178,GUANAJUATO,F,27,2020-03-09,Sospechoso,Francia,2020-03-15
179,GUANAJUATO,M,30,2020-03-14,Sospechoso,Contacto,NA
180,GUANAJUATO,F,31,2020-03-16,Sospechoso,Contacto,NA
181,JALISCO,M,40,2020-03-15,Sospechoso,Estados Unidos,2020-03-15
182,JALISCO,F,34,2020-03-13,Sospechoso,Estados Unidos,2020-03-09
183,PUEBLA,M,30,2020-03-13,Sospechoso,Francia,2020-02-29
184,GUANAJUATO,F,29,2020-03-16,Sospechoso,España,2020-03-16
185,CIUDAD DE MÉXICO,M,23,2020-03-14,Sospechoso,España,2020-03-16
186,MÉXICO,M,4,2020-03-01,Sospechoso,Alemania,2020-02-29
187,VERACRUZ,F,26,2020-03-15,Sospechoso,España,2020-03-16
188,CIUDAD DE MÉXICO,M,64,2020-03-12,Sospechoso,Alemania,2020-03-11
189,GUANAJUATO,M,25,2020-03-10,Sospechoso,España,2020-03-18
190,CIUDAD DE MÉXICO,F,53,2020-03-03,Sospechoso,Estados Unidos,2020-02-27
191,GUANAJUATO,F,32,2020-03-16,Sospechoso,España,2020-03-14
192,CIUDAD DE MÉXICO,M,56,2020-03-16,Sospechoso,Contacto,NA
193,GUANAJUATO,M,25,2020-03-10,Sospechoso,España,2020-03-18
194,BAJA CALIFORNIA,F,40,2020-03-16,Sospechoso,Estados Unidos,2020-03-05
195,PUEBLA,M,29,2020-03-13,Sospechoso,Contacto,NA
196,COLIMA,M,70,2020-03-18,Sospechoso,Contacto,2020-03-08
197,CIUDAD DE MÉXICO,F,58,2020-03-11,Sospechoso,Contacto,NA
198,PUEBLA,M,33,2020-03-13,Sospechoso,Estados Unidos,2020-03-12
199,YUCATÁN,F,47,2020-03-18,Sospechoso,Contacto,NA
200,GUANAJUATO,M,26,2020-03-17,Sospechoso,España,2020-03-13
201,GUANAJUATO,M,21,2020-03-13,Sospechoso,Italia,2020-03-15
202,CIUDAD DE MÉXICO,F,21,2020-03-12,Sospechoso,Contacto,NA
203,BAJA CALIFORNIA,F,4,2020-03-18,Sospechoso,Estados Unidos,2020-03-19
204,CHIHUAHUA,F,45,2020-03-13,Sospechoso,Estados Unidos,2020-03-09
205,BAJA CALIFORNIA,F,51,2020-03-17,Sospechoso,Estados Unidos,2020-03-17
206,CIUDAD DE MÉXICO,M,36,2020-03-13,Sospechoso,Estados Unidos,2020-03-10
207,TAMAULIPAS,M,32,2020-03-15,Sospechoso,España,2020-03-04
208,MÉXICO,M,36,2020-02-26,Sospechoso,China,2020-02-18
209,GUANAJUATO,F,23,2020-03-16,Sospechoso,Estados Unidos,2020-03-11
210,BAJA CALIFORNIA,F,30,2020-03-09,Sospechoso,Estados Unidos,2020-03-15
211,QUERÉTARO,M,54,2020-03-15,Sospechoso,Contacto,NA
212,TLAXCALA,F,28,2020-03-16,Sospechoso,Contacto,NA
213,CIUDAD DE MÉXICO,M,39,2020-03-13,Sospechoso,Francia,2020-03-16
214,PUEBLA,F,44,2020-03-15,Sospechoso,España,2020-03-08
215,CHIHUAHUA,M,47,2020-03-18,Sospechoso,Estados Unidos,2020-03-13
216,JALISCO,F,33,2020-03-10,Sospechoso,Contacto,NA
217,MÉXICO,M,56,2020-03-17,Sospechoso,Contacto,NA
218,VERACRUZ,M,34,2020-03-18,Sospechoso,Estados Unidos,2020-03-15
219,CIUDAD DE MÉXICO,F,23,2020-03-15,Sospechoso,Estados Unidos,2020-03-11
220,MÉXICO,M,58,2020-03-08,Sospechoso,Contacto,2020-03-16
221,MÉXICO,M,34,2020-03-18,Sospechoso,Contacto,NA
222,BAJA CALIFORNIA,F,4,2020-03-15,Sospechoso,Estados Unidos,2020-03-16
223,CIUDAD DE MÉXICO,F,35,2020-03-15,Sospechoso,Francia,2020-03-16
224,MÉXICO,F,54,2020-03-18,Sospechoso,Estados Unidos,2020-03-18
225,SINALOA,M,27,2020-03-17,Sospechoso,Estados Unidos,2020-03-13
226,JALISCO,F,51,2020-03-16,Sospechoso,Contacto,2020-03-16
227,YUCATÁN,M,45,2020-03-14,Sospechoso,Contacto,NA
228,PUEBLA,F,24,2020-03-15,Sospechoso,Contacto,NA
229,MÉXICO,M,63,2020-03-12,Sospechoso,España,2020-03-04
230,SONORA,F,28,2020-03-10,Sospechoso,Estados Unidos,2020-03-08
231,MÉXICO,M,42,2020-03-16,Sospechoso,Estados Unidos,2020-03-17
232,COAHUILA,M,17,2020-03-18,Sospechoso,España,2020-03-18
233,MÉXICO,F,35,2020-03-13,Sospechoso,Francia,2020-03-07
234,MÉXICO,F,25,2020-03-05,Sospechoso,Francia,2020-03-07
235,MÉXICO,F,31,2020-03-15,Sospechoso,Estados Unidos,2020-03-15
236,QUERÉTARO,F,27,2020-03-12,Sospechoso,Contacto,2020-03-16
237,SONORA,F,25,2020-03-16,Sospechoso,Contacto,NA
238,MÉXICO,F,52,2020-03-13,Sospechoso,Estados Unidos,2020-03-15
239,COAHUILA,M,68,2020-03-10,Sospechoso,Contacto,2020-03-14
240,JALISCO,F,51,2020-03-10,Sospechoso,Estados Unidos,2020-03-18
241,QUERÉTARO,F,37,2020-03-14,Sospechoso,Contacto,NA
242,CIUDAD DE MÉXICO,M,36,2020-03-12,Sospechoso,España,2020-03-10
243,ZACATECAS,M,34,2020-03-18,Sospechoso,Contacto,NA
244,PUEBLA,M,42,2020-03-16,Sospechoso,España,2020-03-15
245,SAN LUIS POTOSÍ,M,30,2020-03-17,Sospechoso,Contacto,NA
246,MÉXICO,M,33,2020-03-09,Sospechoso,Estados Unidos,2020-03-01
247,MÉXICO,F,31,2020-03-10,Sospechoso,Estados Unidos,2020-03-07
248,MÉXICO,F,42,2020-03-17,Sospechoso,España,2020-03-15
249,CIUDAD DE MÉXICO,F,39,2020-03-12,Sospechoso,España,2020-03-08
250,PUEBLA,M,35,2020-03-18,Sospechoso,Estados Unidos,NA
251,SAN LUIS POTOSÍ,M,32,2020-03-15,Sospechoso,Estados Unidos,2020-03-06
252,MÉXICO,M,13,2020-03-16,Sospechoso,España,2020-03-13
253,JALISCO,M,28,2020-03-16,Sospechoso,Estados Unidos,2020-03-06
254,BAJA CALIFORNIA SUR,M,27,2020-03-13,Sospechoso,Estados Unidos,2020-03-08
255,CIUDAD DE MÉXICO,F,31,2020-03-14,Sospechoso,Estados Unidos,2020-03-05
256,JALISCO,M,71,2020-03-16,Sospechoso,Estados Unidos,2020-03-16
257,MORELOS,M,34,2020-03-18,Sospechoso,España,2020-03-15
258,COAHUILA,M,76,2020-03-11,Sospechoso,Estados Unidos,2020-03-01
259,COAHUILA,M,26,2020-03-18,Sospechoso,Francia,2020-03-14
260,VERACRUZ,F,60,2020-03-19,Sospechoso,Contacto,NA
261,CIUDAD DE MÉXICO,F,2,2020-02-29,Sospechoso,Contacto,NA
262,SONORA,F,27,2020-03-17,Sospechoso,Estados Unidos,2020-03-16
263,MICHOACÁN,M,36,2020-03-09,Sospechoso,España,2020-03-15
264,QUERÉTARO,M,24,2020-03-18,Sospechoso,Contacto,NA
265,CIUDAD DE MÉXICO,F,38,2020-03-14,Sospechoso,España,2020-03-16
266,PUEBLA,F,49,2020-03-14,Sospechoso,España,2020-03-04
267,JALISCO,M,60,2020-03-18,Sospechoso,Estados Unidos,2020-02-03
268,CIUDAD DE MÉXICO,M,33,2020-03-13,Sospechoso,Francia,2020-03-07
269,CIUDAD DE MÉXICO,F,54,2020-03-18,Sospechoso,España,2020-03-17
270,SINALOA,M,55,2020-03-17,Sospechoso,Contacto,NA
271,VERACRUZ,M,32,2020-03-15,Sospechoso,Contacto,NA
272,MORELOS,F,33,2020-03-18,Sospechoso,España,2020-03-15
273,BAJA CALIFORNIA,M,27,2020-03-13,Sospechoso,Francia,2020-03-13
274,CIUDAD DE MÉXICO,M,62,2020-03-16,Sospechoso,España,2020-03-15
275,HIDALGO,M,54,2020-03-17,Sospechoso,Contacto,2020-03-16
276,COAHUILA,M,43,2020-03-16,Sospechoso,Estados Unidos,2020-03-13
277,CIUDAD DE MÉXICO,M,27,2020-03-17,Sospechoso,España,2020-03-11
278,MÉXICO,M,61,2020-03-07,Sospechoso,España,2020-03-15
279,CIUDAD DE MÉXICO,M,32,2020-02-28,Sospechoso,Estados Unidos,2020-03-19
280,CHIHUAHUA,F,19,2020-03-13,Sospechoso,España,2020-03-14
281,MICHOACÁN,M,31,2020-03-16,Sospechoso,Contacto,NA
282,BAJA CALIFORNIA,M,40,2020-03-17,Sospechoso,Estados Unidos,2020-03-14
283,HIDALGO,F,25,2020-03-18,Sospechoso,Contacto,NA
284,MORELOS,F,65,2020-03-16,Sospechoso,Estados Unidos,2020-03-14
285,PUEBLA,M,35,2020-03-15,Sospechoso,Contacto,2020-03-15
286,QUERÉTARO,F,39,2020-03-19,Sospechoso,Estados Unidos,2020-03-15
287,JALISCO,M,37,2020-03-16,Sospechoso,Estados Unidos,2020-03-16
288,CIUDAD DE MÉXICO,M,30,2020-03-18,Sospechoso,Contacto,NA
289,BAJA CALIFORNIA,M,30,2020-03-19,Sospechoso,Estados Unidos,2020-03-09
290,SAN LUIS POTOSÍ,F,35,2020-03-18,Sospechoso,Estados Unidos,2020-03-06
291,GUANAJUATO,F,24,2020-03-12,Sospechoso,España,2020-03-13
292,AGUASCALIENTES,M,40,2020-02-28,Sospechoso,Estados Unidos,2020-03-07
293,CHIHUAHUA,F,21,2020-03-16,Sospechoso,España,2020-03-14
294,VERACRUZ,F,24,2020-03-17,Sospechoso,Contacto,NA
295,MÉXICO,M,37,2020-03-17,Sospechoso,Contacto,NA
296,JALISCO,F,31,2020-03-14,Sospechoso,Estados Unidos,2020-03-15
297,JALISCO,F,35,2020-03-14,Sospechoso,Estados Unidos,2020-03-15
298,NUEVO LEÓN,M,25,2020-03-16,Sospechoso,Contacto,NA
299,GUANAJUATO,M,31,2020-03-20,Sospechoso,Estados Unidos,2020-03-09
300,CIUDAD DE MÉXICO,M,19,2020-03-17,Sospechoso,Contacto,NA
301,ZACATECAS,M,28,2020-03-18,Sospechoso,España,2020-03-15
302,JALISCO,M,27,2020-03-17,Sospechoso,Contacto,NA
303,SINALOA,M,73,2020-03-12,Sospechoso,Estados Unidos,2020-03-10
304,CIUDAD DE MÉXICO,F,53,2020-03-17,Sospechoso,Contacto,NA
305,COAHUILA,F,44,2020-03-16,Sospechoso,Estados Unidos,2020-03-03
306,SINALOA,F,27,2020-03-12,Sospechoso,Estados Unidos,2020-03-12
307,MÉXICO,M,51,2020-03-05,Sospechoso,Contacto,NA
308,MORELOS,F,72,2020-03-15,Sospechoso,Italia,2020-03-14
309,JALISCO,F,35,2020-03-05,Sospechoso,Estados Unidos,2020-03-04
310,TABASCO,M,60,2020-03-17,Sospechoso,Contacto,NA
311,JALISCO,F,31,2020-03-13,Sospechoso,Estados Unidos,2020-02-20
312,SINALOA,M,30,2020-03-12,Sospechoso,Estados Unidos,2020-03-12
313,NUEVO LEÓN,M,30,2020-03-13,Sospechoso,Estados Unidos,2020-03-13
314,MÉXICO,F,28,2020-03-15,Sospechoso,Japón,2020-03-09
315,TABASCO,M,55,2020-03-17,Sospechoso,Contacto,NA
316,CIUDAD DE MÉXICO,F,42,2020-03-09,Sospechoso,España,2020-03-11
317,CHIAPAS,M,37,2020-03-19,Sospechoso,Francia,2020-03-18
318,JALISCO,M,28,2020-03-16,Sospechoso,Contacto,NA
319,MÉXICO,F,17,2020-03-12,Sospechoso,Estados Unidos,NA
320,NUEVO LEÓN,M,28,2020-03-14,Sospechoso,Estados Unidos,2020-03-15
321,JALISCO,F,33,2020-03-09,Sospechoso,Estados Unidos,2020-03-05
322,VERACRUZ,M,24,2020-03-13,Sospechoso,Contacto,NA
323,SAN LUIS POTOSÍ,M,51,2020-03-19,Sospechoso,Estados Unidos,2020-03-20
324,TABASCO,M,50,2020-03-18,Sospechoso,Contacto,NA
325,MÉXICO,F,29,2020-03-20,Sospechoso,Contacto,NA
326,JALISCO,M,39,2020-03-12,Sospechoso,España,2020-03-16
327,JALISCO,F,47,2020-03-17,Sospechoso,Contacto,2020-03-16
328,CIUDAD DE MÉXICO,F,46,2020-03-13,Sospechoso,Contacto,NA
329,BAJA CALIFORNIA,M,59,2020-03-15,Sospechoso,Contacto,NA
330,JALISCO,F,57,2020-03-12,Sospechoso,Contacto,NA
331,TLAXCALA,F,41,2020-03-19,Sospechoso,Contacto,NA
332,MÉXICO,M,31,2020-03-13,Sospechoso,Estados Unidos,2020-03-07
333,CIUDAD DE MÉXICO,F,47,2020-03-18,Sospechoso,Contacto,NA
334,GUANAJUATO,M,34,2020-03-16,Sospechoso,Estados Unidos,2020-03-17
335,ZACATECAS,M,32,2020-03-17,Sospechoso,Contacto,NA
336,CIUDAD DE MÉXICO,F,33,2020-03-06,Sospechoso,Contacto,NA
337,JALISCO,F,79,2020-03-09,Sospechoso,Alemania,2020-03-09
338,GUANAJUATO,M,61,2020-03-18,Sospechoso,España,2020-03-16
339,BAJA CALIFORNIA,M,55,2020-03-19,Sospechoso,Estados Unidos,2020-03-14
340,GUANAJUATO,F,32,2020-03-15,Sospechoso,Alemania,2020-03-17
341,VERACRUZ,F,32,2020-03-14,Sospechoso,Estados Unidos,2020-03-06
342,NUEVO LEÓN,M,30,2020-03-13,Sospechoso,Estados Unidos,2020-03-13
343,PUEBLA,F,51,2020-03-01,Sospechoso,Contacto,NA
344,TLAXCALA,F,51,2020-03-12,Sospechoso,Estados Unidos,2020-03-11
345,MÉXICO,M,49,2020-03-18,Sospechoso,Contacto,NA
346,CIUDAD DE MÉXICO,F,26,2020-03-13,Sospechoso,Contacto,NA
347,SAN LUIS POTOSÍ,M,37,2020-03-18,Sospechoso,España,2020-03-18
348,GUANAJUATO,M,39,2020-03-15,Sospechoso,Estados Unidos,2020-03-05
349,CIUDAD DE MÉXICO,M,27,2020-03-19,Sospechoso,Contacto,NA
350,GUANAJUATO,F,58,2020-03-16,Sospechoso,Francia,2020-03-17
351,SINALOA,M,30,2020-03-10,Sospechoso,Contacto,NA
352,GUANAJUATO,M,43,2020-03-18,Sospechoso,Estados Unidos,2020-03-18
353,GUANAJUATO,F,25,2020-03-16,Sospechoso,Contacto,NA
354,TAMAULIPAS,F,21,2020-03-16,Sospechoso,España,2020-03-12
355,PUEBLA,M,19,2020-03-15,Sospechoso,Estados Unidos,2020-03-13
356,PUEBLA,M,29,2020-03-17,Sospechoso,Contacto,NA
357,BAJA CALIFORNIA,F,9,2020-03-17,Sospechoso,Contacto,NA
358,SONORA,F,26,2020-03-18,Sospechoso,Estados Unidos,2020-03-09
359,GUANAJUATO,F,22,2020-03-16,Sospechoso,España,2020-03-16
360,MÉXICO,F,29,2020-03-15,Sospechoso,Contacto,NA
361,GUANAJUATO,F,11,2020-03-09,Sospechoso,Estados Unidos,2020-03-09
362,CIUDAD DE MÉXICO,M,55,2020-03-14,Sospechoso,Contacto,NA
363,SINALOA,F,53,2020-03-18,Sospechoso,Contacto,NA
364,GUANAJUATO,F,42,2020-03-15,Sospechoso,Estados Unidos,2020-03-15
365,GUANAJUATO,M,41,2020-03-16,Sospechoso,Estados Unidos,2020-03-12
366,MÉXICO,M,46,2020-03-12,Sospechoso,Contacto,NA
367,GUANAJUATO,F,23,2020-03-11,Sospechoso,España,2020-03-18
368,SONORA,F,72,2020-03-17,Sospechoso,Estados Unidos,2020-03-08
369,CIUDAD DE MÉXICO,M,29,2020-03-17,Sospechoso,Francia,2020-03-14
370,CIUDAD DE MÉXICO,F,40,2020-03-04,Sospechoso,Contacto,2020-03-16
371,GUANAJUATO,F,23,2020-03-14,Sospechoso,España,2020-03-18
372,GUANAJUATO,M,26,2020-03-20,Sospechoso,Estados Unidos,2020-03-19
373,HIDALGO,F,55,2020-03-12,Sospechoso,Contacto,NA
374,SAN LUIS POTOSÍ,F,51,2020-03-16,Sospechoso,España,2020-03-15
375,BAJA CALIFORNIA,M,27,2020-03-13,Sospechoso,Contacto,NA
376,CIUDAD DE MÉXICO,M,34,2020-03-12,Sospechoso,Estados Unidos,2020-03-11
377,SONORA,F,35,2020-03-17,Sospechoso,Estados Unidos,2020-03-15
378,SAN LUIS POTOSÍ,M,21,2020-03-11,Sospechoso,España,2020-03-15
379,VERACRUZ,M,42,2020-03-17,Sospechoso,Estados Unidos,2020-03-16
380,SONORA,F,26,2020-03-13,Sospechoso,España,2020-03-17
381,JALISCO,M,58,2020-03-08,Sospechoso,Contacto,NA
382,CIUDAD DE MÉXICO,F,57,2020-03-09,Sospechoso,Estados Unidos,2020-03-11
383,SAN LUIS POTOSÍ,F,30,2020-03-16,Sospechoso,Estados Unidos,2020-03-16
384,JALISCO,F,24,2020-03-09,Sospechoso,Contacto,2020-03-09
385,SAN LUIS POTOSÍ,M,22,2020-03-17,Sospechoso,Contacto,NA
386,CIUDAD DE MÉXICO,M,38,2020-03-13,Sospechoso,Contacto,NA
387,CIUDAD DE MÉXICO,F,43,2020-03-16,Sospechoso,Contacto,NA
388,VERACRUZ,F,30,2020-03-17,Sospechoso,Contacto,NA
389,QUINTANA ROO,F,58,2020-03-16,Sospechoso,Contacto,NA
390,SAN LUIS POTOSÍ,F,27,2020-03-17,Sospechoso,Estados Unidos,2020-03-18
391,SAN LUIS POTOSÍ,M,21,2020-03-19,Sospechoso,Contacto,2020-03-18
392,TABASCO,F,78,2020-03-17,Sospechoso,Contacto,NA
393,CIUDAD DE MÉXICO,F,24,2020-03-18,Sospechoso,Contacto,NA
394,SONORA,F,46,2020-03-19,Sospechoso,España,2020-03-07
395,SAN LUIS POTOSÍ,M,34,2020-03-18,Sospechoso,Francia,2020-03-05
396,VERACRUZ,F,33,2020-03-16,Sospechoso,Estados Unidos,2020-02-27
397,CIUDAD DE MÉXICO,F,36,2020-03-15,Sospechoso,Contacto,NA
398,HIDALGO,F,38,2020-03-07,Sospechoso,Contacto,NA
399,CIUDAD DE MÉXICO,M,37,2020-03-15,Sospechoso,Contacto,2020-03-16
400,PUEBLA,F,28,2020-03-15,Sospechoso,Estados Unidos,2020-03-17
401,PUEBLA,F,31,2020-03-15,Sospechoso,España,2020-03-14
402,TABASCO,M,30,2020-03-13,Sospechoso,Estados Unidos,2020-03-11
403,JALISCO,M,50,2020-03-17,Sospechoso,Contacto,NA
404,HIDALGO,M,61,2020-03-17,Sospechoso,Contacto,NA
405,MÉXICO,F,37,2020-03-13,Sospechoso,España,2020-03-15
406,SONORA,M,52,2020-03-10,Sospechoso,Contacto,NA
407,QUINTANA ROO,M,60,2020-03-17,Sospechoso,España,2020-03-15
408,CIUDAD DE MÉXICO,F,26,2020-03-19,Sospechoso,Contacto,NA
409,AGUASCALIENTES,F,30,2020-03-18,Sospechoso,Contacto,2020-03-12
410,CIUDAD DE MÉXICO,M,19,2020-03-17,Sospechoso,Italia,2020-03-15
411,SINALOA,F,39,2020-03-19,Sospechoso,Contacto,NA
412,VERACRUZ,M,62,2020-03-11,Sospechoso,Estados Unidos,2020-03-11
413,VERACRUZ,F,46,2020-03-16,Sospechoso,Francia,2020-03-14
414,CIUDAD DE MÉXICO,F,49,2020-03-15,Sospechoso,Contacto,NA
415,PUEBLA,M,35,2020-03-15,Sospechoso,Contacto,NA
416,TABASCO,F,41,2020-03-16,Sospechoso,Estados Unidos,2020-03-11
417,AGUASCALIENTES,F,49,2020-03-13,Sospechoso,Estados Unidos,2020-03-12
418,CAMPECHE,M,52,2020-03-12,Sospechoso,España,2020-03-18
419,PUEBLA,M,35,2020-03-16,Sospechoso,Contacto,NA
420,CIUDAD DE MÉXICO,F,30,2020-03-15,Sospechoso,Italia,2020-03-09
421,VERACRUZ,F,23,2020-03-14,Sospechoso,Contacto,NA
422,AGUASCALIENTES,M,36,2020-03-19,Sospechoso,Contacto,2020-03-12
423,CIUDAD DE MÉXICO,F,26,2020-03-16,Sospechoso,Estados Unidos,2020-03-18
424,JALISCO,M,25,2020-03-13,Sospechoso,Estados Unidos,2020-03-06
425,JALISCO,F,76,2020-03-15,Sospechoso,Contacto,NA
426,CIUDAD DE MÉXICO,M,31,2020-03-18,Sospechoso,Contacto,NA
427,CIUDAD DE MÉXICO,F,30,2020-03-12,Sospechoso,España,2020-03-05
428,JALISCO,M,40,2020-03-10,Sospechoso,Estados Unidos,2020-03-07
429,HIDALGO,F,38,2020-03-19,Sospechoso,Contacto,NA
430,AGUASCALIENTES,M,50,2020-03-20,Sospechoso,Contacto,2020-03-12
431,CIUDAD DE MÉXICO,F,30,2020-03-12,Sospechoso,España,2020-03-05
432,AGUASCALIENTES,M,44,2020-03-16,Sospechoso,Estados Unidos,2020-03-14
433,CIUDAD DE MÉXICO,M,46,2020-03-12,Sospechoso,España,2020-03-14
434,JALISCO,F,41,2020-03-15,Sospechoso,Estados Unidos,2020-03-13
435,CIUDAD DE MÉXICO,M,57,2020-03-20,Sospechoso,Contacto,NA
436,TABASCO,F,59,2020-03-17,Sospechoso,Contacto,NA
437,JALISCO,F,25,2020-03-19,Sospechoso,Estados Unidos,2020-03-08
438,AGUASCALIENTES,M,50,2020-03-16,Sospechoso,Estados Unidos,2020-03-15
439,PUEBLA,M,25,2020-03-17,Sospechoso,Contacto,NA
440,HIDALGO,F,27,2020-03-12,Sospechoso,Estados Unidos,2020-03-05
441,JALISCO,M,27,2020-03-17,Sospechoso,Contacto,NA
442,AGUASCALIENTES,M,70,2020-03-16,Sospechoso,Estados Unidos,2020-03-16
443,JALISCO,M,36,2020-03-11,Sospechoso,España,2020-03-09
444,PUEBLA,M,29,2020-03-14,Sospechoso,Contacto,NA
445,JALISCO,F,47,2020-03-16,Sospechoso,Contacto,NA
446,CIUDAD DE MÉXICO,F,56,2020-03-16,Sospechoso,Francia,2020-03-15
447,CIUDAD DE MÉXICO,M,20,2020-02-06,Sospechoso,Contacto,NA
448,BAJA CALIFORNIA SUR,F,39,2020-03-16,Sospechoso,Estados Unidos,2020-03-07
449,AGUASCALIENTES,F,40,2020-03-18,Sospechoso,Contacto,2020-03-15
450,HIDALGO,F,26,2020-03-18,Sospechoso,Francia,2020-03-17
451,QUINTANA ROO,M,12,2020-03-18,Sospechoso,Estados Unidos,2020-03-14
452,AGUASCALIENTES,M,27,2020-03-15,Sospechoso,Contacto,2020-03-17
453,CIUDAD DE MÉXICO,M,56,2020-03-18,Sospechoso,Contacto,NA
454,TABASCO,M,36,2020-03-19,Sospechoso,España,2020-03-11
455,CHIHUAHUA,F,55,2020-03-12,Sospechoso,Contacto,2020-03-11
456,JALISCO,M,46,2020-02-14,Sospechoso,España,2020-03-02
457,AGUASCALIENTES,M,43,2020-03-19,Sospechoso,Contacto,2020-03-10
458,QUINTANA ROO,M,46,2020-03-15,Sospechoso,Contacto,NA
459,JALISCO,F,57,2020-03-17,Sospechoso,Contacto,NA
460,JALISCO,F,22,2020-03-14,Sospechoso,Estados Unidos,2020-03-16
461,TABASCO,M,45,2020-03-16,Sospechoso,España,2020-03-02
462,AGUASCALIENTES,F,32,2020-03-14,Sospechoso,Estados Unidos,2020-03-07
463,HIDALGO,M,56,2020-03-07,Sospechoso,Contacto,NA
464,PUEBLA,M,18,2020-03-12,Sospechoso,España,2020-03-15
465,JALISCO,M,32,2020-03-16,Sospechoso,Contacto,2020-03-15
466,AGUASCALIENTES,M,18,2020-03-19,Sospechoso,España,2020-03-16
467,JALISCO,F,0,2020-03-15,Sospechoso,Contacto,2020-03-15
468,TABASCO,F,28,2020-03-10,Sospechoso,Contacto,NA
469,JALISCO,F,43,2020-03-19,Sospechoso,Contacto,2020-03-10
470,JALISCO,M,31,2020-03-17,Sospechoso,Estados Unidos,2020-03-08
471,TABASCO,F,22,2020-03-15,Sospechoso,España,2020-03-17
472,JALISCO,F,29,2020-03-17,Sospechoso,Contacto,2020-03-18
473,QUINTANA ROO,F,12,2020-03-15,Sospechoso,Contacto,NA
474,JALISCO,F,22,2020-03-12,Sospechoso,España,2020-03-17
475,GUERRERO,F,35,2020-03-19,Sospechoso,Estados Unidos,2020-03-18
476,JALISCO,F,22,2020-03-12,Sospechoso,Estados Unidos,2020-02-23
477,BAJA CALIFORNIA SUR,F,68,2020-03-13,Sospechoso,Estados Unidos,2020-02-29
478,JALISCO,F,16,2020-03-18,Sospechoso,Francia,2020-03-17
479,TABASCO,M,39,2020-03-16,Sospechoso,Alemania,2020-03-15
480,JALISCO,M,29,2020-03-13,Sospechoso,Contacto,NA
481,GUERRERO,M,25,2020-03-19,Sospechoso,Alemania,2020-03-10
482,CIUDAD DE MÉXICO,F,38,2020-03-11,Sospechoso,Estados Unidos,2020-03-01
483,QUINTANA ROO,F,52,2020-03-17,Sospechoso,España,2020-03-15
484,BAJA CALIFORNIA,F,36,2020-03-15,Sospechoso,Estados Unidos,2020-03-07
485,BAJA CALIFORNIA SUR,M,62,2020-03-13,Sospechoso,Estados Unidos,2020-02-29
486,JALISCO,F,23,2020-03-12,Sospechoso,España,2020-03-17
487,JALISCO,M,31,2020-03-18,Sospechoso,Estados Unidos,2020-03-08
488,QUINTANA ROO,M,60,2020-03-12,Sospechoso,Contacto,2020-03-04
489,TABASCO,F,71,2020-03-17,Sospechoso,España,2020-03-17
490,HIDALGO,F,4,2020-03-19,Sospechoso,Contacto,NA
491,BAJA CALIFORNIA SUR,M,40,2020-03-10,Sospechoso,Estados Unidos,2020-03-06
492,JALISCO,F,38,2020-03-11,Sospechoso,Estados Unidos,2020-03-07
493,JALISCO,M,32,2020-03-13,Sospechoso,Estados Unidos,2020-03-02
494,JALISCO,M,30,2020-03-18,Sospechoso,Estados Unidos,2020-03-09
495,COAHUILA,M,63,2020-03-13,Sospechoso,España,2020-03-16
496,QUINTANA ROO,M,33,2020-03-19,Sospechoso,Contacto,NA
497,BAJA CALIFORNIA,M,79,2020-03-16,Sospechoso,Estados Unidos,2020-03-19
498,HIDALGO,F,43,2020-03-16,Sospechoso,Contacto,NA
499,COAHUILA,M,42,2020-03-18,Sospechoso,Estados Unidos,2020-03-11
500,YUCATÁN,F,17,2020-03-10,Sospechoso,Estados Unidos,2020-03-08
501,BAJA CALIFORNIA SUR,F,43,2020-03-16,Sospechoso,Estados Unidos,2020-03-15
502,SONORA,M,42,2020-03-19,Sospechoso,Estados Unidos,2020-03-14
503,YUCATÁN,F,19,2020-03-10,Sospechoso,Estados Unidos,2020-03-08
504,COAHUILA,F,13,2020-03-18,Sospechoso,Estados Unidos,2020-03-11
505,COAHUILA,M,11,2020-03-18,Sospechoso,Estados Unidos,2020-03-11
506,QUINTANA ROO,F,23,2020-03-13,Sospechoso,Contacto,2020-03-19
507,HIDALGO,F,31,2020-03-17,Sospechoso,Contacto,NA
508,QUINTANA ROO,M,16,2020-03-13,Sospechoso,Contacto,NA
509,BAJA CALIFORNIA SUR,M,23,2020-03-16,Sospechoso,Contacto,NA
510,HIDALGO,M,21,2020-03-20,Sospechoso,Estados Unidos,2020-03-20
511,COAHUILA,M,16,2020-03-18,Sospechoso,Estados Unidos,2020-03-11
512,HIDALGO,M,22,2020-03-20,Sospechoso,Estados Unidos,2020-03-20
513,COAHUILA,M,43,2020-03-18,Sospechoso,Estados Unidos,2020-03-11
514,BAJA CALIFORNIA SUR,F,29,2020-03-08,Sospechoso,Alemania,2020-03-07
515,COAHUILA,F,12,2020-03-18,Sospechoso,Estados Unidos,2020-03-11
516,HIDALGO,M,33,2020-03-16,Sospechoso,Alemania,2020-03-19
517,SONORA,M,30,2020-03-18,Sospechoso,Francia,2020-03-13
518,COAHUILA,M,20,2020-03-16,Sospechoso,Estados Unidos,2020-03-11
519,SONORA,F,42,2020-03-19,Sospechoso,Estados Unidos,2020-03-17
520,COAHUILA,M,53,2020-03-17,Sospechoso,Estados Unidos,2020-03-11
521,MICHOACÁN,F,57,2020-03-15,Sospechoso,Contacto,2020-03-15
522,MICHOACÁN,M,57,2020-03-18,Sospechoso,Contacto,2020-03-15
523,MÉXICO,M,39,2020-03-17,Sospechoso,España,2020-03-13
524,HIDALGO,F,30,2020-03-20,Sospechoso,Estados Unidos,2020-03-20
525,PUEBLA,M,43,2020-03-17,Sospechoso,Contacto,NA
526,PUEBLA,F,29,2020-03-16,Sospechoso,Contacto,NA
527,PUEBLA,F,25,2020-03-15,Sospechoso,Contacto,NA
528,PUEBLA,F,21,2020-03-14,Sospechoso,España,2020-03-15
529,HIDALGO,M,24,2020-03-20,Sospechoso,Estados Unidos,2020-03-20
530,HIDALGO,F,29,2020-03-19,Sospechoso,Estados Unidos,2020-03-20
531,PUEBLA,F,39,2020-03-16,Sospechoso,Contacto,NA
532,HIDALGO,F,26,2020-03-20,Sospechoso,Estados Unidos,2020-03-20
533,HIDALGO,F,36,2020-03-18,Sospechoso,Contacto,NA
534,HIDALGO,F,27,2020-03-20,Sospechoso,Estados Unidos,2020-03-20
535,HIDALGO,F,22,2020-03-16,Sospechoso,Estados Unidos,2020-03-20
536,HIDALGO,F,21,2020-03-20,Sospechoso,Estados Unidos,2020-03-20
537,PUEBLA,M,41,2020-03-18,Sospechoso,España,2020-03-13
538,AGUASCALIENTES,M,51,2020-03-17,Sospechoso,Estados Unidos,NA
539,HIDALGO,F,24,2020-03-20,Sospechoso,Contacto,2020-03-20
540,AGUASCALIENTES,M,27,2020-03-20,Sospechoso,Estados Unidos,2020-03-18
541,PUEBLA,F,22,2020-03-18,Sospechoso,Contacto,NA
542,PUEBLA,F,42,2020-03-17,Sospechoso,Contacto,NA
543,AGUASCALIENTES,M,35,2020-03-20,Sospechoso,Estados Unidos,2020-03-18
544,AGUASCALIENTES,M,32,2020-03-20,Sospechoso,Contacto,NA
545,AGUASCALIENTES,F,30,2020-03-19,Sospechoso,Estados Unidos,2020-03-18
546,CIUDAD DE MÉXICO,M,58,2020-03-10,Sospechoso,Contacto,NA
547,MÉXICO,F,17,2020-03-12,Sospechoso,Italia,2020-03-13
548,GUANAJUATO,M,70,2020-03-07,Sospechoso,Estados Unidos,2020-03-16
549,BAJA CALIFORNIA,M,24,2020-03-16,Sospechoso,Estados Unidos,2020-03-20
550,BAJA CALIFORNIA,F,27,2020-03-18,Sospechoso,Estados Unidos,2020-03-18
551,QUERÉTARO,M,32,2020-03-20,Sospechoso,Estados Unidos,2020-03-06
552,GUANAJUATO,M,66,2020-03-17,Sospechoso,Estados Unidos,2020-03-13
553,BAJA CALIFORNIA,F,28,2020-03-18,Sospechoso,Estados Unidos,2020-03-17
554,VERACRUZ,F,3,2020-03-19,Sospechoso,Francia,2020-03-09
555,QUERÉTARO,F,60,2020-03-19,Sospechoso,España,2020-03-10
556,BAJA CALIFORNIA,M,23,2020-03-19,Sospechoso,Estados Unidos,2020-03-18
557,COAHUILA,M,42,2020-03-18,Sospechoso,Estados Unidos,NA
558,JALISCO,F,45,2020-03-17,Sospechoso,Contacto,NA
559,JALISCO,M,31,2020-03-10,Sospechoso,Contacto,NA
560,GUANAJUATO,F,72,2020-03-10,Sospechoso,Estados Unidos,2020-03-19
561,JALISCO,M,49,2020-03-10,Sospechoso,Contacto,NA
562,GUANAJUATO,M,38,2020-03-18,Sospechoso,Estados Unidos,2020-03-13
563,JALISCO,M,40,2020-03-20,Sospechoso,Contacto,2020-03-17
564,COAHUILA,F,96,2020-03-01,Sospechoso,Contacto,NA
565,JALISCO,F,33,2020-03-15,Sospechoso,España,2020-03-16
566,TLAXCALA,M,36,2020-03-10,Sospechoso,Francia,2020-03-08
567,CIUDAD DE MÉXICO,F,70,2020-03-09,Sospechoso,Francia,2020-03-08
568,COAHUILA,F,41,2020-03-18,Sospechoso,Estados Unidos,2020-03-14
569,MORELOS,M,57,2020-03-16,Sospechoso,Contacto,NA
570,TLAXCALA,F,31,2020-03-12,Sospechoso,Francia,2020-03-08
571,JALISCO,F,43,2020-03-21,Sospechoso,Contacto,NA
572,JALISCO,F,37,2020-03-15,Sospechoso,Estados Unidos,2020-03-17
573,MÉXICO,F,64,2020-03-15,Sospechoso,Francia,2020-03-14
574,SAN LUIS POTOSÍ,M,13,2020-03-17,Sospechoso,Contacto,NA
575,GUANAJUATO,F,27,2020-03-16,Sospechoso,España,2020-03-18
576,MÉXICO,F,26,2020-03-13,Sospechoso,Contacto,NA
577,JALISCO,M,36,2020-03-14,Sospechoso,Francia,2020-03-13
578,MÉXICO,F,27,2020-03-16,Sospechoso,Contacto,NA
579,YUCATÁN,M,39,2020-03-17,Sospechoso,Estados Unidos,2020-03-08
580,ZACATECAS,M,41,2020-03-19,Sospechoso,Contacto,NA
581,YUCATÁN,M,0,2020-03-17,Sospechoso,Contacto,NA
582,JALISCO,M,69,2020-03-18,Sospechoso,Estados Unidos,2020-03-17
583,MÉXICO,M,47,2020-03-13,Sospechoso,Contacto,NA
584,MÉXICO,M,42,2020-03-15,Sospechoso,Estados Unidos,2020-03-11
585,MÉXICO,F,38,2020-03-16,Sospechoso,Contacto,NA
586,JALISCO,M,28,2020-03-18,Sospechoso,Estados Unidos,2020-03-14
587,TLAXCALA,F,25,2020-03-17,Sospechoso,Contacto,NA
588,MÉXICO,M,43,2020-03-19,Sospechoso,Contacto,NA
589,JALISCO,F,23,2020-03-17,Sospechoso,España,2020-03-08
590,MÉXICO,F,24,2020-03-16,Sospechoso,Contacto,2020-03-17
591,JALISCO,M,54,2020-03-19,Sospechoso,Estados Unidos,2020-03-06
592,MÉXICO,M,32,2020-03-17,Sospechoso,Contacto,NA
593,CIUDAD DE MÉXICO,F,42,2020-03-18,Sospechoso,Contacto,NA
594,ZACATECAS,F,48,2020-03-17,Sospechoso,Contacto,NA
595,SONORA,M,29,2020-03-15,Sospechoso,Estados Unidos,2020-03-19
596,SINALOA,F,21,2020-03-20,Sospechoso,España,2020-03-20
597,JALISCO,F,24,2020-03-14,Sospechoso,Contacto,NA
598,MÉXICO,M,46,2020-03-18,Sospechoso,Contacto,NA
599,MÉXICO,F,14,2020-03-18,Sospechoso,Contacto,NA
600,MÉXICO,M,6,2020-03-20,Sospechoso,Contacto,2020-03-20
601,PUEBLA,M,60,2020-03-13,Sospechoso,Contacto,NA
602,MÉXICO,M,55,2020-03-18,Sospechoso,España,2020-03-16
603,MÉXICO,F,36,2020-03-13,Sospechoso,Contacto,NA
604,JALISCO,M,19,2020-03-16,Sospechoso,España,2020-03-16
605,BAJA CALIFORNIA,F,49,2020-03-12,Sospechoso,Contacto,NA
606,MÉXICO,F,27,2020-03-15,Sospechoso,Contacto,NA
607,MÉXICO,M,31,2020-03-10,Sospechoso,Contacto,NA
608,ZACATECAS,M,45,2020-03-19,Sospechoso,Contacto,NA
609,CIUDAD DE MÉXICO,M,29,2020-03-17,Sospechoso,Japón,2020-03-20
610,JALISCO,F,31,2020-03-16,Sospechoso,Contacto,NA
611,JALISCO,M,14,2020-03-17,Sospechoso,Estados Unidos,2020-03-15
612,PUEBLA,M,33,2020-03-19,Sospechoso,Estados Unidos,2020-03-09
613,MÉXICO,M,57,2020-03-13,Sospechoso,Contacto,NA
614,TABASCO,F,62,2020-03-19,Sospechoso,Contacto,NA
615,MÉXICO,M,33,2020-03-12,Sospechoso,Contacto,NA
616,SINALOA,F,16,2020-03-15,Sospechoso,Francia,2020-03-15
617,MÉXICO,M,29,2020-03-09,Sospechoso,Alemania,2020-03-09
618,MÉXICO,F,33,2020-03-13,Sospechoso,Contacto,NA
619,MÉXICO,F,15,2020-03-15,Sospechoso,Contacto,2020-03-20
620,QUINTANA ROO,M,41,2020-03-17,Sospechoso,Contacto,2020-03-07
621,CIUDAD DE MÉXICO,M,76,2020-03-10,Sospechoso,Francia,2020-03-11
622,JALISCO,F,34,2020-03-17,Sospechoso,Contacto,NA
623,TABASCO,M,60,2020-03-20,Sospechoso,Contacto,NA
624,MICHOACÁN,F,48,2020-03-15,Sospechoso,Contacto,2020-03-15
625,ZACATECAS,M,28,2020-03-18,Sospechoso,Contacto,NA
626,PUEBLA,M,19,2020-03-19,Sospechoso,España,2020-03-15
627,CIUDAD DE MÉXICO,M,42,2020-03-17,Sospechoso,Contacto,NA
628,CHIAPAS,M,19,2020-03-18,Sospechoso,Contacto,NA
629,MÉXICO,M,62,2020-03-16,Sospechoso,España,2020-03-19
630,MICHOACÁN,M,58,2020-03-15,Sospechoso,Contacto,2020-03-15
631,JALISCO,M,24,2020-03-17,Sospechoso,Contacto,2020-03-15
632,MÉXICO,F,66,2020-03-17,Sospechoso,España,2020-03-19
633,YUCATÁN,M,40,2020-03-10,Sospechoso,Contacto,2020-03-11
634,JALISCO,F,52,2020-03-18,Sospechoso,Estados Unidos,2020-03-03
635,YUCATÁN,F,23,2020-03-16,Sospechoso,Contacto,NA
636,CIUDAD DE MÉXICO,M,28,2020-03-17,Sospechoso,Contacto,NA
637,MICHOACÁN,M,31,2020-03-13,Sospechoso,Estados Unidos,2020-03-12
638,CIUDAD DE MÉXICO,F,42,2020-03-20,Sospechoso,Contacto,NA
639,YUCATÁN,F,42,2020-03-18,Sospechoso,Francia,2020-03-18
640,QUINTANA ROO,M,44,2020-03-14,Sospechoso,Contacto,NA
641,MÉXICO,F,48,2020-03-15,Sospechoso,Estados Unidos,2020-03-03
642,CIUDAD DE MÉXICO,M,32,2020-02-16,Sospechoso,Contacto,NA
643,MÉXICO,F,20,2020-02-26,Sospechoso,Italia,2020-02-24
644,MÉXICO,F,32,2020-02-26,Sospechoso,Alemania,2020-02-28
645,CIUDAD DE MÉXICO,F,40,2020-03-06,Sospechoso,España,2020-03-08
646,CIUDAD DE MÉXICO,F,50,2020-03-01,Sospechoso,Estados Unidos,2020-03-08
647,MÉXICO,F,47,2020-03-06,Sospechoso,Contacto,NA
648,CIUDAD DE MÉXICO,F,29,2020-02-27,Sospechoso,España,2020-02-14
649,CIUDAD DE MÉXICO,F,25,2020-03-04,Sospechoso,Italia,2020-03-01
650,CIUDAD DE MÉXICO,M,26,2020-02-29,Sospechoso,Japón,2020-02-17
651,CIUDAD DE MÉXICO,F,22,2020-03-01,Sospechoso,Contacto,NA
652,CIUDAD DE MÉXICO,F,21,2020-03-04,Sospechoso,Alemania,2020-03-03
653,CIUDAD DE MÉXICO,F,23,2020-03-06,Sospechoso,Italia,2020-03-06
654,CIUDAD DE MÉXICO,M,27,2020-03-04,Sospechoso,Italia,2020-02-29
655,JALISCO,F,33,2020-03-09,Sospechoso,Francia,2020-03-08
656,MÉXICO,M,43,2020-03-02,Sospechoso,Estados Unidos,2020-02-26
657,MÉXICO,F,33,2020-03-10,Sospechoso,Italia,2020-02-29
658,MÉXICO,M,44,2020-03-01,Sospechoso,España,2020-03-03
659,MÉXICO,M,34,2020-03-05,Sospechoso,Estados Unidos,2020-03-01
660,MÉXICO,M,43,2020-03-10,Sospechoso,Contacto,NA
661,QUERÉTARO,M,36,2020-03-07,Sospechoso,Estados Unidos,2020-03-08
662,NUEVO LEÓN,F,27,2020-03-09,Sospechoso,Italia,2020-03-07
663,MÉXICO,M,29,2020-03-07,Sospechoso,España,2020-02-29
664,CIUDAD DE MÉXICO,F,23,2020-03-09,Sospechoso,España,2020-03-07
665,YUCATÁN,M,38,2020-03-08,Sospechoso,España,2020-03-04
666,CIUDAD DE MÉXICO,M,59,2020-02-19,Sospechoso,Italia,2020-02-28
667,BAJA CALIFORNIA,M,30,2020-02-13,Sospechoso,Estados Unidos,2020-03-05
668,PUEBLA,M,26,2020-03-12,Sospechoso,Contacto,NA
669,COAHUILA,M,61,2020-03-11,Sospechoso,Estados Unidos,2020-03-07
670,CIUDAD DE MÉXICO,M,35,2020-02-10,Sospechoso,Contacto,NA
671,CIUDAD DE MÉXICO,F,55,2020-03-11,Sospechoso,España,2020-02-29
672,BAJA CALIFORNIA,M,50,2020-03-12,Sospechoso,Estados Unidos,2020-03-10
673,MÉXICO,M,33,2020-03-05,Sospechoso,Estados Unidos,2020-03-01
674,AGUASCALIENTES,M,56,2020-03-09,Sospechoso,Estados Unidos,2020-03-14
675,CIUDAD DE MÉXICO,F,25,2020-03-12,Sospechoso,Alemania,2020-03-09
676,JALISCO,F,20,2020-03-02,Sospechoso,Francia,2020-03-08
677,MÉXICO,M,61,2020-03-08,Sospechoso,España,2020-03-08
678,MÉXICO,M,21,2020-03-07,Sospechoso,España,2020-03-13
679,MÉXICO,F,23,2020-03-07,Sospechoso,España,2020-03-13
680,CIUDAD DE MÉXICO,M,13,2020-03-13,Sospechoso,España,2020-03-13
681,MÉXICO,M,55,2020-03-09,Sospechoso,Estados Unidos,2020-03-09
682,CIUDAD DE MÉXICO,M,37,2020-03-10,Sospechoso,Contacto,NA
683,MÉXICO,M,31,2020-03-13,Sospechoso,España,2020-03-13
684,MÉXICO,M,54,2020-03-13,Sospechoso,España,2020-03-13
685,GUERRERO,F,62,2020-03-14,Sospechoso,Francia,2020-03-02
686,BAJA CALIFORNIA,M,54,2020-03-13,Sospechoso,Estados Unidos,2020-03-12
687,BAJA CALIFORNIA,M,33,2020-03-10,Sospechoso,Estados Unidos,2020-03-08
688,CIUDAD DE MÉXICO,M,35,2020-03-08,Sospechoso,Contacto,2020-03-01
689,CIUDAD DE MÉXICO,F,33,2020-03-14,Sospechoso,Contacto,2020-03-14
690,CIUDAD DE MÉXICO,M,37,2020-03-14,Sospechoso,Contacto,NA
691,MÉXICO,F,30,2020-02-07,Sospechoso,Singapur,2020-03-06
692,GUERRERO,M,32,2020-03-16,Sospechoso,Estados Unidos,2020-03-01
693,MÉXICO,M,30,2020-03-06,Sospechoso,Singapur,2020-03-06
694,MÉXICO,M,33,2020-03-10,Sospechoso,Estados Unidos,2020-03-10
695,CIUDAD DE MÉXICO,M,40,2020-03-09,Sospechoso,Italia,2020-03-08
696,MÉXICO,M,15,2020-03-08,Sospechoso,Estados Unidos,2020-03-08
697,MÉXICO,M,17,2020-03-10,Sospechoso,Estados Unidos,2020-03-08
