Número_caso,Estado,Sexo,Edad,Fecha_síntomas,Situación,País_fuente,Fecha_regreso
1,BAJA CALIFORNIA,M,56,2020-03-13,Sospechoso,Contacto,2020-03-05
2,SAN LUIS POTOSÍ,F,22,2020-03-11,Sospechoso,España,2020-03-06
3,ZACATECAS,F,22,2020-03-16,Sospechoso,España,2020-03-14
4,AGUASCALIENTES,F,23,2020-03-12,Sospechoso,Estados Unidos,2020-03-11
5,CIUDAD DE MÉXICO,F,26,2020-03-13,Sospechoso,España,2020-03-13
6,MÉXICO,M,23,2020-03-03,Sospechoso,España,2020-03-02
7,CIUDAD DE MÉXICO,F,2,2020-02-29,Sospechoso,Contacto,NA
8,CIUDAD DE MÉXICO,M,32,2020-02-16,Sospechoso,Contacto,NA
9,MÉXICO,F,20,2020-02-26,Sospechoso,Italia,2020-02-24
10,CIUDAD DE MÉXICO,M,48,2020-02-29,Sospechoso,Estados Unidos,2020-02-23
11,CIUDAD DE MÉXICO,M,45,2020-02-29,Sospechoso,Italia,2020-03-04
12,MÉXICO,F,32,2020-02-26,Sospechoso,Alemania,2020-02-28
13,CIUDAD DE MÉXICO,F,40,2020-03-06,Sospechoso,España,2020-03-08
14,CIUDAD DE MÉXICO,F,50,2020-03-01,Sospechoso,Estados Unidos,2020-03-08
15,MÉXICO,F,47,2020-03-06,Sospechoso,Contacto,NA
16,CIUDAD DE MÉXICO,F,29,2020-02-27,Sospechoso,España,2020-02-14
17,CIUDAD DE MÉXICO,F,25,2020-03-04,Sospechoso,Italia,2020-03-01
18,CIUDAD DE MÉXICO,M,26,2020-02-29,Sospechoso,Japón,2020-02-17
19,CIUDAD DE MÉXICO,F,22,2020-03-01,Sospechoso,Contacto,NA
20,CIUDAD DE MÉXICO,F,21,2020-03-04,Sospechoso,Alemania,2020-03-03
21,CIUDAD DE MÉXICO,F,23,2020-03-06,Sospechoso,Italia,2020-03-06
22,CIUDAD DE MÉXICO,M,27,2020-03-04,Sospechoso,Italia,2020-02-29
23,JALISCO,F,33,2020-03-09,Sospechoso,Francia,2020-03-08
24,MÉXICO,M,43,2020-03-02,Sospechoso,Estados Unidos,2020-02-26
25,MÉXICO,F,33,2020-03-10,Sospechoso,Italia,2020-02-29
26,MÉXICO,M,44,2020-03-01,Sospechoso,España,2020-03-03
27,MÉXICO,M,34,2020-03-05,Sospechoso,Estados Unidos,2020-03-01
28,MÉXICO,M,43,2020-03-10,Sospechoso,Contacto,NA
29,QUERÉTARO,M,36,2020-03-07,Sospechoso,Estados Unidos,2020-03-08
30,CIUDAD DE MÉXICO,M,53,2020-03-09,Sospechoso,España,2020-03-09
31,NUEVO LEÓN,F,27,2020-03-09,Sospechoso,Italia,2020-03-07
32,MÉXICO,M,29,2020-03-07,Sospechoso,España,2020-02-29
33,CIUDAD DE MÉXICO,F,35,2020-03-09,Sospechoso,Alemania,2020-03-11
34,CIUDAD DE MÉXICO,F,23,2020-03-09,Sospechoso,España,2020-03-07
35,YUCATÁN,M,38,2020-03-08,Sospechoso,España,2020-03-04
36,BAJA CALIFORNIA,M,34,2020-02-29,Sospechoso,Francia,2020-03-01
37,BAJA CALIFORNIA,M,60,2020-03-08,Sospechoso,Estados Unidos,2020-03-06
38,CIUDAD DE MÉXICO,M,30,2020-02-29,Sospechoso,España,2020-03-05
39,CIUDAD DE MÉXICO,M,59,2020-02-19,Sospechoso,Italia,2020-02-28
40,CIUDAD DE MÉXICO,F,37,2020-03-03,Sospechoso,Estados Unidos,2020-03-01
41,CIUDAD DE MÉXICO,F,53,2020-03-06,Sospechoso,España,2020-03-09
42,CIUDAD DE MÉXICO,M,22,2020-03-12,Sospechoso,Contacto,2020-03-13
43,CIUDAD DE MÉXICO,F,27,2020-02-04,Sospechoso,Estados Unidos,2020-02-29
44,BAJA CALIFORNIA,M,30,2020-02-13,Sospechoso,Estados Unidos,2020-03-05
45,OAXACA,M,27,2020-03-06,Sospechoso,Estados Unidos,2020-03-11
46,CIUDAD DE MÉXICO,F,59,2020-03-11,Sospechoso,España,2020-03-08
47,CIUDAD DE MÉXICO,F,51,2020-03-09,Sospechoso,España,2020-03-08
48,PUEBLA,M,26,2020-03-12,Sospechoso,Contacto,NA
49,COAHUILA,M,61,2020-03-11,Sospechoso,Estados Unidos,2020-03-07
50,CIUDAD DE MÉXICO,M,32,2020-03-11,Sospechoso,Estados Unidos,2020-02-03
51,CIUDAD DE MÉXICO,M,22,2020-03-10,Sospechoso,Estados Unidos,2020-03-06
52,CIUDAD DE MÉXICO,M,28,2020-03-10,Sospechoso,Estados Unidos,2020-03-04
53,CIUDAD DE MÉXICO,M,35,2020-02-10,Sospechoso,Contacto,NA
54,AGUASCALIENTES,F,56,2020-03-05,Sospechoso,Estados Unidos,2020-03-06
55,QUINTANA ROO,F,80,2020-03-13,Sospechoso,Contacto,NA
56,VERACRUZ,F,24,2020-03-13,Sospechoso,Contacto,NA
57,COLIMA,F,34,2020-03-12,Sospechoso,Estados Unidos,2020-03-11
58,BAJA CALIFORNIA,M,24,2020-03-10,Sospechoso,Estados Unidos,2020-03-10
59,VERACRUZ,M,65,2020-03-14,Sospechoso,Alemania,2020-03-02
60,BAJA CALIFORNIA,F,29,2020-03-11,Sospechoso,Estados Unidos,2020-03-12
61,CIUDAD DE MÉXICO,F,55,2020-03-11,Sospechoso,España,2020-02-29
62,BAJA CALIFORNIA,M,27,2020-03-05,Sospechoso,Estados Unidos,2020-03-04
63,BAJA CALIFORNIA,M,50,2020-03-12,Sospechoso,Estados Unidos,2020-03-10
64,MÉXICO,M,33,2020-03-05,Sospechoso,Estados Unidos,2020-03-01
65,VERACRUZ,F,21,2020-03-03,Sospechoso,España,2020-03-12
66,QUINTANA ROO,M,36,2020-03-09,Sospechoso,España,2020-03-12
67,AGUASCALIENTES,M,56,2020-03-09,Sospechoso,Estados Unidos,2020-03-14
68,SINALOA,M,82,2020-03-14,Sospechoso,Estados Unidos,2020-03-11
69,QUINTANA ROO,M,51,2020-03-15,Sospechoso,Francia,2020-03-15
70,QUINTANA ROO,F,32,2020-03-15,Sospechoso,Francia,2020-03-15
71,CIUDAD DE MÉXICO,F,25,2020-03-12,Sospechoso,Alemania,2020-03-09
72,CIUDAD DE MÉXICO,M,32,2020-03-13,Sospechoso,Contacto,NA
73,CIUDAD DE MÉXICO,F,24,2020-03-14,Sospechoso,Contacto,NA
74,GUANAJUATO,F,18,2020-03-10,Sospechoso,Estados Unidos,2020-03-13
75,QUINTANA ROO,F,28,2020-03-13,Sospechoso,Contacto,2020-03-06
76,QUINTANA ROO,F,24,2020-03-08,Sospechoso,Contacto,2020-03-11
77,JALISCO,F,20,2020-03-02,Sospechoso,Francia,2020-03-08
78,QUINTANA ROO,M,30,2020-03-15,Sospechoso,Contacto,2020-03-06
79,GUANAJUATO,F,25,2020-02-28,Sospechoso,España,2020-03-14
80,CHIHUAHUA,M,15,2020-03-15,Sospechoso,Contacto,2020-03-15
81,JALISCO,F,64,2020-03-11,Sospechoso,Estados Unidos,2020-03-13
82,MÉXICO,M,61,2020-03-08,Sospechoso,España,2020-03-08
83,MÉXICO,M,21,2020-03-07,Sospechoso,España,2020-03-13
84,VERACRUZ,F,19,2020-03-14,Sospechoso,España,2020-03-15
85,MÉXICO,F,23,2020-03-07,Sospechoso,España,2020-03-13
86,VERACRUZ,M,24,2020-03-14,Sospechoso,España,2020-03-14
87,CIUDAD DE MÉXICO,M,13,2020-03-13,Sospechoso,España,2020-03-13
88,MÉXICO,M,55,2020-03-09,Sospechoso,Estados Unidos,2020-03-09
89,VERACRUZ,M,21,2020-03-14,Sospechoso,España,2020-03-14
90,CIUDAD DE MÉXICO,F,56,2020-03-08,Sospechoso,Contacto,NA
91,GUERRERO,F,28,2020-03-12,Sospechoso,Estados Unidos,2020-03-08
92,CIUDAD DE MÉXICO,M,37,2020-03-10,Sospechoso,Contacto,NA
93,VERACRUZ,F,56,2020-03-16,Sospechoso,Contacto,NA
94,OAXACA,M,60,2020-03-14,Sospechoso,Estados Unidos,2020-03-14
95,MÉXICO,M,31,2020-03-13,Sospechoso,España,2020-03-13
96,SUR,M,33,2020-03-13,Sospechoso,Francia,2020-03-02
97,MÉXICO,M,54,2020-03-13,Sospechoso,España,2020-03-13
98,SAN LUIS POTOSÍ,F,34,2020-03-13,Sospechoso,Estados Unidos,2020-03-06
99,QUERÉTARO,M,43,2020-03-14,Sospechoso,Alemania,2020-03-13
100,AGUASCALIENTES,M,33,2020-03-16,Sospechoso,Singapur,2020-03-13
101,TAMAULIPAS,F,23,2020-03-16,Sospechoso,España,2020-03-12
102,SAN LUIS POTOSÍ,M,32,2020-03-14,Sospechoso,España,2020-03-14
103,SAN LUIS POTOSÍ,M,41,2020-03-11,Sospechoso,Contacto,NA
104,QUERÉTARO,M,42,2020-03-12,Sospechoso,Contacto,NA
105,QUERÉTARO,F,40,2020-03-14,Sospechoso,España,2020-03-15
106,SAN LUIS POTOSÍ,M,30,2020-03-16,Sospechoso,Alemania,2020-03-11
107,QUERÉTARO,F,75,2020-03-14,Sospechoso,Contacto,NA
108,QUINTANA ROO,F,39,2020-03-14,Sospechoso,Contacto,NA
109,OAXACA,M,33,2020-03-15,Sospechoso,España,2020-03-15
110,SAN LUIS POTOSÍ,F,31,2020-03-12,Sospechoso,Italia,2020-03-14
111,QUINTANA ROO,M,26,2020-03-14,Sospechoso,Contacto,NA
112,QUINTANA ROO,M,48,2020-03-02,Sospechoso,España,2020-03-02
113,CIUDAD DE MÉXICO,M,40,2020-03-09,Sospechoso,Italia,2020-03-08
114,QUINTANA ROO,F,47,2020-03-02,Sospechoso,Contacto,NA
115,QUINTANA ROO,F,32,2020-03-15,Sospechoso,Contacto,NA
116,AGUASCALIENTES,M,35,2020-03-12,Sospechoso,Estados Unidos,2020-03-04
117,QUINTANA ROO,M,43,2020-03-13,Sospechoso,Estados Unidos,2020-03-15
118,CIUDAD DE MÉXICO,M,12,2020-03-13,Sospechoso,España,2020-03-13
119,PUEBLA,F,23,2020-03-09,Sospechoso,España,2020-03-09
120,CIUDAD DE MÉXICO,F,56,2020-03-08,Sospechoso,Contacto,NA
121,TABASCO,M,49,2020-03-14,Sospechoso,Alemania,2020-03-02
122,CIUDAD DE MÉXICO,M,13,2020-03-13,Sospechoso,España,2020-03-13
123,CIUDAD DE MÉXICO,M,26,2020-03-13,Sospechoso,Contacto,NA
124,QUINTANA ROO,M,17,2020-03-09,Sospechoso,Estados Unidos,2020-03-09
125,CIUDAD DE MÉXICO,M,31,2020-03-10,Sospechoso,Estados Unidos,2020-03-09
126,HIDALGO,M,24,2020-03-14,Sospechoso,Francia,2020-03-15
127,MICHOACÁN,F,24,2020-03-13,Sospechoso,España,2020-03-12
128,QUINTANA ROO,F,37,2020-03-14,Sospechoso,Contacto,2020-03-13
129,CIUDAD DE MÉXICO,M,32,2020-03-09,Sospechoso,Alemania,2020-03-13
130,QUINTANA ROO,M,21,2020-03-15,Sospechoso,Estados Unidos,2020-03-10
131,CIUDAD DE MÉXICO,M,39,2020-03-13,Sospechoso,Italia,2020-03-07
132,QUERÉTARO,F,25,2020-03-09,Sospechoso,Contacto,NA
133,AGUASCALIENTES,M,50,2020-03-16,Sospechoso,Contacto,2020-03-12
134,OAXACA,F,29,2020-03-15,Sospechoso,Contacto,NA
135,CIUDAD DE MÉXICO,M,39,2020-03-13,Sospechoso,Italia,2020-03-07
136,GUERRERO,F,62,2020-03-14,Sospechoso,Francia,2020-03-02
137,MICHOACÁN,F,24,2020-03-15,Sospechoso,España,2020-03-15
138,QUINTANA ROO,M,39,2020-03-16,Sospechoso,Italia,2020-03-01
139,MICHOACÁN,M,34,2020-02-12,Sospechoso,Estados Unidos,2020-03-01
140,OAXACA,F,51,2020-03-08,Sospechoso,Contacto,NA
141,QUERÉTARO,M,39,2020-03-13,Sospechoso,Contacto,NA
142,COAHUILA,M,54,2020-03-09,Sospechoso,Contacto,NA
143,BAJA CALIFORNIA,F,24,2020-03-11,Sospechoso,Estados Unidos,2020-03-04
144,QUINTANA ROO,M,44,2020-03-16,Sospechoso,Contacto,NA
145,AGUASCALIENTES,F,27,2020-03-10,Sospechoso,España,2020-03-15
146,BAJA CALIFORNIA,M,54,2020-03-13,Sospechoso,Estados Unidos,2020-03-12
147,OAXACA,M,42,2020-03-04,Sospechoso,Estados Unidos,2020-02-22
148,COAHUILA,M,30,2020-03-15,Sospechoso,España,2020-03-03
149,BAJA CALIFORNIA,F,21,2020-03-12,Sospechoso,Italia,2020-03-06
150,BAJA CALIFORNIA,M,33,2020-03-10,Sospechoso,Estados Unidos,2020-03-08
151,GUERRERO,M,31,2020-03-11,Sospechoso,España,2020-03-15
152,CIUDAD DE MÉXICO,F,46,2020-03-13,Sospechoso,Estados Unidos,2020-03-15
153,CIUDAD DE MÉXICO,M,35,2020-03-08,Sospechoso,Contacto,2020-03-01
154,SUR,M,22,2020-03-15,Sospechoso,Estados Unidos,2020-03-11
155,YUCATÁN,M,35,2020-03-14,Sospechoso,Estados Unidos,2020-03-09
156,YUCATÁN,F,27,2020-03-10,Sospechoso,Estados Unidos,2020-03-09
157,YUCATÁN,F,26,2020-03-08,Sospechoso,España,2020-03-14
158,GUERRERO,M,79,2020-03-15,Sospechoso,España,2020-03-13
159,GUANAJUATO,M,24,2020-03-13,Sospechoso,España,2020-03-13
160,GUANAJUATO,M,25,2020-03-14,Sospechoso,España,2020-03-15
161,AGUASCALIENTES,M,27,2020-03-11,Sospechoso,España,2020-03-15
162,COAHUILA,F,36,2020-03-13,Sospechoso,España,2020-03-10
163,CHIAPAS,M,26,2020-03-13,Sospechoso,Estados Unidos,2020-03-08
164,CIUDAD DE MÉXICO,F,30,2020-02-28,Sospechoso,España,2020-03-06
165,ZACATECAS,F,33,2020-03-16,Sospechoso,Italia,2020-03-07
166,COAHUILA,M,20,2020-03-15,Sospechoso,España,2020-03-15
167,COLIMA,M,46,2020-03-15,Sospechoso,Alemania,2020-03-13
168,GUANAJUATO,M,34,2020-03-13,Sospechoso,España,2020-03-12
169,CHIAPAS,F,18,2020-03-13,Sospechoso,Alemania,2020-03-15
170,GUANAJUATO,M,21,2020-03-09,Sospechoso,Estados Unidos,2020-03-14
171,BAJA CALIFORNIA,M,27,2020-03-12,Sospechoso,Estados Unidos,2020-02-29
172,GUANAJUATO,F,21,2020-03-09,Sospechoso,España,2020-03-15
173,NAYARIT,F,64,2020-03-11,Sospechoso,Estados Unidos,2020-03-11
174,BAJA CALIFORNIA,F,54,2020-03-11,Sospechoso,Estados Unidos,2020-03-02
175,CIUDAD DE MÉXICO,F,33,2020-03-14,Sospechoso,Contacto,2020-03-14
176,QUERÉTARO,M,41,2020-03-05,Sospechoso,Estados Unidos,2020-03-08
177,BAJA CALIFORNIA,F,55,2020-03-05,Sospechoso,España,2020-03-05
178,GUANAJUATO,F,22,2020-03-15,Sospechoso,Alemania,2020-03-16
179,CIUDAD DE MÉXICO,M,37,2020-03-14,Sospechoso,Contacto,NA
180,VERACRUZ,M,27,2020-03-07,Sospechoso,España,2020-03-13
181,BAJA CALIFORNIA,F,57,2020-03-13,Sospechoso,Contacto,2020-03-16
182,CIUDAD DE MÉXICO,M,11,2020-03-10,Sospechoso,España,2020-03-11
183,MORELOS,M,67,2020-03-15,Sospechoso,España,2020-03-15
184,CIUDAD DE MÉXICO,F,21,2020-03-16,Sospechoso,Estados Unidos,2020-03-11
185,CIUDAD DE MÉXICO,F,31,2020-03-06,Sospechoso,España,2020-03-06
186,MÉXICO,F,30,2020-02-07,Sospechoso,Singapur,2020-03-06
187,GUERRERO,M,32,2020-03-16,Sospechoso,Estados Unidos,2020-03-01
188,PUEBLA,F,24,2020-03-14,Sospechoso,Estados Unidos,2020-03-10
189,CIUDAD DE MÉXICO,F,13,2020-03-09,Sospechoso,Japón,2020-03-09
190,CIUDAD DE MÉXICO,M,33,2020-03-12,Sospechoso,España,2020-03-15
191,MÉXICO,M,30,2020-03-06,Sospechoso,Singapur,2020-03-06
192,GUERRERO,M,19,2020-03-17,Sospechoso,Francia,2020-03-09
193,CIUDAD DE MÉXICO,F,57,2020-03-15,Sospechoso,Estados Unidos,2020-03-11
194,CHIHUAHUA,F,21,2020-03-01,Sospechoso,Estados Unidos,2020-03-07
195,QUINTANA ROO,M,23,2020-03-15,Sospechoso,Francia,2020-03-16
196,MÉXICO,M,33,2020-03-10,Sospechoso,Estados Unidos,2020-03-10
197,CIUDAD DE MÉXICO,F,33,2020-03-10,Sospechoso,España,2020-03-03
198,SAN LUIS POTOSÍ,F,26,2020-03-12,Sospechoso,España,2020-03-12
199,GUANAJUATO,F,41,2020-03-15,Sospechoso,Contacto,2020-03-10
200,CIUDAD DE MÉXICO,M,40,2020-03-09,Sospechoso,Italia,2020-03-08
201,GUANAJUATO,M,48,2020-03-15,Sospechoso,España,2020-03-10
202,GUANAJUATO,F,27,2020-03-14,Sospechoso,España,2020-03-14
203,TAMAULIPAS,M,30,2020-03-14,Sospechoso,España,2020-02-29
204,MÉXICO,M,15,2020-03-08,Sospechoso,Estados Unidos,2020-03-08
205,MÉXICO,M,17,2020-03-10,Sospechoso,Estados Unidos,2020-03-08
206,GUANAJUATO,F,52,2020-03-12,Sospechoso,España,2020-03-14
