Número_caso,Estado,Localidad,Sexo,Edad,Fecha_síntomas,Situación,País_fuente,Fecha_regreso
1,SAN LUIS POTOSÍ,RIO VERDE,F,22,2020-03-11,Sospechoso,España,2020-03-06
2,PUEBLA,PUEBLA,M,49,2020-03-15,Sospechoso,Contacto,NA
3,SAN LUIS POTOSÍ,SAN LUIS POTOSI,M,25,2020-03-13,Sospechoso,Contacto,NA
4,GUERRERO,ZONA NORTE,M,29,2020-03-15,Sospechoso,Contacto,NA
5,HIDALGO,TULANCINGO,F,72,2020-03-14,Sospechoso,Estados Unidos,2020-03-14
6,SONORA,SAN LUIS RÍO COLORADO,F,49,2020-03-03,Sospechoso,Estados Unidos,2020-02-24
7,HIDALGO,TULANCINGO,F,23,2020-03-14,Sospechoso,Alemania,2020-03-15
8,JALISCO,CENTRO GUADALAJARA,M,30,2020-03-12,Sospechoso,Alemania,2020-03-13
9,GUERRERO,COSTA CHICA,M,41,2020-03-16,Sospechoso,Estados Unidos,2020-03-02
10,BAJA CALIFORNIA,TIJUANA,F,34,2020-03-14,Sospechoso,Estados Unidos,2020-03-08
11,MORELOS,CUERNAVACA,M,42,2020-03-15,Sospechoso,Japón,2020-03-15
12,GUERRERO,ACAPULCO,F,3,2020-03-12,Sospechoso,Contacto,NA
13,BAJA CALIFORNIA,ENSENADA,F,47,2020-03-13,Sospechoso,Estados Unidos,2020-03-09
14,COLIMA,TECOMAN,F,23,2020-03-17,Sospechoso,Estados Unidos,2020-03-10
15,VERACRUZ,VERACRUZ,F,38,2020-03-16,Sospechoso,España,2020-03-13
16,JALISCO,LAGOS DE MORENO,M,25,2020-03-15,Sospechoso,Contacto,NA
17,CIUDAD DE MÉXICO,TLALPAN,F,69,2020-02-25,Sospechoso,Italia,2020-03-03
18,JALISCO,CENTRO GUADALAJARA,M,19,2020-03-18,Sospechoso,España,2020-03-17
19,AGUASCALIENTES,AGUASCALIENTES,M,36,2020-03-12,Sospechoso,Estados Unidos,2020-03-13
20,GUERRERO,ZONA CENTRO,F,74,2020-03-08,Sospechoso,España,2020-03-04
21,AGUASCALIENTES,AGUASCALIENTES,F,29,2020-03-17,Sospechoso,Contacto,NA
22,AGUASCALIENTES,AGUASCALIENTES,M,34,2020-03-18,Sospechoso,Contacto,2020-03-12
23,VERACRUZ,VERACRUZ,F,64,2020-03-16,Sospechoso,España,2020-03-13
24,HIDALGO,PACHUCA,F,37,2020-03-15,Sospechoso,Contacto,NA
25,HIDALGO,PACHUCA,F,23,2020-03-16,Sospechoso,Alemania,2020-03-15
26,QUINTANA ROO,JUAREZ,F,34,2020-03-17,Sospechoso,Estados Unidos,2020-03-17
27,HIDALGO,PACHUCA,M,44,2020-03-12,Sospechoso,Estados Unidos,2020-03-13
28,HIDALGO,PACHUCA,M,13,2020-03-16,Sospechoso,Contacto,NA
29,SONORA,CAJEME,F,45,2020-03-15,Sospechoso,España,2020-03-16
30,SONORA,CAJEME,F,25,2020-03-13,Sospechoso,Estados Unidos,2020-03-10
31,BAJA CALIFORNIA,TIJUANA,M,29,2020-03-07,Sospechoso,Estados Unidos,2020-03-03
32,DURANGO,DURANGO,F,52,2020-03-15,Sospechoso,Contacto,NA
33,BAJA CALIFORNIA,TIJUANA,F,65,2020-03-13,Sospechoso,Estados Unidos,2020-03-08
34,GUERRERO,ZONA CENTRO,F,47,2020-03-14,Sospechoso,Contacto,NA
35,CAMPECHE,CAMPECHE,M,58,2020-03-15,Sospechoso,España,2020-03-15
36,GUERRERO,ACAPULCO,F,39,2020-03-01,Sospechoso,Estados Unidos,2020-03-05
37,QUINTANA ROO,JUAREZ,F,33,2020-03-11,Sospechoso,Italia,2020-03-02
38,MÉXICO,XONACATLAN,M,39,2020-03-14,Sospechoso,Contacto,NA
39,MÉXICO,XONACATLAN,M,45,2020-03-13,Sospechoso,Contacto,NA
40,MÉXICO,XONACATLAN,F,22,2020-03-16,Sospechoso,España,2020-03-15
41,MÉXICO,XONACATLAN,M,46,2020-03-01,Sospechoso,Estados Unidos,2020-03-08
42,QUINTANA ROO,CHETUMAL,M,30,2020-03-11,Sospechoso,Francia,2020-03-09
43,MÉXICO,XONACATLAN,F,24,2020-03-09,Sospechoso,Contacto,2020-03-08
44,MÉXICO,XONACATLAN,M,75,2020-03-06,Sospechoso,Contacto,NA
45,MÉXICO,XONACATLAN,M,19,2020-02-26,Sospechoso,Contacto,2020-03-11
46,MICHOACÁN,LAZARO CARDENAS,M,38,2020-03-13,Sospechoso,Contacto,NA
47,CHIHUAHUA,CIUDAD JUAREZ,M,24,2020-03-17,Sospechoso,Estados Unidos,2020-03-12
48,MÉXICO,CUAUTITLAN,M,47,2020-03-07,Sospechoso,España,2020-03-07
49,MICHOACÁN,MORELIA,F,38,2020-03-07,Sospechoso,España,2020-03-14
50,MICHOACÁN,LAZARO CARDENAS,F,3,2020-03-13,Sospechoso,Contacto,NA
51,VERACRUZ,VERACRUZ,M,78,2020-03-17,Sospechoso,Estados Unidos,2020-03-17
52,BAJA CALIFORNIA,MEXICALI,M,64,2020-03-17,Sospechoso,Estados Unidos,2020-03-08
53,JALISCO,CENTRO GUADALAJARA,F,80,2020-03-15,Sospechoso,Estados Unidos,2020-03-13
54,VERACRUZ,VERACRUZ,F,29,2020-03-15,Sospechoso,Estados Unidos,2020-03-16
55,QUINTANA ROO,JUAREZ,F,46,2020-03-15,Sospechoso,Estados Unidos,2020-03-01
56,COAHUILA,SALTILLO,F,38,2020-03-10,Sospechoso,España,2020-03-04
57,TLAXCALA,TLAXCALA,F,25,2020-03-12,Sospechoso,Contacto,NA
58,CIUDAD DE MÉXICO,CUAUHTEMOC,F,60,2020-03-10,Sospechoso,Alemania,2020-03-04
59,JALISCO,CENTRO ZAPOPAN,M,59,2020-03-12,Sospechoso,Contacto,NA
60,GUERRERO,ZONA CENTRO,M,64,2020-03-16,Sospechoso,Estados Unidos,2020-03-16
61,JALISCO,LAGOS DE MORENO,M,69,2020-03-14,Sospechoso,Francia,2020-03-03
62,TABASCO,CENTRO,F,55,2020-03-18,Sospechoso,España,2020-03-14
63,VERACRUZ,JALAPA,M,24,2020-03-16,Sospechoso,Estados Unidos,2020-03-16
64,TLAXCALA,TLAXCALA,M,48,2020-03-16,Sospechoso,Contacto,NA
65,BAJA CALIFORNIA,VICENTE GUERRERO,M,37,2020-03-09,Sospechoso,Estados Unidos,2020-03-16
66,JALISCO,CENTRO GUADALAJARA,M,29,2020-03-06,Sospechoso,Estados Unidos,2020-03-06
67,AGUASCALIENTES,AGUASCALIENTES,M,0,2020-03-19,Sospechoso,España,2020-03-14
68,JALISCO,CENTRO ZAPOPAN,F,25,2020-03-14,Sospechoso,Estados Unidos,2020-03-16
69,VERACRUZ,VERACRUZ,F,60,2020-03-06,Sospechoso,España,2020-03-13
70,CIUDAD DE MÉXICO,GUSTAVO A. MADERO,F,60,2020-03-05,Sospechoso,Contacto,2020-03-15
71,JALISCO,CENTRO GUADALAJARA,M,29,2020-03-17,Sospechoso,Contacto,2020-03-16
72,SAN LUIS POTOSÍ,SAN LUIS POTOSI,F,45,2020-03-17,Sospechoso,Estados Unidos,2020-03-18
73,JALISCO,CENTRO GUADALAJARA,F,44,2020-03-15,Sospechoso,Contacto,NA
74,JALISCO,CENTRO GUADALAJARA,F,8,2020-03-15,Sospechoso,Contacto,NA
75,CIUDAD DE MÉXICO,MIGUEL HIDALGO,F,9,2020-03-15,Sospechoso,Estados Unidos,2020-03-08
76,QUINTANA ROO,JUAREZ,M,36,2020-03-18,Sospechoso,Contacto,NA
77,SAN LUIS POTOSÍ,SAN LUIS POTOSI,F,22,2020-03-16,Sospechoso,Contacto,NA
78,CIUDAD DE MÉXICO,MIGUEL HIDALGO,F,37,2020-03-15,Sospechoso,España,2020-03-02
79,CIUDAD DE MÉXICO,MIGUEL HIDALGO,F,28,2020-03-14,Sospechoso,Estados Unidos,2020-03-10
80,CIUDAD DE MÉXICO,MIGUEL HIDALGO,M,33,2020-03-15,Sospechoso,Estados Unidos,2020-03-15
81,JALISCO,CENTRO TLAQUEPAQUE,M,42,2020-03-04,Sospechoso,Estados Unidos,2020-03-17
82,CIUDAD DE MÉXICO,MIGUEL HIDALGO,M,0,2020-03-16,Sospechoso,Contacto,NA
83,COLIMA,COLIMA,F,38,2020-03-17,Sospechoso,Estados Unidos,2020-03-17
84,JALISCO,PUERTO VALLARTA,F,35,2020-03-14,Sospechoso,España,2020-03-14
85,JALISCO,CENTRO TLAQUEPAQUE,F,25,2020-03-10,Sospechoso,Estados Unidos,2020-03-14
86,JALISCO,CENTRO TLAQUEPAQUE,F,56,2020-03-13,Sospechoso,Estados Unidos,2020-03-04
87,QUINTANA ROO,JUAREZ,M,29,2020-03-16,Sospechoso,España,2020-03-15
88,JALISCO,CENTRO ZAPOPAN,F,29,2020-03-14,Sospechoso,Contacto,NA
89,JALISCO,CENTRO GUADALAJARA,M,26,2020-03-14,Sospechoso,España,2020-02-07
90,JALISCO,CENTRO GUADALAJARA,M,26,2020-03-13,Sospechoso,Contacto,NA
91,JALISCO,CENTRO GUADALAJARA,F,66,2020-03-07,Sospechoso,Estados Unidos,2020-03-13
92,NAYARIT,TEPIC,F,32,2020-03-10,Sospechoso,Francia,2020-03-18
93,JALISCO,CENTRO GUADALAJARA,M,27,2020-03-17,Sospechoso,Contacto,NA
94,JALISCO,CENTRO GUADALAJARA,M,28,2020-03-18,Sospechoso,Estados Unidos,2020-03-13
95,QUINTANA ROO,JUAREZ,F,24,2020-03-16,Sospechoso,Estados Unidos,2020-03-10
96,MICHOACÁN,URUAPAN,F,21,2020-03-16,Sospechoso,Alemania,2020-03-12
97,CIUDAD DE MÉXICO,MIGUEL HIDALGO,F,37,2020-03-13,Sospechoso,España,2020-03-11
98,PUEBLA,PUEBLA,F,26,2020-03-09,Sospechoso,Contacto,NA
99,CIUDAD DE MÉXICO,MIGUEL HIDALGO,M,50,2020-03-07,Sospechoso,España,2020-03-02
100,JALISCO,CENTRO GUADALAJARA,F,31,2020-03-12,Sospechoso,Japón,2020-03-04
101,JALISCO,CENTRO GUADALAJARA,M,26,2020-03-17,Sospechoso,España,2020-03-07
102,QUINTANA ROO,JUAREZ,M,34,2020-03-13,Sospechoso,Contacto,NA
103,JALISCO,CENTRO GUADALAJARA,F,43,2020-03-14,Sospechoso,Estados Unidos,2020-03-08
104,QUINTANA ROO,JUAREZ,F,26,2020-03-15,Sospechoso,Contacto,NA
105,QUINTANA ROO,JUAREZ,M,42,2020-03-12,Sospechoso,Francia,2020-03-04
106,TLAXCALA,APIZACO,F,51,2020-03-16,Sospechoso,Contacto,NA
107,TABASCO,CENTRO,M,37,2020-03-18,Sospechoso,España,2020-03-17
108,BAJA CALIFORNIA,MEXICALI,F,24,2020-03-15,Sospechoso,Estados Unidos,2020-03-07
109,TLAXCALA,APIZACO,F,25,2020-03-16,Sospechoso,Contacto,NA
110,JALISCO,TEPATITLAN,F,61,2020-03-18,Sospechoso,Estados Unidos,2020-03-13
111,CIUDAD DE MÉXICO,COYOACAN,F,52,2020-03-10,Sospechoso,Francia,2020-03-15
112,JALISCO,CENTRO GUADALAJARA,M,40,2020-03-15,Sospechoso,Estados Unidos,2020-03-15
113,JALISCO,CENTRO GUADALAJARA,F,34,2020-03-13,Sospechoso,Estados Unidos,2020-03-09
114,PUEBLA,HUEJOTZINGO,M,30,2020-03-13,Sospechoso,Francia,2020-02-29
115,CIUDAD DE MÉXICO,MAGDALENA CONTRERAS,M,23,2020-03-14,Sospechoso,España,2020-03-16
116,VERACRUZ,COATZACOALCOS,F,26,2020-03-15,Sospechoso,España,2020-03-16
117,CIUDAD DE MÉXICO,MAGDALENA CONTRERAS,M,64,2020-03-12,Sospechoso,Alemania,2020-03-11
118,GUANAJUATO,LEON DELTA,M,25,2020-03-10,Sospechoso,España,2020-03-18
119,CIUDAD DE MÉXICO,IZTAPALAPA,F,53,2020-03-03,Sospechoso,Estados Unidos,2020-02-27
120,CIUDAD DE MÉXICO,BENITO JUAREZ,M,56,2020-03-16,Sospechoso,Contacto,NA
121,BAJA CALIFORNIA,TIJUANA,F,40,2020-03-16,Sospechoso,Estados Unidos,2020-03-05
122,PUEBLA,PUEBLA,M,29,2020-03-13,Sospechoso,Contacto,NA
123,COLIMA,TECOMAN,M,70,2020-03-18,Sospechoso,Contacto,2020-03-08
124,CIUDAD DE MÉXICO,IZTAPALAPA,F,58,2020-03-11,Sospechoso,Contacto,NA
125,PUEBLA,PUEBLA,M,33,2020-03-13,Sospechoso,Estados Unidos,2020-03-12
126,CIUDAD DE MÉXICO,BENITO JUAREZ,F,21,2020-03-12,Sospechoso,Contacto,NA
127,BAJA CALIFORNIA,TIJUANA,F,51,2020-03-17,Sospechoso,Estados Unidos,2020-03-17
128,CIUDAD DE MÉXICO,IZTAPALAPA,M,36,2020-03-13,Sospechoso,Estados Unidos,2020-03-10
129,TAMAULIPAS,TAMPICO,M,32,2020-03-15,Sospechoso,España,2020-03-04
130,QUERÉTARO,QUERÉTARO,M,54,2020-03-15,Sospechoso,Contacto,NA
131,TLAXCALA,TLAXCALA,F,28,2020-03-16,Sospechoso,Contacto,NA
132,CIUDAD DE MÉXICO,BENITO JUAREZ,M,39,2020-03-13,Sospechoso,Francia,2020-03-16
133,PUEBLA,HUEJOTZINGO,F,44,2020-03-15,Sospechoso,España,2020-03-08
134,JALISCO,TEPATITLAN,F,33,2020-03-10,Sospechoso,Contacto,NA
135,MÉXICO,ECATEPEC,M,56,2020-03-17,Sospechoso,Contacto,NA
136,VERACRUZ,COSAMALOAPAN,M,34,2020-03-18,Sospechoso,Estados Unidos,2020-03-15
137,CIUDAD DE MÉXICO,COYOACAN,F,23,2020-03-15,Sospechoso,Estados Unidos,2020-03-11
138,MÉXICO,TOLUCA,M,58,2020-03-08,Sospechoso,Contacto,2020-03-16
139,MÉXICO,TOLUCA,M,34,2020-03-18,Sospechoso,Contacto,NA
140,CIUDAD DE MÉXICO,BENITO JUAREZ,F,35,2020-03-15,Sospechoso,Francia,2020-03-16
141,MÉXICO,TOLUCA,F,54,2020-03-18,Sospechoso,Estados Unidos,2020-03-18
142,SINALOA,VI,M,27,2020-03-17,Sospechoso,Estados Unidos,2020-03-13
143,JALISCO,CENTRO GUADALAJARA,F,51,2020-03-16,Sospechoso,Contacto,2020-03-16
144,PUEBLA,PUEBLA,F,24,2020-03-15,Sospechoso,Contacto,NA
145,MÉXICO,TOLUCA,M,42,2020-03-16,Sospechoso,Estados Unidos,2020-03-17
146,MÉXICO,TEXCOCO,F,31,2020-03-15,Sospechoso,Estados Unidos,2020-03-15
147,MÉXICO,XONACATLAN,F,52,2020-03-13,Sospechoso,Estados Unidos,2020-03-15
148,JALISCO,TAMAZULA,F,51,2020-03-10,Sospechoso,Estados Unidos,2020-03-18
149,QUERÉTARO,QUERÉTARO,F,37,2020-03-14,Sospechoso,Contacto,NA
150,CIUDAD DE MÉXICO,CUAUHTEMOC,M,36,2020-03-12,Sospechoso,España,2020-03-10
151,ZACATECAS,ZACATECAS,M,34,2020-03-18,Sospechoso,Contacto,NA
152,PUEBLA,PUEBLA,M,42,2020-03-16,Sospechoso,España,2020-03-15
153,MÉXICO,ZUMPANGO,F,42,2020-03-17,Sospechoso,España,2020-03-15
154,CIUDAD DE MÉXICO,MIGUEL HIDALGO,F,39,2020-03-12,Sospechoso,España,2020-03-08
155,PUEBLA,SAN SALVADOR EL SECO,M,35,2020-03-18,Sospechoso,Estados Unidos,NA
156,MÉXICO,XONACATLAN,M,13,2020-03-16,Sospechoso,España,2020-03-13
157,CIUDAD DE MÉXICO,MIGUEL HIDALGO,F,31,2020-03-14,Sospechoso,Estados Unidos,2020-03-05
158,JALISCO,CENTRO GUADALAJARA,M,71,2020-03-16,Sospechoso,Estados Unidos,2020-03-16
159,CIUDAD DE MÉXICO,CUAUHTEMOC,F,2,2020-02-29,Sospechoso,Contacto,NA
160,SONORA,HERMOSILLO,F,27,2020-03-17,Sospechoso,Estados Unidos,2020-03-16
161,QUERÉTARO,QUERÉTARO,M,24,2020-03-18,Sospechoso,Contacto,NA
162,CIUDAD DE MÉXICO,CUAUHTEMOC,F,38,2020-03-14,Sospechoso,España,2020-03-16
163,PUEBLA,PUEBLA,F,49,2020-03-14,Sospechoso,España,2020-03-04
164,JALISCO,CENTRO GUADALAJARA,M,60,2020-03-18,Sospechoso,Estados Unidos,2020-02-03
165,CIUDAD DE MÉXICO,MIGUEL HIDALGO,M,33,2020-03-13,Sospechoso,Francia,2020-03-07
166,CIUDAD DE MÉXICO,BENITO JUAREZ,F,54,2020-03-18,Sospechoso,España,2020-03-17
167,VERACRUZ,VERACRUZ,M,32,2020-03-15,Sospechoso,Contacto,NA
168,CIUDAD DE MÉXICO,MIGUEL HIDALGO,M,62,2020-03-16,Sospechoso,España,2020-03-15
169,CIUDAD DE MÉXICO,TLALPAN,M,27,2020-03-17,Sospechoso,España,2020-03-11
170,MÉXICO,CUAUTITLAN,M,61,2020-03-07,Sospechoso,España,2020-03-15
171,CIUDAD DE MÉXICO,CUAUHTEMOC,M,32,2020-02-28,Sospechoso,Estados Unidos,2020-03-19
172,BAJA CALIFORNIA,TIJUANA,M,40,2020-03-17,Sospechoso,Estados Unidos,2020-03-14
173,MORELOS,CUAUTLA,F,65,2020-03-16,Sospechoso,Estados Unidos,2020-03-14
174,PUEBLA,PUEBLA,M,35,2020-03-15,Sospechoso,Contacto,2020-03-15
175,QUERÉTARO,QUERÉTARO,F,39,2020-03-19,Sospechoso,Estados Unidos,2020-03-15
176,JALISCO,CENTRO GUADALAJARA,M,37,2020-03-16,Sospechoso,Estados Unidos,2020-03-16
177,CIUDAD DE MÉXICO,TLALPAN,M,30,2020-03-18,Sospechoso,Contacto,NA
178,GUANAJUATO,LEON DELTA,F,24,2020-03-12,Sospechoso,España,2020-03-13
179,VERACRUZ,VERACRUZ,F,24,2020-03-17,Sospechoso,Contacto,NA
180,JALISCO,CENTRO GUADALAJARA,F,31,2020-03-14,Sospechoso,Estados Unidos,2020-03-15
181,JALISCO,TEPATITLAN,F,35,2020-03-14,Sospechoso,Estados Unidos,2020-03-15
182,GUANAJUATO,GUANAJUATO,M,31,2020-03-20,Sospechoso,Estados Unidos,2020-03-09
183,CIUDAD DE MÉXICO,VENUSTIANO CARRANZA,M,19,2020-03-17,Sospechoso,Contacto,NA
184,JALISCO,LAGOS DE MORENO,M,27,2020-03-17,Sospechoso,Contacto,NA
185,CIUDAD DE MÉXICO,VENUSTIANO CARRANZA,F,53,2020-03-17,Sospechoso,Contacto,NA
186,SINALOA,I,F,27,2020-03-12,Sospechoso,Estados Unidos,2020-03-12
187,MÉXICO,AMECAMECA,M,51,2020-03-05,Sospechoso,Contacto,NA
188,JALISCO,CENTRO GUADALAJARA,F,35,2020-03-05,Sospechoso,Estados Unidos,2020-03-04
189,TABASCO,CENTRO,M,60,2020-03-17,Sospechoso,Contacto,NA
190,JALISCO,CENTRO ZAPOPAN,F,31,2020-03-13,Sospechoso,Estados Unidos,2020-02-20
191,SINALOA,I,M,30,2020-03-12,Sospechoso,Estados Unidos,2020-03-12
192,TABASCO,CENTRO,M,55,2020-03-17,Sospechoso,Contacto,NA
193,CIUDAD DE MÉXICO,TLALPAN,F,42,2020-03-09,Sospechoso,España,2020-03-11
194,CHIAPAS,PICHUCALCO,M,37,2020-03-19,Sospechoso,Francia,2020-03-18
195,JALISCO,CENTRO GUADALAJARA,M,28,2020-03-16,Sospechoso,Contacto,NA
196,MÉXICO,ZUMPANGO,F,17,2020-03-12,Sospechoso,Estados Unidos,NA
197,JALISCO,CENTRO GUADALAJARA,F,33,2020-03-09,Sospechoso,Estados Unidos,2020-03-05
198,VERACRUZ,POZA RICA,M,24,2020-03-13,Sospechoso,Contacto,NA
199,TABASCO,CENTRO,M,50,2020-03-18,Sospechoso,Contacto,NA
200,MÉXICO,TOLUCA,F,29,2020-03-20,Sospechoso,Contacto,NA
201,JALISCO,CENTRO GUADALAJARA,M,39,2020-03-12,Sospechoso,España,2020-03-16
202,JALISCO,CENTRO GUADALAJARA,F,47,2020-03-17,Sospechoso,Contacto,2020-03-16
203,CIUDAD DE MÉXICO,TLALPAN,F,46,2020-03-13,Sospechoso,Contacto,NA
204,BAJA CALIFORNIA,MEXICALI,M,59,2020-03-15,Sospechoso,Contacto,NA
205,JALISCO,CENTRO GUADALAJARA,F,57,2020-03-12,Sospechoso,Contacto,NA
206,TLAXCALA,TLAXCALA,F,41,2020-03-19,Sospechoso,Contacto,NA
207,CIUDAD DE MÉXICO,ALVARO OBREGON,F,47,2020-03-18,Sospechoso,Contacto,NA
208,CIUDAD DE MÉXICO,BENITO JUAREZ,F,33,2020-03-06,Sospechoso,Contacto,NA
209,JALISCO,CENTRO ZAPOPAN,F,79,2020-03-09,Sospechoso,Alemania,2020-03-09
210,BAJA CALIFORNIA,TIJUANA,M,55,2020-03-19,Sospechoso,Estados Unidos,2020-03-14
211,NUEVO LEÓN,HIDALGO,M,30,2020-03-13,Sospechoso,Estados Unidos,2020-03-13
212,PUEBLA,PUEBLA,F,51,2020-03-01,Sospechoso,Contacto,NA
213,MÉXICO,ECATEPEC,M,49,2020-03-18,Sospechoso,Contacto,NA
214,CIUDAD DE MÉXICO,TLAHUAC,F,26,2020-03-13,Sospechoso,Contacto,NA
215,PUEBLA,PUEBLA,M,19,2020-03-15,Sospechoso,Estados Unidos,2020-03-13
216,PUEBLA,PUEBLA,M,29,2020-03-17,Sospechoso,Contacto,NA
217,BAJA CALIFORNIA,MEXICALI,F,9,2020-03-17,Sospechoso,Contacto,NA
218,MÉXICO,TLANEPANTLA,F,29,2020-03-15,Sospechoso,Contacto,NA
219,CIUDAD DE MÉXICO,MIGUEL HIDALGO,M,55,2020-03-14,Sospechoso,Contacto,NA
220,SINALOA,VI,F,53,2020-03-18,Sospechoso,Contacto,NA
221,MÉXICO,ECATEPEC,M,46,2020-03-12,Sospechoso,Contacto,NA
222,CIUDAD DE MÉXICO,CUAUHTEMOC,M,29,2020-03-17,Sospechoso,Francia,2020-03-14
223,CIUDAD DE MÉXICO,MIGUEL HIDALGO,F,40,2020-03-04,Sospechoso,Contacto,2020-03-16
224,SAN LUIS POTOSÍ,SAN LUIS POTOSI,F,51,2020-03-16,Sospechoso,España,2020-03-15
225,BAJA CALIFORNIA,MEXICALI,M,27,2020-03-13,Sospechoso,Contacto,NA
226,CIUDAD DE MÉXICO,MIGUEL HIDALGO,M,34,2020-03-12,Sospechoso,Estados Unidos,2020-03-11
227,VERACRUZ,ORIZABA,M,42,2020-03-17,Sospechoso,Estados Unidos,2020-03-16
228,CIUDAD DE MÉXICO,MIGUEL HIDALGO,F,57,2020-03-09,Sospechoso,Estados Unidos,2020-03-11
229,CIUDAD DE MÉXICO,MIGUEL HIDALGO,M,38,2020-03-13,Sospechoso,Contacto,NA
230,CIUDAD DE MÉXICO,MIGUEL HIDALGO,F,43,2020-03-16,Sospechoso,Contacto,NA
231,VERACRUZ,VERACRUZ,F,30,2020-03-17,Sospechoso,Contacto,NA
232,TABASCO,CENTRO,F,78,2020-03-17,Sospechoso,Contacto,NA
233,CIUDAD DE MÉXICO,MIGUEL HIDALGO,F,24,2020-03-18,Sospechoso,Contacto,NA
234,VERACRUZ,VERACRUZ,F,33,2020-03-16,Sospechoso,Estados Unidos,2020-02-27
235,CIUDAD DE MÉXICO,MIGUEL HIDALGO,F,36,2020-03-15,Sospechoso,Contacto,NA
236,CIUDAD DE MÉXICO,MIGUEL HIDALGO,M,37,2020-03-15,Sospechoso,Contacto,2020-03-16
237,PUEBLA,HUEJOTZINGO,F,28,2020-03-15,Sospechoso,Estados Unidos,2020-03-17
238,PUEBLA,HUEJOTZINGO,F,31,2020-03-15,Sospechoso,España,2020-03-14
239,JALISCO,CENTRO GUADALAJARA,M,50,2020-03-17,Sospechoso,Contacto,NA
240,MÉXICO,JILOTEPEC,F,37,2020-03-13,Sospechoso,España,2020-03-15
241,CIUDAD DE MÉXICO,CUAUHTEMOC,F,26,2020-03-19,Sospechoso,Contacto,NA
242,CIUDAD DE MÉXICO,MIGUEL HIDALGO,M,19,2020-03-17,Sospechoso,Italia,2020-03-15
243,VERACRUZ,JALAPA,F,46,2020-03-16,Sospechoso,Francia,2020-03-14
244,CIUDAD DE MÉXICO,MIGUEL HIDALGO,F,49,2020-03-15,Sospechoso,Contacto,NA
245,PUEBLA,HUEJOTZINGO,M,35,2020-03-15,Sospechoso,Contacto,NA
246,TABASCO,CENTRO,F,41,2020-03-16,Sospechoso,Estados Unidos,2020-03-11
247,PUEBLA,HUEJOTZINGO,M,35,2020-03-16,Sospechoso,Contacto,NA
248,CIUDAD DE MÉXICO,MIGUEL HIDALGO,F,30,2020-03-15,Sospechoso,Italia,2020-03-09
249,VERACRUZ,VERACRUZ,F,23,2020-03-14,Sospechoso,Contacto,NA
250,CIUDAD DE MÉXICO,MIGUEL HIDALGO,F,26,2020-03-16,Sospechoso,Estados Unidos,2020-03-18
251,JALISCO,CENTRO ZAPOPAN,F,76,2020-03-15,Sospechoso,Contacto,NA
252,CIUDAD DE MÉXICO,CUAUHTEMOC,M,31,2020-03-18,Sospechoso,Contacto,NA
253,CIUDAD DE MÉXICO,MIGUEL HIDALGO,F,30,2020-03-12,Sospechoso,España,2020-03-05
254,CIUDAD DE MÉXICO,MIGUEL HIDALGO,F,30,2020-03-12,Sospechoso,España,2020-03-05
255,AGUASCALIENTES,AGUASCALIENTES,M,44,2020-03-16,Sospechoso,Estados Unidos,2020-03-14
256,CIUDAD DE MÉXICO,MIGUEL HIDALGO,M,46,2020-03-12,Sospechoso,España,2020-03-14
257,JALISCO,CENTRO GUADALAJARA,F,41,2020-03-15,Sospechoso,Estados Unidos,2020-03-13
258,CIUDAD DE MÉXICO,CUAUHTEMOC,M,57,2020-03-20,Sospechoso,Contacto,NA
259,JALISCO,CENTRO GUADALAJARA,F,25,2020-03-19,Sospechoso,Estados Unidos,2020-03-08
260,PUEBLA,HUEJOTZINGO,M,25,2020-03-17,Sospechoso,Contacto,NA
261,JALISCO,CENTRO GUADALAJARA,M,27,2020-03-17,Sospechoso,Contacto,NA
262,JALISCO,CENTRO GUADALAJARA,M,36,2020-03-11,Sospechoso,España,2020-03-09
263,PUEBLA,HUEJOTZINGO,M,29,2020-03-14,Sospechoso,Contacto,NA
264,JALISCO,CENTRO GUADALAJARA,F,47,2020-03-16,Sospechoso,Contacto,NA
265,CIUDAD DE MÉXICO,MIGUEL HIDALGO,F,56,2020-03-16,Sospechoso,Francia,2020-03-15
266,CIUDAD DE MÉXICO,MIGUEL HIDALGO,M,20,2020-02-06,Sospechoso,Contacto,NA
267,BAJA CALIFORNIA SUR,LOS CABOS,F,39,2020-03-16,Sospechoso,Estados Unidos,2020-03-07
268,AGUASCALIENTES,AGUASCALIENTES,F,40,2020-03-18,Sospechoso,Contacto,2020-03-15
269,CIUDAD DE MÉXICO,CUAUHTEMOC,M,56,2020-03-18,Sospechoso,Contacto,NA
270,TABASCO,CARDENAS,M,36,2020-03-19,Sospechoso,España,2020-03-11
271,CHIHUAHUA,CHIHUAHUA,F,55,2020-03-12,Sospechoso,Contacto,2020-03-11
272,JALISCO,CENTRO ZAPOPAN,M,46,2020-02-14,Sospechoso,España,2020-03-02
273,JALISCO,CENTRO ZAPOPAN,F,57,2020-03-17,Sospechoso,Contacto,NA
274,JALISCO,CENTRO GUADALAJARA,F,22,2020-03-14,Sospechoso,Estados Unidos,2020-03-16
275,TABASCO,CARDENAS,M,45,2020-03-16,Sospechoso,España,2020-03-02
276,PUEBLA,PUEBLA,M,18,2020-03-12,Sospechoso,España,2020-03-15
277,JALISCO,LA BARCA,F,0,2020-03-15,Sospechoso,Contacto,2020-03-15
278,JALISCO,CENTRO GUADALAJARA,F,43,2020-03-19,Sospechoso,Contacto,2020-03-10
279,JALISCO,CENTRO ZAPOPAN,M,31,2020-03-17,Sospechoso,Estados Unidos,2020-03-08
280,JALISCO,CENTRO GUADALAJARA,F,22,2020-03-12,Sospechoso,España,2020-03-17
281,JALISCO,CENTRO ZAPOPAN,F,16,2020-03-18,Sospechoso,Francia,2020-03-17
282,TABASCO,CENTRO,M,39,2020-03-16,Sospechoso,Alemania,2020-03-15
283,JALISCO,CENTRO GUADALAJARA,M,29,2020-03-13,Sospechoso,Contacto,NA
284,CIUDAD DE MÉXICO,CUAUHTEMOC,F,38,2020-03-11,Sospechoso,Estados Unidos,2020-03-01
285,BAJA CALIFORNIA,TIJUANA,F,36,2020-03-15,Sospechoso,Estados Unidos,2020-03-07
286,JALISCO,CENTRO GUADALAJARA,F,23,2020-03-12,Sospechoso,España,2020-03-17
287,BAJA CALIFORNIA SUR,LOS CABOS,M,40,2020-03-10,Sospechoso,Estados Unidos,2020-03-06
288,HIDALGO,PACHUCA,F,43,2020-03-16,Sospechoso,Contacto,NA
289,SONORA,SANTA ANA,M,42,2020-03-19,Sospechoso,Estados Unidos,2020-03-14
290,QUINTANA ROO,JUAREZ,M,16,2020-03-13,Sospechoso,Contacto,NA
291,BAJA CALIFORNIA SUR,LA PAZ,M,23,2020-03-16,Sospechoso,Contacto,NA
292,BAJA CALIFORNIA SUR,LA PAZ,F,29,2020-03-08,Sospechoso,Alemania,2020-03-07
293,MÉXICO,ATLACOMULCO,M,39,2020-03-17,Sospechoso,España,2020-03-13
294,PUEBLA,PUEBLA,M,43,2020-03-17,Sospechoso,Contacto,NA
295,PUEBLA,PUEBLA,F,29,2020-03-16,Sospechoso,Contacto,NA
296,PUEBLA,PUEBLA,F,25,2020-03-15,Sospechoso,Contacto,NA
297,PUEBLA,PUEBLA,F,21,2020-03-14,Sospechoso,España,2020-03-15
298,PUEBLA,PUEBLA,F,39,2020-03-16,Sospechoso,Contacto,NA
299,PUEBLA,PUEBLA,M,41,2020-03-18,Sospechoso,España,2020-03-13
300,PUEBLA,PUEBLA,F,22,2020-03-18,Sospechoso,Contacto,NA
301,PUEBLA,PUEBLA,F,42,2020-03-17,Sospechoso,Contacto,NA
302,CIUDAD DE MÉXICO,BENITO JUAREZ,M,58,2020-03-10,Sospechoso,Contacto,NA
303,MÉXICO,TENANGO DEL VALLE,F,17,2020-03-12,Sospechoso,Italia,2020-03-13
304,GUANAJUATO,SAN MIGUEL DE ALLENDE,M,70,2020-03-07,Sospechoso,Estados Unidos,2020-03-16
305,BAJA CALIFORNIA,TIJUANA,M,24,2020-03-16,Sospechoso,Estados Unidos,2020-03-20
306,BAJA CALIFORNIA,ENSENADA,F,27,2020-03-18,Sospechoso,Estados Unidos,2020-03-18
307,GUANAJUATO,ACAMBARO,M,66,2020-03-17,Sospechoso,Estados Unidos,2020-03-13
308,BAJA CALIFORNIA,ENSENADA,F,28,2020-03-18,Sospechoso,Estados Unidos,2020-03-17
309,BAJA CALIFORNIA,ENSENADA,M,23,2020-03-19,Sospechoso,Estados Unidos,2020-03-18
310,JALISCO,CENTRO ZAPOPAN,F,45,2020-03-17,Sospechoso,Contacto,NA
311,JALISCO,CENTRO ZAPOPAN,M,31,2020-03-10,Sospechoso,Contacto,NA
312,GUANAJUATO,CELAYA,F,72,2020-03-10,Sospechoso,Estados Unidos,2020-03-19
313,JALISCO,CENTRO ZAPOPAN,M,49,2020-03-10,Sospechoso,Contacto,NA
314,GUANAJUATO,SAN MIGUEL DE ALLENDE,M,38,2020-03-18,Sospechoso,Estados Unidos,2020-03-13
315,JALISCO,CENTRO ZAPOPAN,M,40,2020-03-20,Sospechoso,Contacto,2020-03-17
316,JALISCO,CENTRO ZAPOPAN,F,33,2020-03-15,Sospechoso,España,2020-03-16
317,CIUDAD DE MÉXICO,MAGDALENA CONTRERAS,F,70,2020-03-09,Sospechoso,Francia,2020-03-08
318,COAHUILA,TORREON,F,41,2020-03-18,Sospechoso,Estados Unidos,2020-03-14
319,JALISCO,CENTRO ZAPOPAN,F,43,2020-03-21,Sospechoso,Contacto,NA
320,JALISCO,CENTRO ZAPOPAN,F,37,2020-03-15,Sospechoso,Estados Unidos,2020-03-17
321,MÉXICO,ATIZAPAN DE ZARAGOZA,F,64,2020-03-15,Sospechoso,Francia,2020-03-14
322,GUANAJUATO,CELAYA,F,27,2020-03-16,Sospechoso,España,2020-03-18
323,MÉXICO,TOLUCA,F,26,2020-03-13,Sospechoso,Contacto,NA
324,JALISCO,CENTRO ZAPOPAN,M,36,2020-03-14,Sospechoso,Francia,2020-03-13
325,MÉXICO,AMECAMECA,F,27,2020-03-16,Sospechoso,Contacto,NA
326,ZACATECAS,ZACATECAS,M,41,2020-03-19,Sospechoso,Contacto,NA
327,JALISCO,CENTRO ZAPOPAN,M,69,2020-03-18,Sospechoso,Estados Unidos,2020-03-17
328,MÉXICO,TEXCOCO,M,47,2020-03-13,Sospechoso,Contacto,NA
329,MÉXICO,TOLUCA,M,42,2020-03-15,Sospechoso,Estados Unidos,2020-03-11
330,MÉXICO,NAUCALPAN,F,38,2020-03-16,Sospechoso,Contacto,NA
331,JALISCO,CENTRO TLAQUEPAQUE,M,28,2020-03-18,Sospechoso,Estados Unidos,2020-03-14
332,MÉXICO,TEXCOCO,M,43,2020-03-19,Sospechoso,Contacto,NA
333,JALISCO,CENTRO ZAPOPAN,M,54,2020-03-19,Sospechoso,Estados Unidos,2020-03-06
334,MÉXICO,AMECAMECA,M,32,2020-03-17,Sospechoso,Contacto,NA
335,SINALOA,IV,F,21,2020-03-20,Sospechoso,España,2020-03-20
336,MÉXICO,NAUCALPAN,M,6,2020-03-20,Sospechoso,Contacto,2020-03-20
337,PUEBLA,PUEBLA,M,60,2020-03-13,Sospechoso,Contacto,NA
338,MÉXICO,TOLUCA,M,55,2020-03-18,Sospechoso,España,2020-03-16
339,MÉXICO,TEXCOCO,F,36,2020-03-13,Sospechoso,Contacto,NA
340,MÉXICO,ECATEPEC,F,27,2020-03-15,Sospechoso,Contacto,NA
341,MÉXICO,TLANEPANTLA,M,31,2020-03-10,Sospechoso,Contacto,NA
342,JALISCO,CENTRO ZAPOPAN,F,31,2020-03-16,Sospechoso,Contacto,NA
343,JALISCO,AUTLAN,M,14,2020-03-17,Sospechoso,Estados Unidos,2020-03-15
344,PUEBLA,PUEBLA,M,33,2020-03-19,Sospechoso,Estados Unidos,2020-03-09
345,MÉXICO,ECATEPEC,M,57,2020-03-13,Sospechoso,Contacto,NA
346,TABASCO,CENTRO,F,62,2020-03-19,Sospechoso,Contacto,NA
347,MÉXICO,ECATEPEC,M,33,2020-03-12,Sospechoso,Contacto,NA
348,SINALOA,IV,F,16,2020-03-15,Sospechoso,Francia,2020-03-15
349,MÉXICO,CUAUTITLAN,M,29,2020-03-09,Sospechoso,Alemania,2020-03-09
350,MÉXICO,ECATEPEC,F,33,2020-03-13,Sospechoso,Contacto,NA
351,CIUDAD DE MÉXICO,CUAUHTEMOC,M,76,2020-03-10,Sospechoso,Francia,2020-03-11
352,JALISCO,AUTLAN,F,34,2020-03-17,Sospechoso,Contacto,NA
353,PUEBLA,PUEBLA,M,19,2020-03-19,Sospechoso,España,2020-03-15
354,CIUDAD DE MÉXICO,MILPA ALTA,M,42,2020-03-17,Sospechoso,Contacto,NA
355,JALISCO,AUTLAN,F,52,2020-03-18,Sospechoso,Estados Unidos,2020-03-03
356,CIUDAD DE MÉXICO,MIGUEL HIDALGO,M,28,2020-03-17,Sospechoso,Contacto,NA
357,CIUDAD DE MÉXICO,CUAUHTEMOC,F,42,2020-03-20,Sospechoso,Contacto,NA
358,MÉXICO,NAUCALPAN,F,48,2020-03-15,Sospechoso,Estados Unidos,2020-03-03
359,GUANAJUATO,SALAMANCA,M,49,2020-03-17,Sospechoso,Contacto,2020-03-17
360,CIUDAD DE MÉXICO,MIGUEL HIDALGO,F,38,2020-03-17,Sospechoso,Estados Unidos,2020-03-08
361,MICHOACÁN,MORELIA,F,23,2020-03-17,Sospechoso,Estados Unidos,2020-03-15
362,GUANAJUATO,SALAMANCA,F,46,2020-03-17,Sospechoso,Contacto,2020-03-17
363,GUANAJUATO,LEON,F,26,2020-03-15,Sospechoso,Contacto,2020-03-13
364,QUINTANA ROO,JUAREZ,M,44,2020-03-15,Sospechoso,Contacto,NA
365,CIUDAD DE MÉXICO,CUAUHTEMOC,F,34,2020-03-14,Sospechoso,Contacto,NA
366,PUEBLA,HUEJOTZINGO,M,56,2020-03-13,Sospechoso,Contacto,NA
367,CIUDAD DE MÉXICO,MIGUEL HIDALGO,F,47,2020-03-14,Sospechoso,Estados Unidos,2020-03-01
368,GUANAJUATO,LEON,F,49,2020-03-18,Sospechoso,España,2020-03-18
369,GUANAJUATO,LEON,F,48,2020-03-16,Sospechoso,España,2020-03-15
370,CIUDAD DE MÉXICO,CUAUHTEMOC,M,33,2020-03-17,Sospechoso,Contacto,NA
371,NUEVO LEÓN,HIDALGO,F,40,2020-03-15,Sospechoso,Contacto,NA
372,GUANAJUATO,LEON,F,56,2020-03-16,Sospechoso,Francia,2020-03-17
373,GUANAJUATO,LEON,F,23,2020-03-18,Sospechoso,Estados Unidos,2020-03-19
374,PUEBLA,HUEJOTZINGO,F,74,2020-02-20,Sospechoso,Estados Unidos,2020-03-20
375,CIUDAD DE MÉXICO,MIGUEL HIDALGO,F,46,2020-03-15,Sospechoso,Contacto,NA
376,GUANAJUATO,LEON,F,22,2020-03-17,Sospechoso,España,2020-03-16
377,GUANAJUATO,LEON,F,48,2020-03-16,Sospechoso,Francia,2020-03-17
378,GUANAJUATO,LEON,F,46,2020-03-19,Sospechoso,Estados Unidos,2020-03-19
379,GUANAJUATO,LEON,M,65,2020-03-20,Sospechoso,España,2020-03-14
380,GUANAJUATO,LEON,M,21,2020-03-18,Sospechoso,España,2020-03-17
381,GUANAJUATO,LEON,M,43,2020-03-18,Sospechoso,Estados Unidos,2020-03-20
382,GUANAJUATO,LEON,M,27,2020-03-08,Sospechoso,Estados Unidos,2020-03-07
383,GUANAJUATO,LEON,M,9,2020-03-12,Sospechoso,Estados Unidos,2020-03-16
384,PUEBLA,HUEJOTZINGO,M,20,2020-03-13,Sospechoso,España,2020-03-17
385,GUANAJUATO,LEON,F,27,2020-03-15,Sospechoso,Contacto,2020-03-17
386,CIUDAD DE MÉXICO,MIGUEL HIDALGO,F,32,2020-03-10,Sospechoso,España,2020-03-14
387,GUANAJUATO,LEON,M,7,2020-03-12,Sospechoso,Estados Unidos,2020-03-16
388,SAN LUIS POTOSÍ,SAN LUIS POTOSI,M,32,2020-03-17,Sospechoso,Contacto,NA
389,GUANAJUATO,LEON,F,44,2020-03-16,Sospechoso,Contacto,2020-03-16
390,GUANAJUATO,LEON,M,20,2020-03-08,Sospechoso,Estados Unidos,2020-03-07
391,GUANAJUATO,LEON,F,12,2020-03-12,Sospechoso,Estados Unidos,2020-03-16
392,CIUDAD DE MÉXICO,BENITO JUAREZ,M,44,2020-03-11,Sospechoso,España,2020-03-15
393,MÉXICO,TLANEPANTLA,F,42,2020-03-18,Sospechoso,Contacto,2020-03-19
394,CIUDAD DE MÉXICO,MIGUEL HIDALGO,M,33,2020-03-12,Sospechoso,Estados Unidos,2020-03-16
395,GUANAJUATO,LEON,F,32,2020-03-12,Sospechoso,Francia,2020-03-14
396,MÉXICO,TLANEPANTLA,M,49,2020-03-17,Sospechoso,Contacto,NA
397,GUANAJUATO,LEON,F,55,2020-03-14,Sospechoso,Contacto,NA
398,GUANAJUATO,LEON,M,30,2020-03-17,Sospechoso,Estados Unidos,2020-03-17
399,CIUDAD DE MÉXICO,BENITO JUAREZ,F,73,2020-03-16,Sospechoso,Italia,2020-03-15
400,CIUDAD DE MÉXICO,MIGUEL HIDALGO,F,50,2020-03-15,Sospechoso,Contacto,NA
401,GUANAJUATO,LEON DELTA,F,43,2020-03-18,Sospechoso,Estados Unidos,2020-03-18
402,TABASCO,CENTRO,M,28,2020-03-16,Sospechoso,Contacto,NA
403,GUANAJUATO,LEON,F,31,2020-03-11,Sospechoso,Estados Unidos,2020-03-08
404,QUERÉTARO,QUERÉTARO,F,28,2020-03-20,Sospechoso,Contacto,NA
405,GUANAJUATO,LEON,F,64,2020-03-15,Sospechoso,España,2020-03-14
406,MÉXICO,TLANEPANTLA,F,24,2020-03-16,Sospechoso,Francia,2020-03-16
407,GUANAJUATO,LEON,F,47,2020-03-16,Sospechoso,Francia,2020-03-17
408,MÉXICO,TLANEPANTLA,M,24,2020-03-16,Sospechoso,Francia,2020-03-16
409,BAJA CALIFORNIA,ENSENADA,M,18,2020-03-17,Sospechoso,Estados Unidos,2020-03-10
410,CIUDAD DE MÉXICO,MIGUEL HIDALGO,M,34,2020-03-16,Sospechoso,España,2020-03-15
411,GUANAJUATO,LEON,M,42,2020-03-17,Sospechoso,Estados Unidos,2020-03-16
412,PUEBLA,IZUCAR DE MATAMOROS,M,44,2020-03-15,Sospechoso,Estados Unidos,2020-03-20
413,GUANAJUATO,LEON,M,29,2020-03-16,Sospechoso,España,2020-03-16
414,GUANAJUATO,LEON,F,41,2020-03-18,Sospechoso,España,2020-03-16
415,GUANAJUATO,LEON,M,42,2020-03-16,Sospechoso,Estados Unidos,2020-03-15
416,CIUDAD DE MÉXICO,MIGUEL HIDALGO,F,27,2020-03-12,Sospechoso,Contacto,NA
417,GUANAJUATO,LEON,F,38,2020-03-17,Sospechoso,Contacto,NA
418,BAJA CALIFORNIA,MEXICALI,M,25,2020-03-17,Sospechoso,Estados Unidos,2020-03-08
419,GUANAJUATO,LEON,F,34,2020-03-12,Sospechoso,Estados Unidos,2020-03-16
420,GUANAJUATO,LEON,F,23,2020-03-18,Sospechoso,España,2020-03-18
421,GUANAJUATO,LEON,F,14,2020-03-16,Sospechoso,España,2020-03-16
422,GUANAJUATO,LEON,M,3,2020-03-14,Sospechoso,Estados Unidos,2020-03-12
423,GUANAJUATO,LEON,F,39,2020-03-17,Sospechoso,Estados Unidos,2020-03-19
424,MÉXICO,TLANEPANTLA,M,60,2020-03-14,Sospechoso,España,2020-03-12
425,CIUDAD DE MÉXICO,MIGUEL HIDALGO,M,37,2020-03-17,Sospechoso,Contacto,NA
426,GUANAJUATO,LEON,F,20,2020-03-18,Sospechoso,Estados Unidos,2020-03-15
427,GUANAJUATO,LEON,M,26,2020-03-14,Sospechoso,Contacto,NA
428,GUANAJUATO,LEON,F,20,2020-03-15,Sospechoso,España,2020-03-16
429,GUANAJUATO,LEON,M,51,2020-03-16,Sospechoso,Contacto,NA
430,GUANAJUATO,LEON,F,32,2020-03-19,Sospechoso,Estados Unidos,2020-03-12
431,GUANAJUATO,LEON,F,28,2020-03-15,Sospechoso,Estados Unidos,2020-03-09
432,GUANAJUATO,LEON,F,32,2020-03-16,Sospechoso,España,2020-03-16
433,GUANAJUATO,LEON,F,56,2020-03-16,Sospechoso,Francia,2020-03-17
434,GUANAJUATO,LEON,M,37,2020-03-12,Sospechoso,Francia,2020-03-14
435,PUEBLA,IZUCAR DE MATAMOROS,F,39,2020-03-18,Sospechoso,Estados Unidos,2020-03-13
436,CIUDAD DE MÉXICO,MIGUEL HIDALGO,M,29,2020-03-14,Sospechoso,Estados Unidos,2020-03-17
437,SAN LUIS POTOSÍ,SAN LUIS POTOSI,F,47,2020-03-20,Sospechoso,Contacto,NA
438,GUANAJUATO,LEON,F,24,2020-03-16,Sospechoso,Estados Unidos,2020-03-16
439,GUANAJUATO,LEON,F,53,2020-03-16,Sospechoso,Francia,2020-03-17
440,GUANAJUATO,LEON,F,29,2020-03-16,Sospechoso,Contacto,NA
441,GUANAJUATO,LEON,F,48,2020-03-21,Sospechoso,Francia,2020-03-17
442,GUANAJUATO,LEON,F,25,2020-03-20,Sospechoso,España,2020-03-16
443,TABASCO,CENTRO,F,57,2020-03-18,Sospechoso,España,2020-03-18
444,VERACRUZ,POZA RICA,F,26,2020-02-25,Sospechoso,Estados Unidos,2020-03-17
445,COLIMA,MANZANILLO,M,56,2020-03-16,Sospechoso,Estados Unidos,2020-03-12
446,NUEVO LEÓN,SANTA CATARINA,F,63,2020-03-13,Sospechoso,Francia,2020-03-14
447,NUEVO LEÓN,SANTA CATARINA,M,50,2020-03-11,Sospechoso,Estados Unidos,2020-03-08
448,PUEBLA,PUEBLA,M,45,2020-03-19,Sospechoso,España,2020-03-03
449,CIUDAD DE MÉXICO,MAGDALENA CONTRERAS,F,28,2020-03-19,Sospechoso,Contacto,NA
450,JALISCO,CENTRO ZAPOPAN,F,50,2020-03-17,Sospechoso,Estados Unidos,2020-03-12
451,QUERÉTARO,QUERÉTARO,M,37,2020-03-17,Sospechoso,Contacto,NA
452,JALISCO,CENTRO ZAPOPAN,M,17,2020-03-15,Sospechoso,España,2020-03-14
453,QUERÉTARO,QUERÉTARO,M,6,2020-03-14,Sospechoso,Contacto,NA
454,CIUDAD DE MÉXICO,CUAUHTEMOC,M,26,2020-03-18,Sospechoso,España,2020-03-15
455,JALISCO,CENTRO ZAPOPAN,M,22,2020-03-16,Sospechoso,Contacto,NA
456,JALISCO,CENTRO ZAPOPAN,F,45,2020-03-19,Sospechoso,Contacto,NA
457,QUERÉTARO,QUERÉTARO,F,12,2020-03-15,Sospechoso,Contacto,NA
458,SONORA,SANTA ANA,F,42,2020-03-19,Sospechoso,Estados Unidos,2020-03-14
459,VERACRUZ,VERACRUZ,F,18,2020-03-19,Sospechoso,Estados Unidos,2020-03-21
460,CIUDAD DE MÉXICO,TLAHUAC,F,32,2020-03-19,Sospechoso,Estados Unidos,2020-03-15
461,JALISCO,CENTRO ZAPOPAN,F,33,2020-03-12,Sospechoso,Estados Unidos,2020-03-02
462,CAMPECHE,CAMPECHE,M,20,2020-03-17,Sospechoso,España,2020-03-16
463,QUERÉTARO,QUERÉTARO,F,35,2020-03-15,Sospechoso,Contacto,NA
464,CIUDAD DE MÉXICO,TLAHUAC,F,28,2020-03-17,Sospechoso,Contacto,NA
465,BAJA CALIFORNIA,ENSENADA,F,27,2020-03-19,Sospechoso,Estados Unidos,2020-03-15
466,COAHUILA,SABINAS,M,83,2020-03-16,Sospechoso,Estados Unidos,2020-03-18
467,SINALOA,VI,F,27,2020-03-21,Sospechoso,Contacto,NA
468,CIUDAD DE MÉXICO,TLAHUAC,F,27,2020-03-07,Sospechoso,Contacto,NA
469,JALISCO,CENTRO ZAPOPAN,F,6,2020-03-12,Sospechoso,Estados Unidos,2020-03-02
470,CIUDAD DE MÉXICO,COYOACAN,M,37,2020-03-18,Sospechoso,Contacto,NA
471,QUERÉTARO,QUERÉTARO,F,27,2020-03-18,Sospechoso,Contacto,NA
472,JALISCO,CENTRO GUADALAJARA,F,59,2020-03-19,Sospechoso,Contacto,NA
473,SONORA,CAJEME,F,61,2020-03-10,Sospechoso,Contacto,NA
474,JALISCO,CENTRO ZAPOPAN,M,34,2020-03-13,Sospechoso,Estados Unidos,2020-03-02
475,SINALOA,VI,F,60,2020-03-19,Sospechoso,Contacto,NA
476,TABASCO,CENTRO,F,24,2020-03-16,Sospechoso,Contacto,NA
477,CIUDAD DE MÉXICO,COYOACAN,M,33,2020-03-18,Sospechoso,Contacto,NA
478,AGUASCALIENTES,AGUASCALIENTES,F,53,2020-03-17,Sospechoso,España,2020-03-17
479,BAJA CALIFORNIA,MEXICALI,F,48,2020-03-09,Sospechoso,Estados Unidos,2020-03-04
480,JALISCO,CENTRO ZAPOPAN,F,4,2020-03-16,Sospechoso,Estados Unidos,2020-03-02
481,JALISCO,CENTRO ZAPOPAN,M,1,2020-03-18,Sospechoso,Estados Unidos,2020-03-02
482,QUINTANA ROO,JUAREZ,F,31,2020-03-19,Sospechoso,Contacto,NA
483,JALISCO,CENTRO ZAPOPAN,F,25,2020-03-14,Sospechoso,Contacto,NA
484,AGUASCALIENTES,AGUASCALIENTES,F,47,2020-03-12,Sospechoso,Contacto,2020-03-08
485,AGUASCALIENTES,AGUASCALIENTES,M,35,2020-03-19,Sospechoso,Contacto,NA
486,BAJA CALIFORNIA,TIJUANA,F,19,2020-03-18,Sospechoso,Contacto,2020-03-19
487,HIDALGO,PACHUCA,F,16,2020-03-20,Sospechoso,Contacto,NA
488,HIDALGO,PACHUCA,M,17,2020-03-13,Sospechoso,Contacto,NA
489,BAJA CALIFORNIA,ENSENADA,M,15,2020-03-11,Sospechoso,Estados Unidos,2020-03-20
490,JALISCO,PUERTO VALLARTA,F,43,2020-03-17,Sospechoso,Estados Unidos,NA
491,GUANAJUATO,GUANAJUATO,F,24,2020-03-16,Sospechoso,Estados Unidos,2020-03-19
492,BAJA CALIFORNIA,TIJUANA,M,46,2020-03-11,Sospechoso,Contacto,NA
493,GUANAJUATO,GUANAJUATO,M,24,2020-03-15,Sospechoso,Estados Unidos,2020-03-19
494,JALISCO,PUERTO VALLARTA,M,24,2020-03-17,Sospechoso,España,2020-03-19
495,BAJA CALIFORNIA,MEXICALI,F,35,2020-03-15,Sospechoso,Estados Unidos,2020-03-12
496,COAHUILA,MONCLOVA,F,74,2020-03-17,Sospechoso,Contacto,NA
497,BAJA CALIFORNIA,ENSENADA,M,36,2020-03-17,Sospechoso,Estados Unidos,2020-03-14
498,JALISCO,PUERTO VALLARTA,F,42,2020-03-16,Sospechoso,Estados Unidos,2020-03-09
499,BAJA CALIFORNIA,MEXICALI,F,31,2020-03-20,Sospechoso,Contacto,NA
500,JALISCO,PUERTO VALLARTA,F,46,2020-03-13,Sospechoso,Contacto,NA
501,BAJA CALIFORNIA,TIJUANA,F,45,2020-03-13,Sospechoso,Estados Unidos,2020-03-19
502,JALISCO,LA BARCA,M,20,2020-03-16,Sospechoso,Estados Unidos,2020-03-20
503,MÉXICO,XONACATLAN,F,28,2020-03-15,Sospechoso,Japón,2020-03-09
504,MÉXICO,XONACATLAN,F,69,2020-03-17,Sospechoso,Contacto,NA
505,JALISCO,CENTRO GUADALAJARA,M,23,2020-03-03,Sospechoso,España,2020-03-03
506,JALISCO,CENTRO ZAPOPAN,F,24,2020-03-13,Sospechoso,Contacto,NA
507,JALISCO,CENTRO GUADALAJARA,M,42,2020-03-20,Sospechoso,Contacto,NA
508,JALISCO,CENTRO GUADALAJARA,F,32,2020-03-14,Sospechoso,Contacto,NA
509,MÉXICO,XONACATLAN,F,32,2020-03-20,Sospechoso,Contacto,NA
510,JALISCO,CENTRO ZAPOPAN,F,52,2020-03-13,Sospechoso,Contacto,NA
511,CIUDAD DE MÉXICO,MIGUEL HIDALGO,F,1,2020-03-17,Sospechoso,España,2020-03-08
512,JALISCO,CENTRO GUADALAJARA,M,32,2020-03-13,Sospechoso,Contacto,NA
513,MÉXICO,XONACATLAN,M,41,2020-03-16,Sospechoso,Contacto,NA
514,CIUDAD DE MÉXICO,MIGUEL HIDALGO,M,46,2020-03-17,Sospechoso,Estados Unidos,2020-03-02
515,JALISCO,CENTRO ZAPOPAN,M,27,2020-03-13,Sospechoso,Estados Unidos,2020-03-08
516,MÉXICO,XONACATLAN,M,6,2020-03-15,Sospechoso,Contacto,NA
517,JALISCO,CENTRO ZAPOPAN,M,33,2020-03-17,Sospechoso,Contacto,NA
518,JALISCO,CENTRO ZAPOPAN,F,27,2020-03-13,Sospechoso,Estados Unidos,2020-03-08
519,COAHUILA,PIEDRAS NEGRAS,F,27,2020-03-21,Sospechoso,Contacto,NA
520,MÉXICO,XONACATLAN,F,37,2020-03-15,Sospechoso,Contacto,NA
521,CIUDAD DE MÉXICO,MIGUEL HIDALGO,M,51,2020-03-16,Sospechoso,Estados Unidos,2020-03-12
522,QUERÉTARO,QUERÉTARO,M,46,2020-03-18,Sospechoso,España,2020-03-17
523,JALISCO,CENTRO TONALA,F,3,2020-03-20,Sospechoso,Estados Unidos,2020-03-18
524,COAHUILA,PIEDRAS NEGRAS,M,25,2020-03-20,Sospechoso,Contacto,NA
525,JALISCO,CENTRO TONALA,F,34,2020-03-19,Sospechoso,Estados Unidos,2020-03-18
526,QUERÉTARO,QUERÉTARO,F,34,2020-03-15,Sospechoso,España,2020-03-17
527,SINALOA,I,M,37,2020-03-18,Sospechoso,Estados Unidos,2020-03-17
528,JALISCO,CENTRO ZAPOPAN,F,57,2020-03-17,Sospechoso,España,2020-03-17
529,MÉXICO,XONACATLAN,F,40,2020-03-21,Sospechoso,Contacto,NA
530,CIUDAD DE MÉXICO,BENITO JUAREZ,F,25,2020-03-09,Sospechoso,España,2020-02-26
531,MÉXICO,XONACATLAN,F,4,2020-03-21,Sospechoso,Contacto,NA
532,COAHUILA,PIEDRAS NEGRAS,F,25,2020-03-19,Sospechoso,Estados Unidos,NA
533,CIUDAD DE MÉXICO,MIGUEL HIDALGO,M,29,2020-03-15,Sospechoso,Contacto,NA
534,MÉXICO,XONACATLAN,M,73,2020-03-19,Sospechoso,Contacto,NA
535,MÉXICO,XONACATLAN,F,27,2020-03-21,Sospechoso,Contacto,NA
536,CIUDAD DE MÉXICO,BENITO JUAREZ,M,21,2020-03-12,Sospechoso,Francia,2020-02-28
537,CIUDAD DE MÉXICO,MIGUEL HIDALGO,M,47,2020-03-18,Sospechoso,Contacto,NA
538,MÉXICO,TOLUCA,F,42,2020-03-14,Sospechoso,Estados Unidos,2020-03-14
539,CIUDAD DE MÉXICO,BENITO JUAREZ,F,28,2020-03-17,Sospechoso,Contacto,NA
540,CIUDAD DE MÉXICO,MIGUEL HIDALGO,F,33,2020-03-10,Sospechoso,España,2020-03-16
541,CIUDAD DE MÉXICO,MIGUEL HIDALGO,F,32,2020-03-12,Sospechoso,Contacto,2020-03-10
542,CHIHUAHUA,CIUDAD JUAREZ,F,26,2020-03-17,Sospechoso,Estados Unidos,2020-03-17
543,MÉXICO,TLANEPANTLA,F,40,2020-03-19,Sospechoso,Contacto,NA
544,CIUDAD DE MÉXICO,MIGUEL HIDALGO,F,48,2020-03-01,Sospechoso,Francia,2020-03-16
545,PUEBLA,PUEBLA,M,34,2020-03-17,Sospechoso,Contacto,NA
546,CIUDAD DE MÉXICO,MIGUEL HIDALGO,M,51,2020-03-18,Sospechoso,Contacto,NA
547,MICHOACÁN,MORELIA,M,49,2020-03-15,Sospechoso,España,2020-03-15
548,JALISCO,CENTRO GUADALAJARA,M,36,2020-03-15,Sospechoso,Estados Unidos,2020-03-08
549,SAN LUIS POTOSÍ,RIO VERDE,M,66,2020-03-11,Sospechoso,Contacto,NA
550,VERACRUZ,VERACRUZ,F,40,2020-03-12,Sospechoso,España,2020-03-15
551,CHIHUAHUA,CHIHUAHUA,F,41,2020-03-15,Sospechoso,Alemania,2020-03-12
552,JALISCO,CENTRO GUADALAJARA,F,25,2020-03-13,Sospechoso,Estados Unidos,2020-03-06
553,CIUDAD DE MÉXICO,BENITO JUAREZ,F,60,2020-03-18,Sospechoso,Contacto,NA
554,VERACRUZ,VERACRUZ,M,46,2020-03-15,Sospechoso,España,2020-03-14
555,CIUDAD DE MÉXICO,MIGUEL HIDALGO,M,48,2020-03-16,Sospechoso,Contacto,NA
556,CIUDAD DE MÉXICO,MIGUEL HIDALGO,M,56,2020-03-04,Sospechoso,Alemania,2020-03-04
557,CIUDAD DE MÉXICO,BENITO JUAREZ,F,32,2020-03-17,Sospechoso,Contacto,NA
558,JALISCO,CENTRO ZAPOPAN,F,40,2020-03-17,Sospechoso,Estados Unidos,2020-02-29
559,JALISCO,CENTRO GUADALAJARA,F,35,2020-03-19,Sospechoso,Estados Unidos,2020-03-16
560,VERACRUZ,VERACRUZ,M,40,2020-03-12,Sospechoso,España,2020-03-15
561,CIUDAD DE MÉXICO,MIGUEL HIDALGO,M,0,2020-03-12,Sospechoso,Contacto,NA
562,CIUDAD DE MÉXICO,MIGUEL HIDALGO,M,10,2020-03-13,Sospechoso,Contacto,NA
563,JALISCO,CENTRO GUADALAJARA,M,69,2020-03-21,Sospechoso,Estados Unidos,2020-03-21
564,VERACRUZ,VERACRUZ,F,30,2020-03-12,Sospechoso,España,2020-03-15
565,GUANAJUATO,SALAMANCA,F,26,2020-03-09,Sospechoso,Estados Unidos,2020-03-09
566,CIUDAD DE MÉXICO,BENITO JUAREZ,F,20,2020-03-12,Sospechoso,Francia,2020-02-28
567,JALISCO,CENTRO ZAPOPAN,F,9,2020-03-15,Sospechoso,Contacto,NA
568,CIUDAD DE MÉXICO,MIGUEL HIDALGO,F,53,2020-03-14,Sospechoso,Contacto,2020-03-18
569,CIUDAD DE MÉXICO,MIGUEL HIDALGO,F,60,2020-03-14,Sospechoso,Contacto,NA
570,JALISCO,AMECA,M,66,2020-03-19,Sospechoso,Estados Unidos,2020-03-10
571,VERACRUZ,VERACRUZ,M,43,2020-03-18,Sospechoso,Estados Unidos,2020-03-13
572,CIUDAD DE MÉXICO,BENITO JUAREZ,M,24,2020-03-18,Sospechoso,Alemania,2020-03-19
573,VERACRUZ,VERACRUZ,F,39,2020-03-12,Sospechoso,Estados Unidos,2020-03-08
574,QUERÉTARO,SAN JUAN DEL RIO,M,42,2020-03-18,Sospechoso,Contacto,NA
575,VERACRUZ,VERACRUZ,M,51,2020-03-19,Sospechoso,España,2020-03-15
576,,,F,0,,Sospechoso,Contacto,NA
577,CIUDAD DE MÉXICO,MIGUEL HIDALGO,M,28,2020-03-02,Sospechoso,Estados Unidos,2020-03-15
578,CIUDAD DE MÉXICO,COYOACAN,M,32,2020-02-16,Sospechoso,Contacto,NA
579,VERACRUZ,VERACRUZ,M,38,2020-03-21,Sospechoso,Contacto,NA
580,COAHUILA,TORREON,M,44,2020-03-19,Sospechoso,Contacto,NA
581,GUANAJUATO,CELAYA,F,32,2020-03-17,Sospechoso,Contacto,NA
582,SONORA,HERMOSILLO,F,41,2020-03-19,Sospechoso,Estados Unidos,2020-03-14
583,MÉXICO,TOLUCA,F,24,2020-03-13,Sospechoso,Estados Unidos,2020-03-13
584,SAN LUIS POTOSÍ,SAN LUIS POTOSI,M,43,2020-03-21,Sospechoso,Contacto,NA
585,SAN LUIS POTOSÍ,SAN LUIS POTOSI,F,31,2020-03-21,Sospechoso,Contacto,NA
586,MÉXICO,TOLUCA,M,37,2020-03-14,Sospechoso,Corea del Sur,2020-03-02
587,TABASCO,CENTRO,M,54,2020-03-15,Sospechoso,Contacto,NA
588,CIUDAD DE MÉXICO,BENITO JUAREZ,F,38,2020-03-14,Sospechoso,Italia,2020-03-15
589,QUERÉTARO,SAN JUAN DEL RIO,F,55,2020-03-17,Sospechoso,Contacto,NA
590,SAN LUIS POTOSÍ,SAN LUIS POTOSI,F,56,2020-03-16,Sospechoso,España,2020-03-07
591,TABASCO,CENTRO,M,46,2020-03-19,Sospechoso,Contacto,NA
592,DURANGO,DURANGO,F,37,2020-03-19,Sospechoso,Estados Unidos,2020-03-16
593,SAN LUIS POTOSÍ,SAN LUIS POTOSI,M,36,2020-03-17,Sospechoso,Estados Unidos,2020-03-07
594,SAN LUIS POTOSÍ,SAN LUIS POTOSI,M,52,2020-03-21,Sospechoso,Contacto,NA
595,CIUDAD DE MÉXICO,BENITO JUAREZ,F,45,2020-03-08,Sospechoso,Alemania,2020-03-08
596,TABASCO,CENTRO,F,23,2020-03-20,Sospechoso,Contacto,NA
597,GUANAJUATO,LEON,F,36,2020-03-18,Sospechoso,Estados Unidos,2020-03-15
598,SAN LUIS POTOSÍ,SAN LUIS POTOSI,F,31,2020-03-18,Sospechoso,Francia,2020-03-16
599,CIUDAD DE MÉXICO,BENITO JUAREZ,M,44,2020-03-09,Sospechoso,Alemania,2020-03-08
600,QUERÉTARO,SAN JUAN DEL RIO,F,29,2020-03-10,Sospechoso,Estados Unidos,2020-03-01
601,SAN LUIS POTOSÍ,SAN LUIS POTOSI,M,44,2020-03-20,Sospechoso,Contacto,NA
602,SAN LUIS POTOSÍ,SAN LUIS POTOSI,M,27,2020-03-15,Sospechoso,Contacto,NA
603,NUEVO LEÓN,SANTA CATARINA,M,6,2020-03-11,Sospechoso,Contacto,NA
604,SAN LUIS POTOSÍ,SAN LUIS POTOSI,M,17,2020-03-20,Sospechoso,Alemania,2020-03-18
605,CIUDAD DE MÉXICO,BENITO JUAREZ,F,29,2020-03-15,Sospechoso,Francia,2020-03-14
606,CIUDAD DE MÉXICO,MIGUEL HIDALGO,F,88,2020-03-20,Sospechoso,Contacto,NA
607,QUERÉTARO,SAN JUAN DEL RIO,M,0,2020-03-18,Sospechoso,Contacto,NA
608,SONORA,HERMOSILLO,F,5,2020-03-16,Sospechoso,Contacto,NA
609,SAN LUIS POTOSÍ,SAN LUIS POTOSI,F,25,2020-03-19,Sospechoso,Contacto,NA
610,CIUDAD DE MÉXICO,MIGUEL HIDALGO,M,30,2020-03-14,Sospechoso,Contacto,NA
611,CIUDAD DE MÉXICO,BENITO JUAREZ,F,41,2020-03-14,Sospechoso,Contacto,NA
612,CIUDAD DE MÉXICO,BENITO JUAREZ,M,41,2020-03-05,Sospechoso,Contacto,NA
613,CHIHUAHUA,CHIHUAHUA,F,66,2020-03-20,Sospechoso,Contacto,NA
614,QUERÉTARO,SAN JUAN DEL RIO,M,30,2020-03-10,Sospechoso,Estados Unidos,2020-03-01
615,TABASCO,CENTRO,M,44,2020-03-20,Sospechoso,Contacto,NA
616,SONORA,HERMOSILLO,F,37,2020-03-18,Sospechoso,Estados Unidos,2020-03-04
617,VERACRUZ,JALAPA,M,8,2020-03-20,Sospechoso,Contacto,NA
618,QUERÉTARO,SAN JUAN DEL RIO,F,29,2020-03-10,Sospechoso,Estados Unidos,2020-03-01
619,DURANGO,DURANGO,F,67,2020-03-13,Sospechoso,Estados Unidos,2020-03-10
620,JALISCO,CENTRO ZAPOPAN,F,46,2020-03-20,Sospechoso,Contacto,NA
621,BAJA CALIFORNIA SUR,COMONDU,M,29,2020-03-18,Sospechoso,Contacto,NA
622,JALISCO,CENTRO ZAPOPAN,F,54,2020-03-17,Sospechoso,Francia,2020-03-17
623,BAJA CALIFORNIA,MEXICALI,M,31,2020-03-15,Sospechoso,Contacto,2020-03-17
624,JALISCO,CENTRO ZAPOPAN,F,67,2020-03-04,Sospechoso,Estados Unidos,2020-02-29
625,QUERÉTARO,SAN JUAN DEL RIO,F,29,2020-03-14,Sospechoso,Contacto,NA
626,JALISCO,CENTRO ZAPOPAN,F,68,2020-03-13,Sospechoso,Francia,2020-03-09
627,DURANGO,DURANGO,M,33,2020-03-15,Sospechoso,Estados Unidos,2020-03-08
628,JALISCO,CENTRO ZAPOPAN,F,40,2020-03-16,Sospechoso,Estados Unidos,2020-03-12
629,BAJA CALIFORNIA,MEXICALI,F,44,2020-03-14,Sospechoso,Estados Unidos,2020-03-14
630,QUERÉTARO,QUERÉTARO,M,24,2020-03-17,Sospechoso,Estados Unidos,2020-03-17
631,BAJA CALIFORNIA,MEXICALI,F,38,2020-03-15,Sospechoso,Estados Unidos,NA
632,MÉXICO,TOLUCA,M,40,2020-03-13,Sospechoso,Francia,2020-03-04
633,QUERÉTARO,QUERÉTARO,M,30,2020-03-16,Sospechoso,Contacto,NA
634,QUERÉTARO,QUERÉTARO,M,21,2020-03-18,Sospechoso,España,2020-03-21
635,QUERÉTARO,QUERÉTARO,M,21,2020-03-19,Sospechoso,Estados Unidos,2020-03-21
636,BAJA CALIFORNIA,MEXICALI,F,27,2020-03-19,Sospechoso,Francia,2020-03-18
637,GUANAJUATO,CELAYA,M,33,2020-03-08,Sospechoso,Contacto,2020-02-29
638,GUANAJUATO,LEON,F,27,2020-03-13,Sospechoso,España,2020-03-09
639,GUANAJUATO,SALAMANCA,F,67,2020-03-16,Sospechoso,Contacto,2020-03-16
640,GUANAJUATO,SALAMANCA,M,67,2020-03-16,Sospechoso,Contacto,2020-03-16
641,GUANAJUATO,SALAMANCA,F,34,2020-03-13,Sospechoso,España,2020-03-01
642,COLIMA,COLIMA,M,38,2020-03-11,Sospechoso,Estados Unidos,2020-03-13
643,CIUDAD DE MÉXICO,COYOACAN,M,33,2020-03-16,Sospechoso,Estados Unidos,2020-03-16
644,CIUDAD DE MÉXICO,COYOACAN,F,35,2020-03-13,Sospechoso,Italia,2020-03-15
645,COAHUILA,FRANCISO I. MADERO,M,68,2020-03-15,Sospechoso,Contacto,NA
646,CIUDAD DE MÉXICO,GUSTAVO A. MADERO,F,43,2020-03-15,Sospechoso,España,2020-03-13
647,MICHOACÁN,MORELIA,M,22,2020-03-18,Sospechoso,Contacto,NA
648,GUANAJUATO,SAN MIGUEL DE ALLENDE,M,22,2020-03-15,Sospechoso,Contacto,NA
649,COAHUILA,PIEDRAS NEGRAS,M,50,2020-03-15,Sospechoso,Contacto,NA
650,CIUDAD DE MÉXICO,TLALPAN,F,34,2020-03-16,Sospechoso,Estados Unidos,2020-03-17
651,JALISCO,CENTRO ZAPOPAN,M,49,2020-03-19,Sospechoso,Estados Unidos,2020-03-08
652,JALISCO,CENTRO TLAQUEPAQUE,M,34,2020-03-22,Sospechoso,Contacto,NA
653,CIUDAD DE MÉXICO,TLALPAN,F,37,2020-03-15,Sospechoso,Estados Unidos,2020-03-11
654,CIUDAD DE MÉXICO,TLALPAN,M,51,2020-03-17,Sospechoso,España,2020-03-09
655,CIUDAD DE MÉXICO,IZTAPALAPA,M,7,2020-03-17,Sospechoso,Contacto,NA
656,PUEBLA,PUEBLA,M,33,2020-03-18,Sospechoso,Contacto,NA
657,CIUDAD DE MÉXICO,TLALPAN,M,35,2020-03-17,Sospechoso,España,2020-03-11
658,GUANAJUATO,SALAMANCA,F,35,2020-03-20,Sospechoso,Contacto,NA
659,CIUDAD DE MÉXICO,TLALPAN,F,22,2020-03-13,Sospechoso,Francia,2020-03-17
660,MICHOACÁN,LA PIEDAD,F,63,2020-03-13,Sospechoso,Contacto,NA
661,GUANAJUATO,ACAMBARO,M,76,2020-03-22,Sospechoso,Estados Unidos,2020-03-12
662,MÉXICO,NAUCALPAN,F,40,2020-03-20,Sospechoso,Contacto,NA
663,JALISCO,CENTRO GUADALAJARA,M,37,2020-03-13,Sospechoso,Contacto,NA
664,SAN LUIS POTOSÍ,SAN LUIS POTOSI,M,44,2020-03-09,Sospechoso,Contacto,NA
665,CIUDAD DE MÉXICO,CUAUHTEMOC,M,37,2020-03-12,Sospechoso,España,2020-03-05
666,MÉXICO,TOLUCA,M,67,2020-03-17,Sospechoso,Contacto,NA
667,JALISCO,CENTRO GUADALAJARA,M,23,2020-03-17,Sospechoso,Estados Unidos,2020-03-18
668,YUCATÁN,MERIDA,F,60,2020-03-20,Sospechoso,Contacto,NA
669,MÉXICO,NAUCALPAN,M,48,2020-03-08,Sospechoso,Francia,2020-03-18
670,COAHUILA,PIEDRAS NEGRAS,F,34,2020-03-19,Sospechoso,Contacto,NA
671,YUCATÁN,MERIDA,M,28,2020-03-19,Sospechoso,Francia,2020-03-15
672,MÉXICO,TOLUCA,M,34,2020-03-08,Sospechoso,Estados Unidos,2020-03-08
673,YUCATÁN,MERIDA,F,30,2020-03-19,Sospechoso,Francia,2020-03-18
674,JALISCO,CENTRO ZAPOPAN,F,31,2020-03-13,Sospechoso,Estados Unidos,2020-02-27
675,GUANAJUATO,IRAPUATO,M,51,2020-03-20,Sospechoso,España,2020-03-15
676,YUCATÁN,MERIDA,F,40,2020-03-15,Sospechoso,Estados Unidos,2020-03-14
677,SAN LUIS POTOSÍ,SAN LUIS POTOSI,F,16,2020-03-21,Sospechoso,España,2020-03-16
678,MÉXICO,TOLUCA,F,34,2020-03-13,Sospechoso,España,2020-03-14
679,YUCATÁN,MERIDA,M,65,2020-03-19,Sospechoso,Contacto,NA
680,CIUDAD DE MÉXICO,BENITO JUAREZ,M,44,2020-03-18,Sospechoso,Contacto,NA
681,BAJA CALIFORNIA,ENSENADA,F,44,2020-03-13,Sospechoso,Estados Unidos,2020-03-11
682,QUINTANA ROO,JUAREZ,M,42,2020-03-21,Sospechoso,Estados Unidos,2020-03-19
683,PUEBLA,PUEBLA,M,21,2020-03-17,Sospechoso,Contacto,NA
684,YUCATÁN,MERIDA,F,40,2020-03-14,Sospechoso,Contacto,NA
685,YUCATÁN,MERIDA,F,40,2020-03-16,Sospechoso,Contacto,NA
686,JALISCO,TEPATITLAN,F,23,2020-03-16,Sospechoso,Contacto,NA
687,CIUDAD DE MÉXICO,BENITO JUAREZ,M,32,2020-03-22,Sospechoso,Contacto,NA
688,GUANAJUATO,IRAPUATO,M,25,2020-03-20,Sospechoso,España,2020-03-15
689,QUINTANA ROO,JUAREZ,F,40,2020-03-20,Sospechoso,Contacto,NA
690,BAJA CALIFORNIA,TIJUANA,M,33,2020-03-20,Sospechoso,Estados Unidos,2020-03-20
691,CIUDAD DE MÉXICO,TLALPAN,M,34,2020-03-11,Sospechoso,Contacto,NA
692,CIUDAD DE MÉXICO,COYOACAN,F,79,2020-03-18,Sospechoso,Contacto,NA
693,CIUDAD DE MÉXICO,TLALPAN,F,52,2020-03-18,Sospechoso,Contacto,NA
694,JALISCO,CENTRO GUADALAJARA,M,29,2020-03-17,Sospechoso,Contacto,NA
695,SONORA,CAJEME,F,22,2020-03-10,Sospechoso,Estados Unidos,2020-03-07
696,DURANGO,DURANGO,M,50,2020-03-19,Sospechoso,Contacto,NA
697,JALISCO,CENTRO TLAQUEPAQUE,M,44,2020-03-22,Sospechoso,Contacto,2020-03-18
698,SAN LUIS POTOSÍ,SAN LUIS POTOSI,M,42,2020-03-03,Sospechoso,Estados Unidos,2020-03-03
699,CIUDAD DE MÉXICO,BENITO JUAREZ,F,54,2020-03-18,Sospechoso,España,2020-03-15
700,QUINTANA ROO,JUAREZ,F,30,2020-03-17,Sospechoso,Estados Unidos,2020-03-17
701,JALISCO,CENTRO TONALA,F,50,2020-03-14,Sospechoso,Contacto,NA
702,JALISCO,LA BARCA,M,19,2020-03-20,Sospechoso,España,2020-03-02
703,CIUDAD DE MÉXICO,VENUSTIANO CARRANZA,F,29,2020-03-17,Sospechoso,Estados Unidos,2020-03-12
704,JALISCO,TEPATITLAN,M,23,2020-03-17,Sospechoso,Contacto,NA
705,QUINTANA ROO,JUAREZ,F,53,2020-03-20,Sospechoso,Contacto,NA
706,AGUASCALIENTES,AGUASCALIENTES,M,24,2020-03-15,Sospechoso,Estados Unidos,2020-03-11
707,BAJA CALIFORNIA,TIJUANA,M,93,2020-03-17,Sospechoso,Estados Unidos,2020-03-17
708,CIUDAD DE MÉXICO,CUAUHTEMOC,M,48,2020-03-17,Sospechoso,Contacto,NA
709,JALISCO,LA BARCA,M,28,2020-03-20,Sospechoso,Contacto,NA
710,CIUDAD DE MÉXICO,COYOACAN,F,36,2020-03-15,Sospechoso,Estados Unidos,2020-03-16
711,CIUDAD DE MÉXICO,TLALPAN,M,32,2020-03-18,Sospechoso,Contacto,NA
712,QUINTANA ROO,JUAREZ,M,44,2020-03-08,Sospechoso,Estados Unidos,2020-02-24
713,CIUDAD DE MÉXICO,CUAUHTEMOC,F,25,2020-03-16,Sospechoso,Contacto,NA
714,CIUDAD DE MÉXICO,TLALPAN,M,28,2020-03-14,Sospechoso,Contacto,NA
715,SONORA,HERMOSILLO,M,62,2020-03-19,Sospechoso,Estados Unidos,2020-03-05
716,ZACATECAS,ZACATECAS,F,41,2020-03-08,Sospechoso,Contacto,NA
717,AGUASCALIENTES,AGUASCALIENTES,M,47,2020-03-18,Sospechoso,Contacto,NA
718,SONORA,HERMOSILLO,F,21,2020-03-22,Sospechoso,España,2020-03-17
719,MÉXICO,ATIZAPAN DE ZARAGOZA,M,24,2020-03-18,Sospechoso,España,2020-03-14
720,MÉXICO,ECATEPEC,M,52,2020-03-13,Sospechoso,Contacto,NA
721,JALISCO,CENTRO GUADALAJARA,F,35,2020-03-21,Sospechoso,Estados Unidos,2020-03-13
722,CIUDAD DE MÉXICO,CUAUHTEMOC,M,60,2020-03-17,Sospechoso,Contacto,NA
723,CIUDAD DE MÉXICO,TLALPAN,M,31,2020-03-14,Sospechoso,España,2020-03-13
724,MÉXICO,TLANEPANTLA,F,47,2020-03-16,Sospechoso,Estados Unidos,2020-03-11
725,JALISCO,CENTRO TONALA,F,33,2020-03-12,Sospechoso,Contacto,NA
726,JALISCO,TEPATITLAN,F,71,2020-03-19,Sospechoso,Contacto,NA
727,CIUDAD DE MÉXICO,TLALPAN,M,46,2020-03-16,Sospechoso,Contacto,NA
728,MICHOACÁN,MORELIA,M,60,2020-03-20,Sospechoso,Estados Unidos,2020-03-14
729,CIUDAD DE MÉXICO,TLALPAN,M,50,2020-03-14,Sospechoso,Contacto,NA
730,SINALOA,IV,M,27,2020-03-18,Sospechoso,Estados Unidos,2020-03-19
731,CIUDAD DE MÉXICO,ALVARO OBREGON,F,55,2020-03-13,Sospechoso,Contacto,NA
732,CIUDAD DE MÉXICO,AZCAPOTZALCO,F,53,2020-03-10,Sospechoso,Francia,2020-03-18
733,QUINTANA ROO,JUAREZ,M,74,2020-03-18,Sospechoso,España,2020-03-19
734,CIUDAD DE MÉXICO,TLALPAN,F,36,2020-03-16,Sospechoso,Contacto,NA
735,GUANAJUATO,LEON DELTA,F,28,2020-03-20,Sospechoso,Contacto,2020-03-16
736,CAMPECHE,CAMPECHE,F,25,2020-03-22,Sospechoso,España,2020-03-16
737,JALISCO,TEPATITLAN,M,37,2020-03-18,Sospechoso,Contacto,NA
738,CIUDAD DE MÉXICO,ALVARO OBREGON,M,17,2020-03-15,Sospechoso,Contacto,NA
739,CIUDAD DE MÉXICO,TLALPAN,F,27,2020-03-14,Sospechoso,Contacto,NA
740,TAMAULIPAS,REYNOSA,F,23,2020-03-14,Sospechoso,Francia,2020-03-17
741,CIUDAD DE MÉXICO,TLALPAN,F,52,2020-03-17,Sospechoso,España,2020-03-16
742,JALISCO,CENTRO GUADALAJARA,F,23,2020-03-12,Sospechoso,España,2020-03-17
743,CIUDAD DE MÉXICO,TLALPAN,F,54,2020-03-19,Sospechoso,Contacto,NA
744,CIUDAD DE MÉXICO,TLALPAN,M,27,2020-03-18,Sospechoso,España,2020-03-14
745,SINALOA,IV,M,21,2020-03-19,Sospechoso,Estados Unidos,2020-03-20
746,CIUDAD DE MÉXICO,TLALPAN,M,36,2020-03-18,Sospechoso,Contacto,NA
747,MICHOACÁN,URUAPAN,F,42,2020-03-11,Sospechoso,Estados Unidos,2020-03-09
748,JALISCO,TEPATITLAN,M,35,2020-03-18,Sospechoso,España,2020-03-12
749,CIUDAD DE MÉXICO,TLALPAN,F,51,2020-03-17,Sospechoso,España,2020-03-18
750,CIUDAD DE MÉXICO,TLALPAN,M,32,2020-03-12,Sospechoso,Contacto,NA
751,CAMPECHE,CAMPECHE,M,25,2020-03-22,Sospechoso,Contacto,2020-03-10
752,SINALOA,IV,F,25,2020-03-20,Sospechoso,Contacto,2020-03-17
753,CIUDAD DE MÉXICO,TLALPAN,M,55,2020-03-10,Sospechoso,Estados Unidos,2020-03-12
754,MÉXICO,TLANEPANTLA,M,66,2020-03-21,Sospechoso,Estados Unidos,2020-03-14
755,CIUDAD DE MÉXICO,TLALPAN,M,42,2020-03-15,Sospechoso,Estados Unidos,2020-03-08
756,CIUDAD DE MÉXICO,TLALPAN,F,35,2020-03-18,Sospechoso,Contacto,NA
757,CIUDAD DE MÉXICO,XOCHIMILCO,M,44,2020-03-21,Sospechoso,Contacto,NA
758,CIUDAD DE MÉXICO,TLALPAN,M,38,2020-03-10,Sospechoso,Contacto,NA
759,CIUDAD DE MÉXICO,TLALPAN,M,26,2020-03-11,Sospechoso,España,2020-03-13
760,JALISCO,CENTRO GUADALAJARA,F,1,2020-03-17,Sospechoso,Estados Unidos,2020-03-06
761,TAMAULIPAS,REYNOSA,F,49,2020-03-21,Sospechoso,Estados Unidos,2020-03-15
762,BAJA CALIFORNIA,TIJUANA,F,0,2020-03-20,Sospechoso,Contacto,NA
763,JALISCO,CENTRO GUADALAJARA,F,50,2020-03-12,Sospechoso,España,2020-03-09
764,QUERÉTARO,QUERÉTARO,M,31,2020-03-22,Sospechoso,España,2020-03-18
765,COAHUILA,SALTILLO,F,25,2020-03-21,Sospechoso,Contacto,NA
766,HIDALGO,PACHUCA,F,28,2020-03-18,Sospechoso,Contacto,NA
767,JALISCO,CENTRO TLAQUEPAQUE,F,38,2020-03-20,Sospechoso,Contacto,2020-03-23
768,CIUDAD DE MÉXICO,TLALPAN,M,33,2020-03-17,Sospechoso,España,2020-03-17
769,BAJA CALIFORNIA,TIJUANA,M,93,2020-03-17,Sospechoso,Estados Unidos,2020-03-17
770,CIUDAD DE MÉXICO,MIGUEL HIDALGO,M,47,2020-03-17,Sospechoso,España,2020-03-14
771,JALISCO,CENTRO GUADALAJARA,M,33,2020-03-16,Sospechoso,España,2020-03-18
772,CIUDAD DE MÉXICO,TLALPAN,M,20,2020-03-16,Sospechoso,Contacto,2020-03-16
773,BAJA CALIFORNIA,ENSENADA,F,33,2020-03-18,Sospechoso,Estados Unidos,2020-03-14
774,JALISCO,CENTRO GUADALAJARA,F,32,2020-03-12,Sospechoso,Estados Unidos,2020-03-12
775,VERACRUZ,VERACRUZ,F,29,2020-03-12,Sospechoso,España,2020-03-15
776,CIUDAD DE MÉXICO,TLALPAN,F,29,2020-03-14,Sospechoso,Contacto,NA
777,HIDALGO,ZACUALTIPAN,F,28,2020-03-21,Sospechoso,Estados Unidos,2020-03-07
778,CHIHUAHUA,CHIHUAHUA,F,57,2020-03-18,Sospechoso,Contacto,NA
779,COAHUILA,SALTILLO,F,23,2020-03-22,Sospechoso,Contacto,NA
780,CIUDAD DE MÉXICO,TLALPAN,M,31,2020-03-16,Sospechoso,Contacto,NA
781,JALISCO,CENTRO GUADALAJARA,F,32,2020-03-16,Sospechoso,España,2020-03-18
782,BAJA CALIFORNIA,ENSENADA,F,23,2020-03-18,Sospechoso,Estados Unidos,2020-03-05
783,CIUDAD DE MÉXICO,BENITO JUAREZ,F,19,2020-03-21,Sospechoso,Contacto,NA
784,CIUDAD DE MÉXICO,TLALPAN,F,53,2020-03-15,Sospechoso,Contacto,NA
785,ZACATECAS,ZACATECAS,F,35,2020-03-12,Sospechoso,Contacto,NA
786,AGUASCALIENTES,AGUASCALIENTES,F,15,2020-03-08,Sospechoso,Francia,2020-03-13
787,CHIHUAHUA,CIUDAD JUAREZ,M,39,2020-03-14,Sospechoso,Estados Unidos,NA
788,CIUDAD DE MÉXICO,TLALPAN,M,49,2020-03-14,Sospechoso,Contacto,NA
789,BAJA CALIFORNIA,TIJUANA,F,22,2020-03-20,Sospechoso,Contacto,NA
790,BAJA CALIFORNIA,TIJUANA,M,29,2020-03-17,Sospechoso,Estados Unidos,2020-03-15
791,CIUDAD DE MÉXICO,ALVARO OBREGON,F,40,2020-03-06,Sospechoso,España,2020-03-08
792,CIUDAD DE MÉXICO,ALVARO OBREGON,F,50,2020-03-01,Sospechoso,Estados Unidos,2020-03-08
793,MÉXICO,XONACATLAN,F,47,2020-03-06,Sospechoso,Contacto,NA
794,JALISCO,CENTRO ZAPOPAN,F,33,2020-03-09,Sospechoso,Francia,2020-03-08
795,MÉXICO,TOLUCA,M,43,2020-03-02,Sospechoso,Estados Unidos,2020-02-26
796,QUERÉTARO,QUERÉTARO,M,36,2020-03-07,Sospechoso,Estados Unidos,2020-03-08
797,NUEVO LEÓN,SANTA CATARINA,F,27,2020-03-09,Sospechoso,Italia,2020-03-07
798,MÉXICO,ECATEPEC,M,29,2020-03-07,Sospechoso,España,2020-02-29
799,CIUDAD DE MÉXICO,VENUSTIANO CARRANZA,F,23,2020-03-09,Sospechoso,España,2020-03-07
800,YUCATÁN,MERIDA,M,38,2020-03-08,Sospechoso,España,2020-03-04
801,CIUDAD DE MÉXICO,BENITO JUAREZ,M,59,2020-02-19,Sospechoso,Italia,2020-02-28
802,BAJA CALIFORNIA,MEXICALI,M,30,2020-02-13,Sospechoso,Estados Unidos,2020-03-05
803,PUEBLA,PUEBLA,M,26,2020-03-12,Sospechoso,Contacto,NA
804,COAHUILA,TORREON,M,61,2020-03-11,Sospechoso,Estados Unidos,2020-03-07
805,CIUDAD DE MÉXICO,CUAUHTEMOC,M,35,2020-02-10,Sospechoso,Contacto,NA
806,CIUDAD DE MÉXICO,AZCAPOTZALCO,F,55,2020-03-11,Sospechoso,España,2020-02-29
807,BAJA CALIFORNIA,TIJUANA,M,50,2020-03-12,Sospechoso,Estados Unidos,2020-03-10
808,AGUASCALIENTES,AGUASCALIENTES,M,56,2020-03-09,Sospechoso,Estados Unidos,2020-03-14
809,CIUDAD DE MÉXICO,CUAUHTEMOC,F,25,2020-03-12,Sospechoso,Alemania,2020-03-09
810,JALISCO,CENTRO GUADALAJARA,F,20,2020-03-02,Sospechoso,Francia,2020-03-08
811,MÉXICO,XONACATLAN,M,61,2020-03-08,Sospechoso,España,2020-03-08
812,MÉXICO,XONACATLAN,M,21,2020-03-07,Sospechoso,España,2020-03-13
813,MÉXICO,XONACATLAN,F,23,2020-03-07,Sospechoso,España,2020-03-13
814,CIUDAD DE MÉXICO,MIGUEL HIDALGO,M,13,2020-03-13,Sospechoso,España,2020-03-13
815,MÉXICO,XONACATLAN,M,55,2020-03-09,Sospechoso,Estados Unidos,2020-03-09
816,CIUDAD DE MÉXICO,MIGUEL HIDALGO,M,37,2020-03-10,Sospechoso,Contacto,NA
817,MÉXICO,XONACATLAN,M,31,2020-03-13,Sospechoso,España,2020-03-13
818,MÉXICO,XONACATLAN,M,54,2020-03-13,Sospechoso,España,2020-03-13
819,GUERRERO,ACAPULCO,F,62,2020-03-14,Sospechoso,Francia,2020-03-02
820,BAJA CALIFORNIA,TIJUANA,M,54,2020-03-13,Sospechoso,Estados Unidos,2020-03-12
821,BAJA CALIFORNIA,TIJUANA,M,33,2020-03-10,Sospechoso,Estados Unidos,2020-03-08
822,CIUDAD DE MÉXICO,CUAUHTEMOC,M,35,2020-03-08,Sospechoso,Contacto,2020-03-01
823,CIUDAD DE MÉXICO,CUAUHTEMOC,F,33,2020-03-14,Sospechoso,Contacto,2020-03-14
824,CIUDAD DE MÉXICO,MIGUEL HIDALGO,M,37,2020-03-14,Sospechoso,Contacto,NA
825,GUERRERO,ZONA NORTE,M,32,2020-03-16,Sospechoso,Estados Unidos,2020-03-01
826,CIUDAD DE MÉXICO,MIGUEL HIDALGO,M,40,2020-03-09,Sospechoso,Italia,2020-03-08
