Número_caso,Estado,Sexo,Edad,Fecha_síntomas,Situación,País_fuente,Fecha_regreso
1,CIUDAD DE MÉXICO,F,2,2020-02-29,Sospechoso,Contacto,NA
2,CIUDAD DE MÉXICO,M,32,2020-02-16,Sospechoso,Contacto,NA
3,MÉXICO,F,20,2020-02-26,Sospechoso,Italia,2020-02-24
4,CIUDAD DE MÉXICO,M,48,2020-02-29,Sospechoso,Estados Unidos,2020-02-23
5,CIUDAD DE MÉXICO,M,45,2020-02-29,Sospechoso,Italia,2020-03-04
6,QUINTANA ROO,F,52,2020-03-08,Sospechoso,España,2020-03-09
7,MÉXICO,F,32,2020-02-26,Sospechoso,Alemania,2020-02-28
8,CIUDAD DE MÉXICO,F,40,2020-03-06,Sospechoso,España,2020-03-08
9,CIUDAD DE MÉXICO,F,50,2020-03-01,Sospechoso,Estados Unidos,2020-03-08
10,MÉXICO,F,47,2020-03-06,Sospechoso,Contacto,NA
11,CIUDAD DE MÉXICO,F,29,2020-02-27,Sospechoso,España,2020-02-14
12,CIUDAD DE MÉXICO,F,25,2020-03-04,Sospechoso,Italia,2020-03-01
13,NUEVO LEÓN,M,13,2020-03-09,Sospechoso,España,2020-03-09
14,CIUDAD DE MÉXICO,M,26,2020-02-29,Sospechoso,Japón,2020-02-17
15,CIUDAD DE MÉXICO,F,22,2020-03-01,Sospechoso,Contacto,NA
16,CIUDAD DE MÉXICO,F,21,2020-03-04,Sospechoso,Alemania,2020-03-03
17,CIUDAD DE MÉXICO,F,23,2020-03-06,Sospechoso,Italia,2020-03-06
18,CIUDAD DE MÉXICO,M,27,2020-03-04,Sospechoso,Italia,2020-02-29
19,GUANAJUATO,M,8,2020-03-10,Sospechoso,Contacto,NA
20,GUANAJUATO,M,46,2020-03-09,Sospechoso,Contacto,NA
21,VERACRUZ,M,25,2020-03-10,Sospechoso,Estados Unidos,2020-02-29
22,JALISCO,F,33,2020-03-09,Sospechoso,Francia,2020-03-08
23,MÉXICO,M,43,2020-03-02,Sospechoso,Estados Unidos,2020-02-26
24,MÉXICO,F,33,2020-03-10,Sospechoso,Italia,2020-02-29
25,MÉXICO,M,44,2020-03-01,Sospechoso,España,2020-03-03
26,MÉXICO,M,34,2020-03-05,Sospechoso,Estados Unidos,2020-03-01
27,MÉXICO,M,43,2020-03-10,Sospechoso,Contacto,NA
28,QUERÉTARO,M,36,2020-03-07,Sospechoso,Estados Unidos,2020-03-08
29,QUERÉTARO,F,36,2020-03-05,Sospechoso,Francia,2020-03-07
30,CIUDAD DE MÉXICO,M,53,2020-03-09,Sospechoso,España,2020-03-09
31,NUEVO LEÓN,F,27,2020-03-09,Sospechoso,Italia,2020-03-07
32,MÉXICO,M,29,2020-03-07,Sospechoso,España,2020-02-29
33,CIUDAD DE MÉXICO,F,35,2020-03-09,Sospechoso,Alemania,2020-03-11
34,CIUDAD DE MÉXICO,F,23,2020-03-09,Sospechoso,España,2020-03-07
35,YUCATÁN,M,38,2020-03-08,Sospechoso,España,2020-03-04
36,QUERÉTARO,M,44,2020-03-06,Sospechoso,Alemania,2020-03-12
37,BAJA CALIFORNIA,M,75,2020-03-11,Sospechoso,Estados Unidos,2020-03-10
38,BAJA CALIFORNIA,M,34,2020-02-29,Sospechoso,Francia,2020-03-01
39,QUERÉTARO,F,33,2020-03-10,Sospechoso,Estados Unidos,2020-03-06
40,QUERÉTARO,M,31,2020-03-10,Sospechoso,Estados Unidos,2020-03-06
41,BAJA CALIFORNIA,M,60,2020-03-08,Sospechoso,Estados Unidos,2020-03-06
42,CIUDAD DE MÉXICO,M,30,2020-02-29,Sospechoso,España,2020-03-05
43,BAJA CALIFORNIA,M,24,2020-03-11,Sospechoso,Estados Unidos,2020-03-09
44,CIUDAD DE MÉXICO,M,27,2020-03-11,Sospechoso,Francia,2020-03-02
45,CIUDAD DE MÉXICO,M,59,2020-02-19,Sospechoso,Italia,2020-02-28
46,CHIAPAS,F,34,2020-03-07,Sospechoso,Francia,2020-03-03
47,CIUDAD DE MÉXICO,F,37,2020-03-03,Sospechoso,Estados Unidos,2020-03-01
48,CIUDAD DE MÉXICO,F,53,2020-03-06,Sospechoso,España,2020-03-09
49,CIUDAD DE MÉXICO,M,26,2020-03-10,Sospechoso,Contacto,NA
50,CIUDAD DE MÉXICO,M,22,2020-03-12,Sospechoso,Contacto,2020-03-13
51,QUERÉTARO,F,72,2020-03-13,Sospechoso,Contacto,NA
52,CIUDAD DE MÉXICO,F,57,2020-03-10,Sospechoso,Contacto,NA
53,BAJA CALIFORNIA,F,32,2020-03-08,Sospechoso,Estados Unidos,2020-03-08
54,CIUDAD DE MÉXICO,F,27,2020-02-04,Sospechoso,Estados Unidos,2020-02-29
55,GUERRERO,F,36,2020-03-10,Sospechoso,España,2020-03-10
56,CIUDAD DE MÉXICO,M,34,2020-03-11,Sospechoso,Estados Unidos,2020-02-28
57,BAJA CALIFORNIA,F,32,2020-03-10,Sospechoso,Estados Unidos,2020-03-03
58,VERACRUZ,M,48,2020-03-11,Sospechoso,España,2020-02-28
59,BAJA CALIFORNIA,F,69,2020-03-09,Sospechoso,Estados Unidos,2020-03-06
60,CIUDAD DE MÉXICO,M,39,2020-03-08,Sospechoso,Estados Unidos,2020-03-08
61,BAJA CALIFORNIA,M,30,2020-02-13,Sospechoso,Estados Unidos,2020-03-05
62,BAJA CALIFORNIA SUR,F,36,2020-03-10,Sospechoso,Estados Unidos,2020-03-10
63,CIUDAD DE MÉXICO,M,27,2020-03-08,Sospechoso,Estados Unidos,2020-03-08
64,CIUDAD DE MÉXICO,F,26,2020-03-08,Sospechoso,Estados Unidos,2020-03-08
65,VERACRUZ,F,28,2020-03-12,Sospechoso,Estados Unidos,2020-03-12
66,BAJA CALIFORNIA SUR,F,33,2020-03-09,Sospechoso,Estados Unidos,2020-03-04
67,VERACRUZ,M,35,2020-03-12,Sospechoso,Estados Unidos,2020-03-12
68,BAJA CALIFORNIA SUR,F,50,2020-03-11,Sospechoso,Estados Unidos,2020-03-09
69,GUERRERO,M,66,2020-03-12,Sospechoso,Contacto,NA
70,BAJA CALIFORNIA SUR,M,47,2020-03-11,Sospechoso,Estados Unidos,2020-03-09
71,GUERRERO,M,32,2020-03-12,Sospechoso,Contacto,NA
72,GUERRERO,M,0,2020-03-13,Sospechoso,Contacto,NA
73,GUERRERO,F,65,2020-03-13,Sospechoso,Contacto,NA
74,DURANGO,M,32,2020-03-11,Sospechoso,Alemania,2020-03-11
75,QUINTANA ROO,F,23,2020-03-10,Sospechoso,España,2020-03-09
76,DURANGO,M,38,2020-03-05,Sospechoso,Contacto,2020-03-05
77,DURANGO,F,35,2020-03-11,Sospechoso,Alemania,2020-03-11
78,JALISCO,F,29,2020-03-06,Sospechoso,España,2020-03-11
79,OAXACA,F,27,2020-03-11,Sospechoso,Estados Unidos,2020-03-11
80,GUANAJUATO,F,26,2020-03-04,Sospechoso,Estados Unidos,2020-03-07
81,OAXACA,M,27,2020-03-06,Sospechoso,Estados Unidos,2020-03-11
82,JALISCO,M,30,2020-03-12,Sospechoso,España,2020-03-08
83,JALISCO,F,28,2020-03-09,Sospechoso,Estados Unidos,2020-03-08
84,CIUDAD DE MÉXICO,F,59,2020-03-11,Sospechoso,España,2020-03-08
85,GUANAJUATO,F,40,2020-03-10,Sospechoso,España,2020-03-06
86,CIUDAD DE MÉXICO,F,51,2020-03-09,Sospechoso,España,2020-03-08
87,GUERRERO,F,22,2020-03-09,Sospechoso,España,2020-03-12
88,GUANAJUATO,F,29,2020-03-12,Sospechoso,España,2020-03-01
89,GUANAJUATO,M,28,2020-03-11,Sospechoso,Estados Unidos,2020-02-27
90,GUANAJUATO,M,40,2020-03-12,Sospechoso,Estados Unidos,2020-03-11
91,JALISCO,F,25,2020-03-02,Sospechoso,Francia,2020-03-08
92,PUEBLA,M,26,2020-03-12,Sospechoso,Contacto,NA
93,GUANAJUATO,M,57,2020-03-13,Sospechoso,Italia,2020-03-06
94,COAHUILA,M,61,2020-03-11,Sospechoso,Estados Unidos,2020-03-07
95,CIUDAD DE MÉXICO,M,32,2020-03-11,Sospechoso,Estados Unidos,2020-02-03
96,JALISCO,F,28,2020-03-11,Sospechoso,Estados Unidos,2020-03-08
97,GUANAJUATO,F,28,2020-03-09,Sospechoso,España,2020-03-12
98,GUANAJUATO,M,39,2020-03-12,Sospechoso,Alemania,2020-03-10
99,CIUDAD DE MÉXICO,M,22,2020-03-10,Sospechoso,Estados Unidos,2020-03-06
100,GUANAJUATO,F,34,2020-03-07,Sospechoso,Estados Unidos,2020-03-08
101,CIUDAD DE MÉXICO,M,28,2020-03-10,Sospechoso,Estados Unidos,2020-03-04
102,NUEVO LEÓN,F,38,2020-03-11,Sospechoso,Contacto,NA
103,NUEVO LEÓN,F,58,2020-03-01,Sospechoso,España,2020-02-26
104,GUANAJUATO,M,33,2020-03-08,Sospechoso,Estados Unidos,2020-03-12
105,NUEVO LEÓN,M,26,2020-03-12,Sospechoso,España,2020-03-11
106,NUEVO LEÓN,F,31,2020-03-09,Sospechoso,España,2020-03-11
107,NUEVO LEÓN,M,33,2020-03-08,Sospechoso,Francia,2020-03-02
108,NUEVO LEÓN,M,33,2020-03-09,Sospechoso,España,2020-03-11
109,NUEVO LEÓN,F,47,2020-03-09,Sospechoso,Francia,2020-03-09
110,VERACRUZ,F,49,2020-03-11,Sospechoso,España,2020-03-13
111,NUEVO LEÓN,F,27,2020-03-09,Sospechoso,Estados Unidos,2020-03-09
112,NUEVO LEÓN,M,72,2020-03-11,Sospechoso,Estados Unidos,2020-03-10
113,DURANGO,M,32,2020-03-11,Sospechoso,Alemania,2020-03-11
114,NUEVO LEÓN,M,49,2020-03-04,Sospechoso,Estados Unidos,2020-03-04
115,VERACRUZ,F,47,2020-03-12,Sospechoso,España,2020-03-12
116,NUEVO LEÓN,F,41,2020-03-10,Sospechoso,Estados Unidos,2020-03-05
117,NUEVO LEÓN,F,21,2020-03-11,Sospechoso,Francia,2020-03-11
118,VERACRUZ,F,51,2020-03-10,Sospechoso,España,2020-03-12
119,NUEVO LEÓN,F,22,2020-03-10,Sospechoso,Francia,2020-03-07
120,NUEVO LEÓN,F,65,2020-03-03,Sospechoso,Francia,2020-02-11
121,NUEVO LEÓN,F,25,2020-03-09,Sospechoso,Estados Unidos,2020-03-12
122,DURANGO,F,35,2020-03-11,Sospechoso,Alemania,2020-03-11
123,QUERÉTARO,F,53,2020-03-01,Sospechoso,España,2020-03-08
124,TLAXCALA,M,34,2020-03-10,Sospechoso,España,2020-03-12
125,NUEVO LEÓN,M,53,2020-02-15,Sospechoso,España,2020-02-24
126,NUEVO LEÓN,F,27,2020-03-04,Sospechoso,Estados Unidos,2020-03-01
127,NUEVO LEÓN,M,24,2020-03-11,Sospechoso,Contacto,NA
128,NUEVO LEÓN,F,29,2020-03-10,Sospechoso,Estados Unidos,2020-03-09
129,CHIHUAHUA,M,21,2020-03-12,Sospechoso,Alemania,2020-03-12
130,QUERÉTARO,M,30,2020-03-13,Sospechoso,España,2020-03-05
131,COAHUILA,M,41,2020-03-07,Sospechoso,España,2020-03-02
132,COAHUILA,F,47,2020-03-08,Sospechoso,Contacto,NA
133,QUERÉTARO,M,38,2020-03-12,Sospechoso,Estados Unidos,2020-03-13
134,AGUASCALIENTES,M,27,2020-03-09,Sospechoso,España,2020-03-11
135,CIUDAD DE MÉXICO,F,60,2020-03-08,Sospechoso,España,2020-03-01
136,CIUDAD DE MÉXICO,M,34,2020-03-12,Sospechoso,Francia,2020-03-05
137,CIUDAD DE MÉXICO,M,31,2020-03-10,Sospechoso,Contacto,NA
138,DURANGO,F,38,2020-03-09,Sospechoso,España,2020-03-12
139,DURANGO,F,60,2020-03-11,Sospechoso,Alemania,2020-03-11
140,CIUDAD DE MÉXICO,F,50,2020-03-09,Sospechoso,Contacto,NA
141,CIUDAD DE MÉXICO,M,35,2020-03-04,Sospechoso,Estados Unidos,2020-02-27
142,CIUDAD DE MÉXICO,M,81,2020-03-08,Sospechoso,Estados Unidos,2020-03-07
143,CIUDAD DE MÉXICO,M,35,2020-02-10,Sospechoso,Contacto,NA
144,QUINTANA ROO,F,50,2020-03-08,Sospechoso,España,2020-03-11
145,CIUDAD DE MÉXICO,F,17,2020-03-03,Sospechoso,Contacto,NA
146,CHIAPAS,F,26,2020-03-09,Sospechoso,Contacto,2020-03-07
147,QUINTANA ROO,F,19,2020-03-13,Sospechoso,España,2020-03-11
148,CHIAPAS,F,53,2020-03-12,Sospechoso,Contacto,NA
149,QUINTANA ROO,M,44,2020-03-11,Sospechoso,Contacto,NA
150,CHIAPAS,M,28,2020-03-12,Sospechoso,Estados Unidos,2020-03-09
151,AGUASCALIENTES,F,56,2020-03-05,Sospechoso,Estados Unidos,2020-03-06
152,QUINTANA ROO,F,53,2020-03-10,Sospechoso,Contacto,NA
153,QUINTANA ROO,F,80,2020-03-13,Sospechoso,Contacto,NA
154,SINALOA,M,41,2020-03-08,Sospechoso,Estados Unidos,2020-03-12
155,SINALOA,F,38,2020-03-09,Sospechoso,Estados Unidos,2020-03-12
156,JALISCO,M,27,2020-03-11,Sospechoso,Alemania,2020-03-08
157,VERACRUZ,F,24,2020-03-13,Sospechoso,Contacto,NA
158,SINALOA,F,36,2020-03-09,Sospechoso,Estados Unidos,2020-03-10
159,COAHUILA,F,35,2020-03-09,Sospechoso,Estados Unidos,2020-03-12
160,COAHUILA,M,35,2020-03-11,Sospechoso,Estados Unidos,2020-03-12
161,COLIMA,F,34,2020-03-12,Sospechoso,Estados Unidos,2020-03-11
162,MÉXICO,F,49,2020-03-13,Sospechoso,España,2020-03-13
163,QUERÉTARO,M,50,2020-03-10,Sospechoso,España,2020-03-10
164,JALISCO,M,39,2020-03-13,Sospechoso,Alemania,2020-03-08
165,QUERÉTARO,F,45,2020-03-13,Sospechoso,España,2020-03-10
166,JALISCO,M,29,2020-03-07,Sospechoso,Estados Unidos,2020-03-07
167,SAN LUIS POTOSÍ,F,31,2020-03-12,Sospechoso,Francia,2020-02-29
168,BAJA CALIFORNIA,M,37,2020-03-10,Sospechoso,Contacto,NA
169,GUANAJUATO,M,44,2020-03-13,Sospechoso,Alemania,2020-03-04
170,MÉXICO,M,27,2020-03-13,Sospechoso,Contacto,NA
171,PUEBLA,M,32,2020-03-11,Sospechoso,Estados Unidos,2020-03-07
172,MÉXICO,F,47,2020-03-05,Sospechoso,Estados Unidos,2020-02-29
173,BAJA CALIFORNIA,F,68,2020-03-10,Sospechoso,Estados Unidos,2020-03-07
174,SAN LUIS POTOSÍ,F,58,2020-03-12,Sospechoso,Contacto,NA
175,MÉXICO,F,59,2020-03-07,Sospechoso,Francia,2020-03-08
176,SAN LUIS POTOSÍ,M,26,2020-03-14,Sospechoso,Italia,2020-03-05
